# Resource object code (Python 3)
# Created by: object code
# Created by: The Resource Compiler for Qt version 6.7.0
# WARNING! All changes made in this file will be lost!

from PySide6 import QtCore

qt_resource_data = b"\
\x00\x00\xda7\
\x89\
PNG\x0d\x0a\x1a\x0a\x00\x00\x00\x0dIHDR\x00\
\x00\x04\xb2\x00\x00\x04\xb2\x08\x06\x00\x00\x00\xa2\x1c\xc2\xf9\
\x00\x00\x00\xb7zTXtRaw prof\
ile type exif\x00\x00x\
\xda]P[\x12\xc3 \x08\xfc\xe7\x14=\x82\xb0h\xf0\
8\xa613\xbdA\x8f_|\xb5IwF\x16X]\
T\xaa\xef\xd7I\x8f\x066%\x8d\x9b\xa5\x9cRph\
\xd6,\xc5\x13\x0b\x03\xb9G\x0e\xdac\xc7.\xbdj\xf5\
\xadO_A\xbc\x05g\x0ca+\x83y\xf5\xe7\x81\xc5\
\x5c<\x8b\x17\xa35\x9c\xf7\xbb`S\x10\xfb3\x9a\x83\
\xd0n$\x9e\x1c\xd3(/]\x86\xc0:_U\xc3\x1d\
\xf6[\xe7S\xfa\xb1\xb8\x0f\xa9\xd5tm\xe8\xe6\xbft\
D\xf7\x83H\x05#x\x04\xd2\x18\x84\xb6\x14\xc5\x19#\
\xfa>\x86\xf5\x9c\xc9\x09p\x7f\xfa\x00\xd6\x11N6\x95\
\xa5\xde\x15\x00\x00\x0dviTXtXML:c\
om.adobe.xmp\x00\x00\x00\x00\
\x00<?xpacket begin\
=\x22\xef\xbb\xbf\x22 id=\x22W5M0M\
pCehiHzreSzNTczk\
c9d\x22?>\x0a<x:xmpmet\
a xmlns:x=\x22adobe\
:ns:meta/\x22 x:xmp\
tk=\x22XMP Core 4.4\
.0-Exiv2\x22>\x0a <rdf\
:RDF xmlns:rdf=\x22\
http://www.w3.or\
g/1999/02/22-rdf\
-syntax-ns#\x22>\x0a  \
<rdf:Description\
 rdf:about=\x22\x22\x0a  \
  xmlns:xmpMM=\x22h\
ttp://ns.adobe.c\
om/xap/1.0/mm/\x22\x0a\
    xmlns:stEvt=\
\x22http://ns.adobe\
.com/xap/1.0/sTy\
pe/ResourceEvent\
#\x22\x0a    xmlns:dc=\
\x22http://purl.org\
/dc/elements/1.1\
/\x22\x0a    xmlns:GIM\
P=\x22http://www.gi\
mp.org/xmp/\x22\x0a   \
 xmlns:tiff=\x22htt\
p://ns.adobe.com\
/tiff/1.0/\x22\x0a    \
xmlns:xmp=\x22http:\
//ns.adobe.com/x\
ap/1.0/\x22\x0a   xmpM\
M:DocumentID=\x22gi\
mp:docid:gimp:b1\
587f3d-885e-46ac\
-bd01-5c5f2da4b3\
22\x22\x0a   xmpMM:Ins\
tanceID=\x22xmp.iid\
:245dbb56-fe9e-4\
88a-b1d1-9a725fb\
f129d\x22\x0a   xmpMM:\
OriginalDocument\
ID=\x22xmp.did:5fed\
e6fc-d08d-4ade-9\
ca2-a5feb9c07b48\
\x22\x0a   dc:Format=\x22\
image/png\x22\x0a   GI\
MP:API=\x222.0\x22\x0a   \
GIMP:Platform=\x22W\
indows\x22\x0a   GIMP:\
TimeStamp=\x2217094\
81730479233\x22\x0a   \
GIMP:Version=\x222.\
10.36\x22\x0a   tiff:O\
rientation=\x221\x22\x0a \
  xmp:CreatorToo\
l=\x22GIMP 2.10\x22\x0a  \
 xmp:MetadataDat\
e=\x222024:03:03T18\
:01:39+02:00\x22\x0a  \
 xmp:ModifyDate=\
\x222024:03:03T18:0\
1:39+02:00\x22>\x0a   \
<xmpMM:History>\x0a\
    <rdf:Seq>\x0a  \
   <rdf:li\x0a     \
 stEvt:action=\x22s\
aved\x22\x0a      stEv\
t:changed=\x22/\x22\x0a  \
    stEvt:instan\
ceID=\x22xmp.iid:b3\
13329c-7880-4019\
-b730-fc25d05620\
ee\x22\x0a      stEvt:\
softwareAgent=\x22G\
imp 2.10 (Window\
s)\x22\x0a      stEvt:\
when=\x222024-03-03\
T18:02:10\x22/>\x0a   \
 </rdf:Seq>\x0a   <\
/xmpMM:History>\x0a\
  </rdf:Descript\
ion>\x0a </rdf:RDF>\
\x0a</x:xmpmeta>\x0a  \
                \
                \
                \
                \
                \
                \
  \x0a             \
                \
                \
                \
                \
                \
       \x0a        \
                \
                \
                \
                \
                \
            \x0a   \
                \
                \
                \
                \
                \
                \
 \x0a              \
                \
                \
                \
                \
                \
      \x0a         \
                \
                \
                \
                \
                \
           \x0a    \
                \
                \
                \
                \
                \
                \
\x0a               \
                \
                \
                \
                \
                \
     \x0a          \
                \
                \
                \
                \
                \
          \x0a     \
                \
                \
                \
                \
                \
               \x0a\
                \
                \
                \
                \
                \
                \
    \x0a           \
                \
                \
                \
                \
                \
         \x0a      \
                \
                \
                \
                \
                \
              \x0a \
                \
                \
                \
                \
                \
                \
   \x0a            \
                \
                \
                \
                \
                \
        \x0a       \
                \
                \
                \
                \
                \
             \x0a  \
                \
                \
                \
                \
                \
                \
  \x0a             \
                \
                \
                \
                \
                \
       \x0a        \
                \
                \
                \
                \
                \
            \x0a   \
                \
                \
                \
                \
                \
                \
 \x0a              \
             \x0a<?\
xpacket end=\x22w\x22?\
>\x0fn\xe4\xdd\x00\x00\x00\x06bKGD\x00\xff\x00\
\xff\x00\xff\xa0\xbd\xa7\x93\x00\x00\x00\x09pHYs\x00\
\x00.#\x00\x00.#\x01x\xa5?v\x00\x00\x00\x07\
tIME\x07\xe8\x03\x03\x10\x02\x0a\xad\x13\xce\x9d\x00\
\x00 \x00IDATx\xda\xec\xdd[\x8c]\xe7Y\
7\xf0g\x1f\xe6|\xdas\xf2\x8c\xc7\x13{f|\xb6\
c;\xf1)vj\x938\x07\xc7im\xa7i\x9b\x82\
(R\x93\xa8-\x84\x8a\xa6\xa5\x0a\xad\x22\x10\x84\x83\xda\
\xaa\x08\xc4\xf1\xf6C\xa2\x88\x1b$\xa8\xc4\x05\x12 \x10\
\xdc\xf5\xbbA*w \xa0-H\x09 EU[Z\
\xb5\x8a\xf7wa&\x9f\xe3\xda\x9e}\x9e\xf5\xbe\xeb\xf7\
\x93\xa2z\xf6\xec\xb5\xf7\xf4}\x9f\xb5\xf6~\xfe\xfb]\
kW\xce\x9e=\xfbpD\x8c\x07\x00\x00\x00\x00\x14\xd4\
\x8d\x1b7\xfeo\xbdR\xa9\xfc\x9fJ\xa5r\xc0p\x00\
\x00\x00\x00P`\xef\xaa\x1a\x03\x00\x00\x00\x00R \xc8\
\x02\x00\x00\x00 \x09\xf5\xdbo\x98\x99\x99\x89\x91\x91\x11\
#\x03\x00\x00\x00\xc0\xb6\xf9\xaf\xff\xfa\xafh6\x9b\xef\
\xb8\xed\x87\x82\xac\xcf~\xf6\xb3\xf1\xc8#\x8f\x18-\x00\
\x00\x00\x00\xb6\xcd\x93O>\x19\xdf\xf9\xcew\xdeq\x9b\
S\x0b\x01\x00\x00\x00H\x82 \x0b\x00\x00\x00\x80$\x08\
\xb2\x00\x00\x00\x00H\x82 \x0b\x00\x00\x00\x80$\x08\xb2\
\x00\x00\x00\x00H\x82 \x0b\x00\x00\x00\x80$\x08\xb2\x00\
\x00\x00\x00H\x82 \x0b\x00\x00\x00\x80$\x08\xb2\x00\x00\
\x00\x00H\x82 \x0b\x00\x00\x00\x80$\x08\xb2\x00\x00\x00\
\x00H\x82 \x0b\x00\x00\x00\x80$\x08\xb2\x00\x00\x00\x00\
H\x82 \x0b\x00\x00\x00\x80$\x08\xb2\x00\x00\x00\x00H\
\x82 \x0b\x00\x00\x00\x80$\x08\xb2\x00\x00\x00\x00H\x82\
 \x0b\x00\x00\x00\x80$\xd4\xfb\xf9\xe0\xdf\xfd\xeew\xe3\
\x0f\xff\xf0\x0f\x8d2\x00\x00\x00@\xe6\x1ez\xe8\xa18\
q\xe2D_\x9f\xa3\xafA\xd6\xf7\xbe\xf7\xbd\xf8\x83?\
\xf8\x033\x09\x00\x00\x00\x90\xb9\x89\x89\x89\xbe\x07YN\
-\x04\x00\x00\x00 \x09\x82,\x00\x00\x00\x00\x92 \xc8\
\x02\x00\x00\x00 \x09\x82,\x00\x00\x00\x00\x92 \xc8\x02\
\x00\x00\x00 \x09\x82,\x00\x00\x00\x00\x92 \xc8\x02\x00\
\x00\x00 \x09\x82,\x00\x00\x00\x00\x92 \xc8\x02\x00\x00\
\x00 \x09\x82,\x00\x00\x00\x00\x92 \xc8\x02\x00\x00\x00\
 \x09\x82,\x00\x00\x00\x00\x92 \xc8\x02\x00\x00\x00 \
\x09\x82,\x00\x00\x00\x00\x92 \xc8\x02\x00\x00\x00 \x09\
\x82,\x00\x00\x00\x00\x92 \xc8\x02\x00\x00\x00 \x09\x82\
,\x00\x00\x00\x00\x92 \xc8\x02\x00\x00\x00 \x09\x82,\
\x00\x00\x00\x00\x92 \xc8\x02\x00\x00\x00 \x09\x82,\x00\
\x00\x00\x00\x92 \xc8\x02\x00\x00\x00 \x09\x82,\x00\x00\
\x00\x00\x92 \xc8\x02\x00\x00\x00 \x09\x82,\x00\x00\x00\
\x00\x92 \xc8\x02\x00\x00\x00 \x09\x82,\x00\x00\x00\x00\
\x92 \xc8\x02\x00\x00\x00 \x09\x82,\x00\x00\x00\x00\x92\
 \xc8\x02\x00\x00\x00 \x09\x82,\x00\x00\x00\x00\x92 \
\xc8\x02\x00\x00\x00 \x09\x82,\x00\x00\x00\x00\x92 \xc8\
\x02\x00\x00\x00 \x09\x82,\x00\x00\x00\x00\x92 \xc8\x02\
\x00\x00\x00 \x09\x82,\x00\x00\x00\x00\x92 \xc8\x02\x00\
\x00\x00 \x09\x82,\x00\x00\x00\x00\x92 \xc8\x02\x00\x00\
\x00 \x09\x82,\x00\x00\x00\x00\x92 \xc8\x02\x00\x00\x00\
 \x09\x82,\x00\x00\x00\x00\x92 \xc8\x02\x00\x00\x00 \
\x09\x82,\x00\x00\x00\x00\x92 \xc8\x02\x00\x00\x00 \x09\
\x82,\x00\x00\x00\x00\x92 \xc8\x02\x00\x00\x00 \x09\x82\
,\x00\x00\x00\x00\x92 \xc8\x02\x00\x00\x00 \x09\x82,\
\x00\x00\x00\x00\x92 \xc8\x02\x00\x00\x00 \x09\x82,\x00\
\x00\x00\x00\x92 \xc8\x02\x00\x00\x00 \x09\x82,\x00\x00\
\x00\x00\x92 \xc8\x02\x00\x00\x00 \x09\x82,\x00\x00\x00\
\x00\x92 \xc8\x02\x00\x00\x00 \x09\x82,\x00\x00\x00\x00\
\x92 \xc8\x02\x00\x00\x00 \x09\x82,\x00\x00\x00\x00\x92\
 \xc8\x02\x00\x00\x00 \x09\x82,\x00\x00\x00\x00\x92 \
\xc8\x02\x00\x00\x00 \x09\x82,\x00\x00\x00\x00\x92 \xc8\
\x02\x00\x00\x00 \x09\x82,\x00\x00\x00\x00\x92 \xc8\x02\
\x00\x00\x00 \x09\x82,\x00\x00\x00\x00\x92 \xc8\x02\x00\
\x00\x00 \x09\x82,\x00\x00\x00\x00\x92 \xc8\x02\x00\x00\
\x00 \x09\x82,\x00\x00\x00\x00\x92 \xc8\x02\x00\x00\x00\
 \x09\x82,\x00\x00\x00\x00\x92 \xc8\x02\x00\x00\x00 \
\x09\x82,\x00\x00\x00\x00\x92 \xc8\x02\x00\x00\x00 \x09\
\x82,\x00\x00\x00\x00\x92 \xc8\x02\x00\x00\x00 \x09\x82\
,\x00\x00\x00\x00\x92 \xc8\x02\x00\x00\x00 \x09\x82,\
\x00\x00\x00\x00\x92 \xc8\x02\x00\x00\x00 \x09\x82,\x00\
\x00\x00\x00\x92 \xc8\x02\x00\x00\x00 \x09\x82,\x00\x00\
\x00\x00\x92 \xc8\x02\x00\x00\x00 \x09\x82,\x00\x00\x00\
\x00\x92 \xc8\x02\x00\x00\x00 \x09\x82,\x00\x00\x00\x00\
\x92 \xc8\x02\x00\x00\x00 \x09\x82,\x00\x00\x00\x00\x92\
 \xc8\x02\x00\x00\x00 \x09\x82,\x00\x00\x00\x00\x92 \
\xc8\x02\x00\x00\x00 \x09\x82,\x00\x00\x00\x00\x92 \xc8\
\x02\x00\x00\x00 \x09\x82,\x00\x00\x00\x00\x92 \xc8\x02\
\x00\x00\x00 \x09\x82,\x00\x00\x00\x00\x92 \xc8\x02\x00\
\x00\x00 \x09\x82,\x00\x00\x00\x00\x92 \xc8\x02\x00\x00\
\x00 \x09\x82,\x00\x00\x00\x00\x92 \xc8\x02\x00\x00\x00\
 \x09\x82,\x00\x00\x00\x00\x92 \xc8\x02\x00\x00\x00 \
\x09\x82,\x00\x00\x00\x00\x92 \xc8\x02\x00\x00\x00 \x09\
\x82,\x00\x00\x00\x00\x92 \xc8\x02\x00\x00\x00 \x09\x82\
,\x00\x00\x00\x00\x92 \xc8\x02\x00\x00\x00 \x09\x82,\
\x00\x00\x00\x00\x92 \xc8\x02\x00\x00\x00 \x09\x82,\x00\
\x00\x00\x00\x92 \xc8\x02\x00\x00\x00 \x09\x82,\x00\x00\
\x00\x00\x92 \xc8\x02\x00\x00\x00 \x09\x82,\x00\x00\x00\
\x00\x92 \xc8\x02\x00\x00\x00 \x09\x82,\x00\x00\x00\x00\
\x92 \xc8\x02\x00\x00\x00 \x09\x82,\x00\x00\x00\x00\x92\
 \xc8\x02\x00\x00\x00 \x09\x82,\x00\x00\x00\x00\x92 \
\xc8\x02\x00\x00\x00 \x09\x82,\x00\x00\x00\x00\x92P7\
\x04\x00\x00@\xae\x9a\xcd\xe6]\x7fW\xa9T\x0c\x10@\
b\x04Y\x00hl\x06@\xb3D\xae\xb5\xad\xc6I\xb9\
\xc6\xdb},u\x0e\xb0\xfd\x04Y\x00hv\xb6\xf1o\
\xd1\x14\x91C}\xabq\xcaP\xe3\xea\x1c\xa0\x18\x04Y\
\x00hx\x0a\xf4wk\x86\xc8\xa5\xb6\xd58e\xa9q\
u\x0e0X\x82,\x004=\x05\xfd\xff\xd6J#T\
\xaf\xd7cvv6\xe6\xe6\xe6bnn.\xa6\xa6\xa6\
bjj*\xa6\xa7\xa7\xdf\xf1\xbf\x7f\xf9\x97\x7f\x19\x7f\
\xf5W\x7f\xa5x\xd4w\x925>>>\x1e\xe3\xe3\xe3\
166\x16\xa3\xa3\xa31::\x1a###12\
2\xf2\xf6\xbf\xff\xe5_\xfe%\xfe\xf1\x1f\xffQ\x01\xa9\
\xf1\xe4\xea\xbcZ\xad\xc6\xd0\xd0P\xd4\xeb\xf5w\xfcW\
\xab\xd5~\xe8\xbf\xff\xf8\x8f\xff\x88\xef|\xe7;\x8a\x08\
(5A\x16\x00\x9a\x9e\x82\xaaV\xab\xb1\xb8\xb8\x18+\
++\xb1k\xd7\xaeX^^\x8e\xc5\xc5\xc5\xb7C\xab\
\x85\x85\x85\x98\x99\x99i)\x0c\xf8\x87\x7f\xf8\x07\x85\xa4\
\xbe\x0b\xa7V\xab\xc5\xe4\xe4\xe4\xdb\xa1\xeb\xe6\xbf'&\
&bbb\x22\xc6\xc6\xc6bhh\xa8\xa5\xc7z\xfd\
\xf5\xd7\x15\x93\x1a/\xe4q|dd$\x86\x87\x87\xdf\
\xfeohh\xe8\xed\xff\x1d\x1a\x1a\x8aZ\xad\xd6\xd6>\
\x03Pv\x82,\x004>\xdb\xa8R\xa9\xc4\xd2\xd2R\
\xec\xd9\xb3'\xd6\xd6\xd6b\xf7\xee\xdd\xb1k\xd7\xaeX\
YY\x89\xc5\xc5EM\x8b\xdaN\xff\xcdf\xbd\x1e3\
33133\x13\x8dF\xe3\x1d\xff\x1e\x1d\x1dU\x10\
j<y\x9ba\xd5\xad\xab\x05GGG\xdf\x0e\xab\x00\
\xe8\xf1{\x0bC\x00\x80\xc6g0\x16\x17\x17c\xff\xfe\
\xfd\xb1o\xdf\xbeX[[\x8b\xb5\xb5\xb5\xb8\xef\xbe\xfb\
bddD\x01\xa8\xed,\x9a\xf9F\xa3\x11\xf3\xf3\xf3\
1;;\x1b\xf3\xf3\xf31??\x1f\x93\x93\x93\x8a@\
\x8dg\xa1R\xa9\xc4\xe8\xe8\xe8\xdb\xa7\xb8\x8e\x8d\x8d\xc5\
\xd8\xd8\x98c8\xc0\x80\x09\xb2\x00\xd0\xfc\xf4\xc1\xee\xdd\
\xbbc\xff\xfe\xfd\xb1\x7f\xff\xfe8x\xf0`\xec\xdd\xbb\
7\x1a\x8d\x86IW\xdbY\xa8\xd5j1??\x1f\x8b\
\x8b\x8bo\xff7;;\x1b\xd5j\xd5\xe4\xab\xf1,T\
*\x95\xb7\xaf\xcd\xb6y}\xb6\xb1\xb115\x0eP\x00\
\x82,\x004?]\x1a\x1f\x1f\x8f#G\x8e\xc4\x91#\
G\xe2\xfe\xfb\xef\x8f\xa3G\x8f\xc6\xd4\xd4\x94\xc9V\xdb\
\xd9\x98\x99\x99\x89\xe5\xe5\xe5XZZ\x8a\x1d;v\xc4\
\xdc\xdc\x9c\x86^\x8dgexx8&''\xdf\xbe\
>\xdb\xf8\xf8\xb8o\x1e\x04((A\x16\x00\x1a\x9f6\
5\x1a\x8dx\xf0\xc1\x07\xe3\xe4\xc9\x93q\xfc\xf8\xf1X\
[[+|\xc3\xa3!S\xdf\xad\xaaV\xab\xb1\xb0\xb0\
\x10\xcb\xcb\xcb\xb1s\xe7\xceX^^\x8e\xb1\xb11\x93\
\xad\xc6\xb3266\x16\x93\x93\x93o\xff7<<l\
\xb2\x01\x12!\xc8\x02\xa0\xd4\x8dO+\x7f\xeb\xd4\xd4T\
<\xf0\xc0\x03q\xf2\xe4\xc98u\xeaT\xac\xaf\xaf\x9b\
d\xf5\x9d\xd5\xdf9??\x1f\xab\xab\xab\xb1\xba\xba\x1a\
;w\xeet\x81j5\x9e\xdd\xdf922\x12\xd3\xd3\
\xd31==\x1dSSSQ\xafk\x83\x00R\xe5\x08\
\x0e@\xd6\x8dO\xa7\x7f\xd7\x81\x03\x07\xe2\xe1\x87\x1f\x8e\
s\xe7\xce\xc5\xe1\xc3\x87\x9dF\xa5\xbe\xb3\xfa\xbbFG\
Gc\xf7\xee\xdd\xb1\xba\xba\x1a\xf7\xddw_\x8c\x8f\x8f\
\x9bd5\x9e\xd5\xdfU\xadV\xdf\x0e\xaefff\x5c\
\x90\x1d #\x82,\x00\xb2i~\xba\xf9[&&&\
\xe2\xcc\x993q\xee\xdc\xb98\x7f\xfe|\xcc\xcd\xcd\x99\
\x5c\xb5\x9d\xd5\xdf3??\x1f{\xf6\xec\x89={\xf6\
\xc4\xd2\xd2\x92\xd3M\xc9\xea\x18\x1eqs\xd5\xd5\xcc\xcc\
L4\x1a\x8d\x98\x9c\x9c\xf4\x01\x04@\xa6\x04Y\x00$\
\xdb\xf8t\xfbwLOO\xc7\xc5\x8b\x17\xe3\xd1G\x1f\
\x8d\xd3\xa7Og}\xaa\x89\xd0\x22\xad\xfa\xee\xc5\xdfP\
\xa9Tbyy9\xf6\xee\xdd\x1bkkk\xbe\x80\x80\
\xecj<\xe2\xe6\x97m\xcc\xce\xceF\xa3\xd1p-7\
\x80\x92\x10d\x01\x90L\xf3\xd3\x8b\xe7\x9f\x9d\x9d};\
\xbc:y\xf2d\xd4j5\x13K\x16\xb5\x1dq3\xbc\
ZYY\x89\x8d\x8d\x8d\xd8\xd8\xd8p\xca \xd9\xd5x\
\xc4\xcd\xf0jnn.fgg\x9d2\x08PB\x82\
,\x00\x0a\xdb\xfc\xf4\xea\xb9\xc7\xc6\xc6\xe2\x91G\x1e\x89\
\xcb\x97/\xc7\xa9S\xa7Jy\xbaI\xae\xdf<V\xf6\
\xda\xde\xb4\xbc\xbc\x1c\x07\x0e\x1c\x88\x8d\x8d\x0d\xabR(\
D\x9d\xf7\xfay\xc7\xc6\xc6bnn.\xe6\xe6\xe6\x84\
W\x00%'\xc8\x02\xa00\xcdO/\x9f\xb3Z\xad\xc6\
\xa9S\xa7\xe2\xf2\xe5\xcb\xf1\xc8#\x8fh\xee\xffw|\
\x9db\x98G}G\xdc\xfc6\xcd\x03\x07\x0e\xc4\xc1\x83\
\x07cff\xc6\x9c\x0ak\xb7},z\xfd\xbc\xf5z\
=\xe6\xe7\xe7c~~\xde\xeaBu\x0e\xf0\xff_\x1f\
\x0c\x01\x00\xdb\xf9&\xb9\xd7\xcf\xb7\xb2\xb2\x12\xd7\xae]\
\x8b+W\xae\xc4\xc2\xc2\x82\x09\xfd_\x9b\x01V\xd9\xc3\
\xac\xd4\xeb\xbbV\xab\xc5\xbe}\xfb\xe2\xd0\xa1C\xb1\xb2\
\xb2\xa2\xb0\xef0\xde\xea;\xed\xe7\xacT*133\
\x13\x0b\x0b\x0b133#|W\xe7\x00?D\x90\x05\
@\xf2\xcd}\xbd^\x8f\x0b\x17.\xc4\xb5k\xd7\xe2\xcc\
\x993\xde\xe0k\x82\xb6\xb5\xc6\xfb\xf1\x5c\x8dF#\x8e\
\x1c9\x12\x87\x0e\x1drZ\x95\xfa\xce\xee\x18\x1e\x111\
<<\x1c\x0b\x0b\x0b\xb1\xb0\xb0\x10\xc3\xc3\xc3\x0aY\x9d\
\x03\xdc\xfd\xbd\xbf!\x00(\xf7\x1b\xe1T\x9f\xab\xd9l\
\xc6\xf2\xf2r\x5c\xbbv-\xae^\xbd\x1a\xf3\xf3\xf3&\
T\x13\x94E}o>V\xadV\x8b\xbd{\xf7\xc6\x91\
#G\xac\xbeR\xdf\xdbZ\xdf\xfd:\x86GD\xcc\xcc\
\xcc\xc4\x8e\x1d;\xac\xbeR\xe7\x00-\x13d\x01\x94\xf4\
\xcdoj\xcfu\xeb\xe3\xdc\x7f\xff\xfd\xf1c?\xf6c\
\xf1#?\xf2#\xa5\xbcp\xbb&\xa8\x18\xf5\xdd\x8f\xf0\
*\x22btt4\x8e\x1e=\x1a\xc7\x8e\x1ds] \
\xf5\x9d\xc5\xf1\xfb\xf6\xc7\xaa\xd5j\xb1\xb8\xb8\x18;v\
\xec\xb0\xc2P\x9d\x03\xb4M\x90\x05P\xb27\xbc)=\
\xcf\xed\x8d\xcf\xa5K\x97\xe2\x83\x1f\xfc`\x1c9r\xc4\
d\xb6\xe9n\x8dNNM\xd0 \xea\xbb\x1f\xb5\xbd\xa9\
\xd1h\xc4\x89\x13'\xe2\xe0\xc1\x83Q\xaf{\x8b\xa6\xc9\
\xcf\xe7\xf8\xbdidd$\x96\x96\x96baa!j\
\xb5\x9a\x02U\xe7\x00\x1d\xf1.\x09\xa0$orSx\
\x8e;=\xc6\xf8\xf8x\x5c\xbf~=\x9e{\xee\xb9X\
ZZ2\x99dU\xdf\x11\x11KKKq\xea\xd4\xa9\
\xd8\xb3g\x8ff\x94m\xa9\xef~\xd7\xf8\xc4\xc4D\xec\
\xdc\xb93\x1a\x8d\x86\x1a\x07\xa0k\x82,\x00\x0d\xd0\xb6\
>\xc7\xdd\xb6\x9f\x9c\x9c\x8c\xe7\x9e{.\x9e{\xee\xb9\
\x98\x9e\x9e6\x99}\x9e\xc3\x14\x9b\xcb~\xd7w?\x1b\
\xfb\x88\x88]\xbbv\xc5\xe9\xd3\xa7c\xd7\xae]\x8aP\
}'y\xfc\xde\xea1\xa6\xa6\xa6bee\xc51\x5c\
\x9d\x03\xf4\x94 \x0b \xd37\xb4E~\xfc{m?\
==\xfdv\x80599i25AY\xd5wD\
\xc4\x9e={\xe2\xd4\xa9S\xb1\xbc\xbc\xac\xf0\xd4\xf7\xc0\
\xeb{\x105>33\x13+++\x8e\xe1\xea\x1c\xa0\
/\x04Y\x00\x99\xbd\x89-\xea\xe3o\xb5\xed\xf4\xf4t\
|\xe8C\x1f\x8ag\x9f}\xd6\x05\xae\xfb \x87\xe6\xa6\
\x9f\xf5\xdd\xef\xc6>\xe2\xe6\x0a\xacs\xe7\xce9E\x96\
\xe4\x8e\xdf\xadn/\xc0\x02`\x10\x04Y\x00\x1a\xa0\xbe\
>\xfeV\xdb\x8e\x8e\x8e\xc6\x8f\xfe\xe8\x8f\xc6\x8f\xff\xf8\
\x8f\xc7\xc4\xc4\x84\xc9\xdc\xe6:*j\xe0\xd5\xaf\x1a\xef\
gmo\xda\xb1cG\x9c;w.VWW\x15\x99\
\xfa\x1e\xf81|\x105>55\x15\xab\xab\xab\x02,\
u\x0e0\x10\x82,\x80\xc4\xdf\xb0\xa6\xda\xfc\xd4\xeb\xf5\
\xb8z\xf5j\xbc\xf0\xc2\x0b1??o25A\xc9\
\xd4x\xab\xdb\xcd\xce\xce\xc6\xb9s\xe7b}}]a\
\xa9\xef\xec\x8e\xe1\x117\xbf\x8ccuu5fff\
\x14\x17\x00\x03#\xc8\x02H\xb8!K\xb5\xf9y\xe2\x89\
'\xe2\xa3\x1f\xfd\xa8\x8b\x5c\x93L}\xb7\xb3\xdd\xe8\xe8\
h\x9c9s&\x8e\x1e=\x1a\xd5j\xd5d2\xb0\xfa\
\x1eT\x8d\x0f\x0f\x0f\xc7\xea\xeaj\xcc\xcd\xcdY\xfdS\
\xd0\xfa2/@\xce\x04Y\x00\x1a\xa0\x815?\x07\x0f\
\x1e\x8cO~\xf2\x93q\xec\xd81\x13\xa9\x09J\xa2\xc1\
og\x9bj\xb5\x1a\xc7\x8e\x1d\x8b\xd3\xa7O\xc7\xc8\xc8\
\x88BR\xdf\x85\xaf\xefNj|\xe7\xce\x9d\xb1\xbc\xbc\
,\xa4\x05`\xdb\x08\xb2\x00\x12j\xbeRm~fg\
g\xe3\xa3\x1f\xfdh\x5c\xbbv\xcd\xa7\xc4\x9a\xfd\xc2\xd7\
x'\x7f\xc7\xda\xdaZ\xbc\xeb]\xefr\x8a\x95\xfaN\
\xe2\x18\xde\xc96\x0b\x0b\x0b\xb1\xba\xba\x1aCCC\x0a\
H\x8d\x03l+A\x16@\x22oH\x8b\xf2\x98\xedl\
W\xaf\xd7\xe3\x03\x1f\xf8@<\xff\xfc\xf3.\x02L\xe1\
\x1b\xfcN\xfe\x8e\x89\x89\x89\xb8x\xf1blll\x98\
H\x0a]\xdf\x9dn366\x16{\xf6\xec\x89\xa9\xa9\
)\x93\x09@!\x08\xb2\x00J\xd6\x00\x0d\xaa\xf99z\
\xf4h|\xe63\x9f\xd1\xe0'^\x7f\xfd\xfeD\xbf\x08\
5\xde\xe9\xdf\xf0\xc0\x03\x0f\xc4\x993g\xacPQ\xdf\
\x03\xab\xedA\x1e\xc3\xab\xd5j\xac\xae\xae\xc6\x8e\x1d;\
\xac\xecQ\xe3\x00\x85\x22\xc8\x02(\xe8\x9b\xcfT\x9b\x9f\
\x89\x89\x89x\xe9\xa5\x97\xe2\x99g\x9e\xf1\x06\xba@:\
\x9d\x8b~5B)\x06X\x9b\xf7_^^\x8eG\x1f\
}\xd4\xb7mfP\xe3\xa9\xd4\xf7 V\xd0\xdez\xff\
\xb9\xb9\xb9\xd8\xbd{w\x0c\x0f\x0f+,\x00\x0aG\x90\
\x05P0Eh\x80:m~.]\xba\x14\x9f\xfc\xe4\
'caa\xc1D2\x90\xfa\xee\xa6^\xdb\xbd\x7f\xad\
V\x8bs\xe7\xce\xc5\x89\x13'\x84\xb4\x14\xb6\xbe\xbb\xa9\
\xf1\xe1\xe1\xe1X[[\x8bF\xa3a2\x01(,A\
\x16\x80\x06\xa8\xeb\xfb/,,\xc4+\xaf\xbc\x12\x17.\
\x5c0\x91\x99\xd6f/\x82\x9b\xed\x0ei\xdb\xb9\xff\xed\
\xf7\xdd\xb9sg<\xfe\xf8\xe3.\xe6\xae\xbe\xb3\xa8\xef\
;m\xb3c\xc7\x8e\xb8\xef\xbe\xfb\xa2V\xab)\x0a\xf5\
\x0dPh\x82,\x80\x82\xbc\xd1L\xa9\x01\xba\xf5\xfe\x97\
/_\x8e\x9f\xfd\xd9\x9fu!\xe0\xcc\x1b\x9an\xb7M\
\xa5\xbeo\xbfo\xbd^\x8fs\xe7\xce\xc5\xf1\xe3\xc75\
\x83\x19\x1fG\xcbR\xdfw\xba\xff\xc8\xc8H\xac\xaf\xaf\
\xc7\xf4\xf4\xb4\x22\x02 \x09\x82,\x80D\x1b\xaf\xedn\
\x80fff\xe2\x95W^\x89K\x97.\x99\xc8\x92\xd5\
k;\x0d\x7f/k|\x90\x01V\xc4\xcd\x15*\x97/\
_\xb6\x0aK}gw\xfc\xde\xb4\xb8\xb8\x18\xbbw\xef\
\xb6\x0a+\xf3\xf7\x0dVe\x01\xb9\x11d\x01$\xf4f\
\xb4(\x0d\xfe\xbb\xde\xf5\xae\xf8\xecg?\x1bsss\
&2\xc1\xba\xeb\xb6\xa1\xd9\xea1\xb6\xfb4\xd9n\xef\
[\xa9T\xe2\xc1\x07\x1f\x8c\x87\x1ez(\xaa\xd5\xaa\xa2\
)a}o\xd6A\x11\xeb\xbb\x175^\xaf\xd7c}\
}=fgg\x15\x0d\x00\xc9\x11d\x01lS\xb3\x95\
b\x83?22\x12/\xbf\xfcr<\xf3\xcc3&Q\
\x0d\x17\xf2y\xba\xad\xf1\x89\x89\x89x\xe2\x89'bu\
u\xd5$\xab\xf1\xec\xea;\xe2\xe6j\xda\x8d\x8d\x8d\x18\
\x1a\x1a2\xc9\x09\xd7\xa6\x15V@\x99\x09\xb2\x00\x12m\
\x8c\x06\x19`ED\xac\xad\xad\xc5\xaf\xfe\xea\xaf\xc6\xfa\
\xfa\xba\x89\xd4\x04e\xd9\xe0\xaf\xaf\xaf\xc7c\x8f=\x16\
\xa3\xa3\xa3\x8aD}gW\xdf\x95J%VWWc\
\xe7\xce\x9d\x8a\x04\x80\xa4\x09\xb2\x00\x0a\xda\xb8\x0c\xba\x01\
\xba\xd7\xfd\xae^\xbd\x1a\x9f\xfa\xd4\xa74\xf8\x09K\xe9\
\xd3\xfbA\x87\xb4\x95J%\xce\x9f?\x1f\x0f>\xf8\xa0\
B\xc9\xe8x[\xd4\x9a\x1ft}GD\x0c\x0f\x0f\xc7\
\xbe}\xfbbrrRq\xa8q\x80\xe4\x09\xb2\x00\x0a\
\xd4\xb4lG\x03t\xaf\xfb\x8d\x8d\x8d\xc5+\xaf\xbc\x12\
O=\xf5\x94\x89\xd4\x04e\xd9\xe0\x8f\x8d\x8d\xc5\x95+\
WbeeEQ\x90]}GD4\x1a\x8d\xd8\xd8\
\xd8\x88z\xdd\xdb~\x00\xf2\xe0\x15\x0d\xa0 \x8dK\xd1\
\x1a\xa0\xb5\xb5\xb5\xf8\xdc\xe7>\x17\xbbw\xef6\x91\x19\
\xd7gQ\xc2\xacA\x87\xb4\x11\x11;w\xee\x8c\xa7\x9e\
z*&&&\x14\x83\xfa\xce\xae\xbe\x9b\xcdf\xac\xae\
\xae\xc6\xae]\xbb\x14\x83\x1a\xb7\x82\x0b\xc8\x8a \x0b\xa0\
\x00\x8dK\x91\x1a\xa0f\xb3\x19\x97.]\x8a\x9f\xff\xf9\
\x9f\x8f\xb1\xb11\x13\x99\x892\x9df\xb5U}GD\
<\xf0\xc0\x03\xf1\xf0\xc3\x0f\xfbVB\xb2\xaa\xef\xcd\xdf\
\xd7\xeb\xf5\xd8\xb7o_\xcc\xcc\xcc\x98\x04\x00\xb2#\xc8\
\x02\xd8\xc6\xc6\xa5h\x0d~\xb5Z\x8d\x97^z)~\
\xe2'~\xc2D\x96\xa8^\xb7+\xe4\xeau\x8d\xb7\xd2\
\xe0W\xab\xd5x\xf4\xd1G\xe3\xc8\x91#&_}\x17\
\xa2\xbe{\x19`ED\x8c\x8f\x8f\xc7\x81\x03\x07bd\
dD\x01\x00\x90%A\x16\xc065\xe6Ei\x806\
\x7f711\x11\xbf\xfc\xcb\xbf\x1c\xe7\xcf\x9f7\x91\x14\
f?\xe9e\x8d\x8f\x8e\x8e\xc6\xbb\xdf\xfdn\xd7\xc3\x22\
\xcb\xfa\x8e\x88\x98\x9d\x9d\x8d\xbd{\xf7F\xadV3\x11\
%\xaa7\xa7\x0c\x02e#\xc8\x02\xd8\x86\xe6\xa5\x08\x0d\
\xd0\xad\xb7\xaf\xae\xae\xc6\x17\xbf\xf8\xc5\xd8\xb3g\x8f\x89\
\xd4\x08\x15b?\xe9u\x83?77\x17W\xaf^\x8d\
\xe9\xe9i\x13\xae\xbe\xb3\xab\xef\x88\x88\x95\x95\x95X]\
]\x15j\x00\x90=A\x16\xc0\x00\x9b\x97\x226@\x0f\
<\xf0@|\xfe\xf3\x9f\xd7\xe0gn\xbb\x9b\xdbA\x9e\
Fx\xfb\xefv\xef\xde\x1dO?\xfdt\x0c\x0d\x0d)\
\x84\x12\x1f\xa3\xfb\xb9\x0flg}W*\x95\xd8\xd8\xd8\
\x88\x85\x85\x05\x13\xcd\xb6\xee\x07\x00\x83\x22\xc8\x02\x18`\
\x03\xd3\xedc\xf4\xba\x01\xbar\xe5J\xbc\xfa\xea\xab\xbe\
\x96]\x9d\xf6\xb5\xc1\x19TH{\xa7\xdb\x0f\x1d:\x14\
\x8f=\xf6\x98\x8b\xba\xb3\xed\xaf\x01\xfd\xa8\xefZ\xad\x16\
\x07\x0e\x1c\xf0A\x84\x1a\x14P\x01\xa5\xa2s\x01\xe8s\
\xf3R\xd4\x06\xe8\xc3\x1f\xfep\xfc\xe4O\xfe\xa4\x89\xa4\
\xaf\xcd\xd0v\x85\xb4\x11\x11\xa7N\x9dr\xcd7\xfaV\
\xdf\xdb\xb9\x0a+\x22bxx8\x0e\x1e<\x18\xe3\xe3\
\xe3&\x17\x80R\x11d\x01\xf4\xb9\x81)Z\x83_\xad\
V\xe3\xd3\x9f\xfet<\xfb\xec\xb3&R#\xdf\xb7f\
\x7fPM\xfe\x9dn\xafT*q\xf1\xe2\xc58~\xfc\
\xb8I\xa7\xe7\xf5\xbd\xdd\x01VD\xc4\xd8\xd8X\x1c:\
t(\x86\x87\x87M*\x00\xa5#\xc8\x02\xe8c\x13\xd3\
\xedc\xf4\xba\xc1\x1f\x1a\x1a\x8a_\xfa\xa5_\x8aK\x97\
.\x99\xc8\x92)\xda\xc5\xae\xfb\xd5\xe4W\xab\xd5\xb8|\
\xf9r\xec\xdb\xb7\xcf\xa4s\xd7\xba\xe9t\x7f\xd8\xce\x80\
v\xd3\xe4\xe4d\x1c<x\xd0)\xe1\x00\x94\x96W@\
\x80>51\xddl\xdf\x8f\x06hll,>\xff\xf9\
\xcf\xc7\x993gL\xa4&\xbe\xa5\xdaj\xa7\xd9ow\
\xdf\xe8G\x8d\xd7j\xb5\xb8r\xe5J\xac\xaf\xaf\x9bh\
\xf5\xdd\x93\xfbuR\xdf\xfdZ\x85\x15\x111==\x1d\
\x07\x0e\x1c\x88Z\xadf\xb2\xe9\xaa\xa6\x01R&\xc8\x02\
\xe8S\xa3\xde\xe9\xf6\xfdh\xf0\xa7\xa6\xa6\xe27~\xe3\
7\xe2\xe8\xd1\xa3&\x92\xb6k\xf6^\xcdQ\x11\x02\xac\
\x88\x88z\xbd\x1e\xefy\xcf{\xe2\xbe\xfb\xee3qt\
]\xdf\x9d\x1e\xef\xfbU\xdf\x11\x11333q\xe0\xc0\
\x01_\x5c@\xdf\x8f\xeb\x00E'\xc8\x02\xe8Qs\xd2\
\xaf\xe6\xa6\xdb\x06hvv6~\xeb\xb7~\xcb\xa9V\
\xbc\xa3^\xfa\xb9\xdaj\xd05>44\x14\xd7\xae]\
\x8b\x95\x95\x15\x93Kv\xf5\xddl6\xa3\xd1h\x08\xb1\
\xe8i\xbd\x02\xa4L\x90\x05\xd0\xe77\x8d\xdb\x19b\xcd\
\xcd\xcd\xc5\xef\xfe\xee\xef\xc6\xda\xda\x9a\x89,\xb9\xed\xfc\
\xf4\xbd\x9f\x0d\xfe\xc8\xc8H<\xf3\xcc3\xb1\xb4\xb4d\
\x92\xc9\xae\xbe#B\x88\x05\x00\xb7\x11d\x01t\xd9\xa0\
t\xbb\xedV\xf7\xeb\xb4\x01\x9a\x9f\x9f\x8f\xdf\xfb\xbd\xdf\
\x8b={\xf6\x98H\xeeX#\x83\x08\xb7\xfa\xd9\xe4\x0f\
\x0d\x0d\xc5\xf5\xeb\xd7\x85XdY\xdf\x117O'<\
x\xf0\xa0\xd3\xc0\x00\xe0\x16\x82,\x80\x0e\x9b\x93~5\
7\xbdh\x80\x16\x16\x16\xe2\xf7\x7f\xff\xf7]/\x88\xc2\
\xefGw\xbaO+\x0d~\xbd^\x8f\xeb\xd7\xaf\xc7\xf2\
\xf2\xb2\x81&\x99\xdan\xb5\xbe#n~;\xe1\x81\x03\
\x07\x84X\x00p\x1bA\x16@\x07\x0dJ\xbf\x1a\x9c^\
4\xf8\xb3\xb3\xb3\xf1;\xbf\xf3;B,Z\xaa\xb1~\
4\xc9\xfdn\xf2\xeb\xf5z\x5c\xbdz\xd55\xb1\xc8\xb2\
\xbe#n~\xcb\xec\xa1C\x87|;!\x85\xa8y\x80\
\xa2\x11d\x01\xb4\xd9\xa0\xf4\xab\xc1\xe9E\x03433\
\x13\xbf\xfd\xdb\xbf\xed\x9aX\xfc\x90\xbb57\xbdn|\
\xfa\xd1\xe4\xdfz{\xadV\x8bw\xbf\xfb\xdd\x82Z\x06\
\xde\xd8w{\xbax\xab\xb7\x0f\x0f\x0f\xc7\xa1C\x87\xa2\
^\xf76\x9d\xfe\xd75@\x8a\xbcB\x02\xb4\xd9\xa4\xf4\
\xa3\x81\xefE\x034>>\x1e\xbf\xf9\x9b\xbf\xe9\xdb\x09\
\xd9\x96\xa6\xa8\x9b&\xbf\xd5U*\x95J%._\xbe\
\xec\xbao\x14\xb2\xbe\xbb]\x85\x15q3\xa8=t\xe8\
P\x8c\x8c\x8c\x988\x00\xb8\x0bA\x16@\x147\xc4j\
\xb5\x01\x1a\x1e\x1e\x8e/~\xf1\x8bq\xf8\xf0a\x93\xc9\
@\x9b\xfd~\xadR\xb9\xd3\xef.^\xbc(\xa8%\x8b\
\xfa\xbe\xdb\xed\xfb\xf7\xef\x8f\xf1\xf1q\x13\x06\x00\xf7 \
\xc8\x0248}\xfef\xc2~\x9eJ\x18q\xf3\x13\xfc\
_\xfb\xb5_\x8b\x93'O\x9aL\x06\xd2\xec\xb7\xbb\xcf\
\xf4\xa2\xc9?}\xfat\x9c8q\xc2$\x91e}7\
\x9b\xcdX__\x8fF\xa3a\xa2\x00`\x0b\x82,\xa0\
\xf4\x8dM?\xb7\xed\xe7\xa9\x84\x9b~\xee\xe7~..\
\x5c\xb8`2\xe9\xdb>Q\xa9T:\xdeW\xbaYi\
\xb8\xf9\xf3\xd1\xa3G\xe3\xfc\xf9\xf3&\x87m=\xe6w\
{\xfc\xbe[}GD,//\xfb\x06N\x00h\x91\
 \x0b\xd0\xd0\xf4i\xdb~\x9eJ\xb8\xf9\xf3\xc7>\xf6\
\xb1\xb8~\xfd\xba\xc9\xa4p\xfbJ/W\xa9<\xf6\xd8\
c&\x81$\xf6\x89v\xeb;\x22\xa2\xd1h\xf8\x82\x0e\
:\xaaA\x17|\x07\xca\xaaj\x08\x00MH\xef\xb7\x1d\
D\x88u\xfd\xfa\xf5x\xf1\xc5\x17M&\x03\xa9\xfb\xed\
h\xf2\x17\x16\x16\xe2\xca\x95+\x9a5\x0a\xb5\x0f\xf52\
\xc4\x1a\x19\x19\x89\xfd\xfb\xf7\xabq\x00h\x83\x15Y\x80\
f\xbe\xc7\xdb\xb6\x13Hu\xda\x00\x9d>}:>\xf3\
\x99\xcf\x98L\x92\xd8\xb7:9\xd5jbb\x22\xae_\
\xbf\x1eCCC\x06\x96\xec\xea;\x22\xa2Z\xad\xc6\xc1\
\x83\x07\xa3^\xf7v\x9c\xed\xa9g\x01*\x90*\xaf\x9c\
\x00]61\x9d64\xed\xde\xbe\xf9\xf3\xfa\xfaz|\
\xe1\x0b_\x88Z\xadfRh\xd9f\xc3\xd2\xaf\xe6\xa5\
W\xf5\x1d\x11Q\xaf\xd7\xe3\xea\xd5\xab199i\xe2\
(Ds\xde\xcbUX\x9b666bbb\xc2\xa4\
\x91\xc4>\x00P$\x82,\xa0to\xf0\xfa\xb5]\xbb\
!V'\x0d\xd0\xcc\xccL\xfc\xfa\xaf\xff\xba\xe6\x87$\
\xf6\xa9NB\xac\x88\x88'\x9f|2\x96\x96\x96\x0c.\
\xdb\xde\xc8\xf7\xa3\xbe#n^\xdc}qq\xd1d\x01\
@\x07\x04Y\x80\x86\xbb\xcb\xedzy=\xac\xadV\xa9\
|\xees\x9f\x8b]\xbbv\x99L\xb6\xbd\xd1\xef\xa4\xc1\
o\xa5\xc9\x7f\xe8\xa1\x87b\xff\xfe\xfd&\x89m\xad\xf1\
~\xd5w\xc4\xcd\xd3f]\xdc\x1d\x00:'\xc8\x02J\
\xd3\xd4\xf4c\xbbA\x85X\x11\x11\x9f\xfe\xf4\xa7\xe3\xe4\
\xc9\x93&\x93\x9e\xee\x13\xed6\xfb\x9d\xee\x13\xad\xec\x0b\
kkkq\xf6\xecY\x93C\xcfj|P\xf5\xdd\xca\
1<\x22\xa2V\xab\xc5\xc1\x83\x07\x9d\xfa\x05\x00]\x10\
d\x01\xa5i\xd8{\xbd\xdd C\xac\xeb\xd7\xaf\xc7\xb3\
\xcf>k2\xd9\xb6f\xbf\x9b\xd3k[i\xf0\xa7\xa7\
\xa7\xe3\xa9\xa7\x9e\xd2\xe0S\xc8\xfa\xee\xf6\xd4\xf1\xcd\x9f\
\xf7\xee\xdd\x1b###&\x06\x00\xba \xc8\x02\xb2o\
b\xfa\xb1\xdd C\xac\xc3\x87\x0f\xc7+\xaf\xbcb2\
\x19\xd8~R\xa9T\xda\xdawz\xb1J\xe5\xea\xd5\xab\
\x1a|\x0a\xf5:\xd0\xab\xfa\xde\xbcmyy9\xe6\xe7\
\xe7M\x08\x00t\xa9j\x08\x00\xcdK{\xdb\xf5*\xc4\
j6\x9b[6A333\xf1\x85/|!\x86\x86\
\x86L(\x85\xdcwz\xd1\xe4?\xf1\xc4\x13\xb1\xb0\xb0\
`\xe0Ij_h'\xc4r],\x8a\xf4>\x07 \
uVd\x01\xde\xdc\xb5\xb1]/C\xacV\x1e\xf7\xb5\
\xd7^\x8b\x1d;v\x98P\x92\xdb\xc7\xb6\xaa\xf1\xcd\x9f\
O\x9c8\x11\x07\x0f\x1e4\xa0$S\xdf\xed\x1e\xe7\xab\
\xd5j\x1c8p \xaaU\x9f\x1f\x03@/xE\x05\
J\xd7`\xf7\xaa1\xef\xb6\xb9\xd9\xea>/\xbe\xf8b\
\x9c;w\xce\x84\xd2\x13\xed\x9e.\xd8M\x93\xdfj\x88\
\xb5\xb8\xb8\x18\x17/^49l\xeb\xb1\x7f\xab\xfa\xed\
\xf68\xbf\xb6\xb6\x16ccc&\x08\x00z\xc4\x8a,\
\x80(^\x88\xf5\xe0\x83\x0f\xc6G>\xf2\x11\x13C_\
j\xbd\xd3\x0b\xaaw\xbb\x0a\xeb\xd6\xdb\xea\xf5z<\xfd\
\xf4\xd3Q\xab\xd5L\x0aI\xd6w+5\xdfh4b\
yy\xd9\xc4\x00@\x0f\x09\xb2\x80\xec\x9a\x98A4/\
\xed6\xef\xad\xdco\xf3\xe7F\xa3\x11\xbf\xf2+\xbf\xe2\
4\x14\x0a\xd3\xecw\xf2\x8d\x85[5\xfd\x8f>\xfah\
\xcc\xce\xce\x9a\x0c\xb2\xac\xef\x88\x9b_b\xb0o\xdf>\
\x13\x02\x00=&\xc8\x02\xb2j^\xb6\xfb9\xbb\x0d\xb1\
\x22\x22~\xe1\x17~!\x16\x17\x17M(\x03\xa9\xdd\xbb\
5\xfc\xad\xeeO\x9d\xacF\xdc\xbf\x7f\x7f\x1c=z\xd4\
$\x90e}o\xfe\xbco\xdf\xbe\x18\x1e\x1e6\x19l\
K\xfdw\xba2\x11 \x05\x82, \xab\xa6\xa5\xd7\xdb\
u\xfb\x8dU\xad\xdc\xef\xd6\x9f\xdf\xff\xfe\xf7\xc7\x85\x0b\
\x17L(\x85\xdfw:m\xf2\xa7\xa6\xa6\xe2\x89'\x9e\
0\xf0dY\xdf\x9b?\xef\xd8\xb1#\xe6\xe7\xe7M\x00\
\x00\xf4\x81 \x0b(m\xa3R\xb4\x10kmm-^\
~\xf9e\x13J\xb2\xfb]+\xfb\xc5\xe5\xcb\x97\xadR\
!\x8b\xfa\xbe\xfd\xb6\xcd\x7f\x0f\x0d\x0d\xc5\xfa\xfa\xbaA\
\x04\x80>\x11d\x01\x9a\x946\x7f\xdf\x8f\x10\xabV\xab\
\xc5k\xaf\xbd\x16###&\x87\xec\x1a\xfc\xcd\x9fO\
\x9e<\x19\xab\xab\xab\x06\x91\xe4\xeb\xfb\xf6\xdbo\xfd\xf7\
\xbe}\xfb\xa2^\xf7\x16\x1b\x00\xfa\xc5\xab,\x90]\xd3\
\xd1\xed6\x83\x0e\xb1\x9a\xcdf\xbc\xf0\xc2\x0bq\xe8\xd0\
!\x13J\x16M\xfe\x9d\xea}nn.\x1e~\xf8a\
\x83H\x96\xf5\xbdiqq1\xe6\xe6\xe6\x0c&\x00\xf4\
\x91 \x0b\xc8\xaa\xe9\xe8v\x9bvB\xacV\xef\xb7U\
\x88u\xe8\xd0\xa1x\xf1\xc5\x17M(}\xd5\xcd\x85\x7f\
[\x0dl\xefV\xef\x95J%\x9ez\xea)\xabTH\
\xea\xb5\xa4\xdd\x10\xcb)\x85\x000\x18\xdeQ\x02Y5\
\x1e\xddl\xd3n\x88\xd5\xc95\x82n\x0f\xb1\xea\xf5z\
\xfc\xe2/\xfeb\xd4j5\x93JR\xfbY\xab\xd7\x0b\
\x8a\x888{\xf6l,--\x19P\x92\xa8\xefNW\
\xdanll\xc4\xd0\xd0\x90\x81\x05\x80>\x13d\x01Y\
5\xd7\xdb\xd1\xb0\xb7\xda\xe4\xdc\xa9\xc9\x7f\xfe\xf9\xe7c\
\xef\xde\xbd&\x95\x81\xed;\xad\xac\xcc\xeade\xe2\xdd\
B\xac\xb9\xb9\xb98{\xf6\xac\xc1'\x89\xd7\x90NB\
\xac\xcdSg\x17\x16\x16\x0c.\x00\x0c\x80 \x0b\xd0\xb8\
lS\x88\xb5w\xef^\xa7\x1420\x9b\x01\xd6\xad\xb5\
X\xa9T\xda\x0a\x86\xdb\xad\xfdJ\xa5\x12\x8f?\xfe\xb8\
\x15\x87\x0c\xfcX\x7fk`\xdb\xe9i\xe1\xad\x1e\xcfk\
\xb5\x9a\x0f$\x00`\x80\x04Y@\x92MJ\xbf\xb7i\
\xb5i\xdf\xaa\xc9\xb9S\xd3\xb3\xd9d\xbd\xfa\xea\xab\xae\
\x19D\x12\xfbS\xa7\xa7Z\xdd\x7f\xff\xfd\xb1k\xd7.\
\x03M\xa1_+:\xbdF\xd6\xe6\xbfw\xef\xde\xed\x1b\
g\x01`\x80tP@\x96\x8dI\xab\xdbts\x91\xdf\
V\x1a\xf9\xbb\x9dn\xf5\xbe\xf7\xbd/\x8e\x1d;fR\
Iv\xbf\xdb\xaa\xf6\xc7\xc7\xc7\xe3\xc2\x85\x0b\x06\x90,\
\xeb{\xf3\xe7\x89\x89\x89XYY1\x90\x000@\x82\
,\xa0t\x0dJ\xab\xbf\xdf\xea\xbe\x9d\x86X\x0b\x0b\x0b\
\xf1\xf1\x8f\x7f\xdc\x04\x91\xec\xfe\xd3J\xed?\xf6\xd8c\
V\xa9\x90m}o\xda\xb7o_W\xdf\x08\x0a\x00\xb4\
O\x90\x05$\xdft\x0c\xba\x89i\xb7\xd1\xb9\xfdw/\
\xbf\xfcrLNN\x9aT\x92\xdc\xd7Z\xa9\xfd\xf5\xf5\
\xf5\xd8\xb7o\x9f\xc1$\xcb\xfa\xde\xb4s\xe7\xce\x98\x9a\
\x9a2\xa8\x000`\x82, \xf9\xc6\xa3\xddm\xb63\
\xc4:u\xeaT<\xf5\xd4S&\x95\xe4\xf6\xb1V\xf7\
\x85Z\xad\x16\x8f>\xfa\xa8A%\xa9\x1ao\xf7X_\
\xaf\xd7c\xcf\x9e=\x06\x16\x00\xb6\x81 \x0b(eS\
\xde\xcav\x9d4\xf7\xf7\x0a\xb1j\xb5Z\xbc\xf2\xca+\
&\x88\xec\xf6\x8d[\x7f>u\xeaT4\x1a\x0d\x83M\
25\xde\xc9\x07\x16kkk\xbe\xac\x03\x00\xb6\x89W\
` \xcb\xc6\xbb\xdd\xc7\xeb\xe4\xdb\xdb\xda\x09\xb1\x9a\xcd\
f|\xe0\x03\x1f\x88\x8d\x8d\x0d\x93J\xd2\xfb\xdf\xbd\xea\
~jj*\xce\x9e=k\xe0\xc8\xb6\xc6#n^\xe0\
}ii\xc9\xe0\x01\xc06\x11d\x01I5\x18\xddl\
\xd3\xcbo(l7\xc4j4\x1a\xf1\xb1\x8f}\xcc\xa4\
\xb2m\xda\xbd u'\x0d\xfe\xc5\x8b\x17chh\xc8\
`\x93\xe4\xebK\xab5\xbfw\xef^\x17x\x07\x80m\
$\xc8\x02\x92i2\xba\xd9\xa6\x97\xdfP\xd8\xce)\x88\
\x9b\xbf\xfb\xa9\x9f\xfa)\x17\x05&\xe9}o\xab\xba\xdf\
\xb5kW\x1c<x\xd0\x00\x92E}\xdf\xad\xe6\x97\x96\
\x96bzz\xda@\x02\xc06\x12d\x01Y7'\xed\
\xfe\xae\xd5O\xe9[y\xbc\xcd\x7f\xaf\xaf\xaf\xc7{\xdf\
\xfb^\x93D\xb6\x0d~D\xb8\xc0;\xd9\xd4\xf8\xddj\
\xbeV\xab\xc5\xda\xda\x9a\x81\x04\x80m&\xc8\x02\x92i\
6\xfa\xfd<\xbd\xfc\x86\xc2[\xff\xfd\x89O|\x22j\
\xb5\x9a\x89%\xb9\xfd\xad\xd5}\xe2\xf0\xe1\xc3\xb1c\xc7\
\x0e\x83Iv\xf5}\xebm\xab\xab\xab1<<lP\
\x01`\x9b\x09\xb2\x80\xd25*[m\xd3\xeac\xb5\x12\
b\x9d>}:.\x5c\xb8`\x92(\xfc\xbe\xd2I\x93\
\xbf\xb9JE\x8dS\xa4\xfa\xee\xe4\x1bg\xb7\xbamx\
x8v\xed\xdae\x90\x01\xa0\x00\x04Y@\xb2\x8d\xf6\
V\xf7\x1f\xd4u\xb1\xeeu\xbfO|\xe2\x13&\x95,\
\xf6\xc1\xbb\xed\x03'O\x9et\xfd7\x92z\x0d\xe9\xe4\
B\xef{\xf6\xec\xb1\xb2\x16\x00\x0aB\x90\x05$\xd5\x80\
\xf4\xe3y\xfa\x15b]\xbat)\x0e\x1f>lbI\
z\xff\xbb\xd7\xfe166\x16g\xcf\x9e5xd[\
\xe3\x11\x11\xe3\xe3\xe3\xb1\xb4\xb4d\x00\x01\xa0 \x04Y\
@vMI;\x0dK\xbb\x17w\xbfWpu\xabj\
\xb5\x1a?\xfd\xd3?m\x92\xc8n?\xba\xf5\xb6\x87\x1e\
z(FFF\x0c\x22I\xd6x+\xb77\x9b\xcd\xd8\
\xd8\xd8\x88J\xa5b \x01\xa0 \x04Y@\xe1\x9b\xe9\
^4\xdf\xad>G+AW+\x8d\xcf\xd3O?\xed\
\xdb\xad(\x94\xdb\x1b\xf1\xadj{\xab\x10krr2\
N\x9c8a`I\xf2u\xa5\xd5\x10\xab\xd1h\xc4\xec\
\xec\xac\xc1\x04\x80\x02\x11d\x01\x85n6\xfa\xf9X\xed\
6\xf2\xad\x9cR\xb8y\xf1\xeb\x8f|\xe4#&\x96\xc2\
\xedg\x9d^?\xe8N\xb7?\xf4\xd0C\xae\x19D\x92\
\xaf'\xad\x86X\x11\xe1\x03\x09\x00( A\x16\x90e\
\xa3\xb2\xd56\xfd\xba.VD\xc4{\xde\xf3\x9eX]\
]5Qd\xb3o\xdd^\xf3\xd3\xd3\xd3q\xff\xfd\xf7\
\x1b0\xb2\xab\xef[\x7f\x9e\x9b\x9b\x8b\xe9\xe9i\x03\x07\
\x00\x05#\xc8\x02\x0a\xd9Xtr\xffA_\x17\xebN\
\x8f[\xab\xd5\xe2\xc5\x17\xe8bb|\x00\x00 \x00I\
DAT_4\xb1d\xdd\xe0\x9f?\x7f\xdej,\xb2\
\xae\xf1\x08\xab\xb1\x00\xa0\xa8\x04Y@\xd6MJ'\xdb\
\xb6\xb3\xfa\xea\xf6\xdf]\xb9r\xc5j,\x0a\xe9N\x17\
\xabn'\x18\xde\xfc\xb9\xd1h\xc4\x91#G\x0c(\xc9\
\xbf6\xdc\xeb\xd8\xbf\xb8\xb8\x18\x93\x93\x93\x06\x10\x00\x0a\
H\x90\x05\x14\xb2\xc1\xe8\xc5\xfd\xb7jT\xbay\x8e;\
\x05\x5c\x95J%^x\xe1\x05\x13K\xf2\xfb\xdd\xbd\xf6\
\x9b\xf3\xe7\xcfG\xb5Z5\x90$]\xe7[\xbd6\xec\
\xd9\xb3\xc7 \x02@A\x09\xb2\x80\xc26\xd3\xad\xde\xbf\
W\xa7\x14vzq\xf7M\x8f=\xf6\x98SQH~\
\xbf\xbb\xd7~0;;\x1b\x87\x0f\x1f6\x90\x14\xb6\xbe\
\xbb\xfd6\xce\x88\x9b\xab\xb1\xc6\xc7\xc7\x0d(\x00\x14\x94\
 \x0b\xc8\xbe1\xefd\xdbvO/l6\x9b\xf1\xfc\
\xf3\xcf\x9b\x10\xb2\xda\x97n\xbf\xed\xec\xd9\xb3w<E\
\x11r\xa9\xf1\x88\x88\xdd\xbbw\x1b,\x00(0\xe7\x06\
\x00\x85h&zy\xff;m\xd3\xe9)\x85\xad\xae\xd8\
:s\xe6\x8c\x95*\x14\xda\xbd\x02\xa8V\x1a\xfc\xc9\xc9\
I5NV\xaf;w\xbam~~>&&&\x0c\
\x18\x00\x14\x98\x15Y@V\x8d\xc9\x9dn\xef\xe6\x94\xc2\
V\x9e\xbb\xd9l\xc6\x87?\xfca\x13B\xb6\xfbPD\
\xc4\xe9\xd3\xa7}S!Y\xd4\xf8\xbd\xea\xdej,\x00\
(>A\x16P\x88\xc6\xb9W\xf7\xef\xf61\xdb\xbd.\
V\xb3\xd9\x8c\x8d\x8d\x8d8\x7f\xfe\xbc\xc9%\xf9\xfd\xf0\
n\xb7\x8f\x8c\x8c\xc4\xf1\xe3\xc7\x0d\x1c\xc9\xd7\xf9\xbdn\
\x9b\x9b\x9b\x8b\xa9\xa9)\x03\x07\x00\x05'\xc8\x02\x92k\
\xb6\xdbi\xc4\xdb9\xa5\xb0\x93\xebbED|\xe8C\
\x1f2Yd\xb9Om\xdev\xf2\xe4\xc9\x18\x1a\x1a2\
\x80$]\xe7[\x05[Vc\x01@\x1a\x5c#\x0b(\
D\x13\xdd\x8f&\xa5\xddS\x0a;y\xee\xd9\xd9\xd9x\
\xfa\xe9\xa7M.\xd9\xed\x9b\x9b\xb7\x0d\x0d\x0d\xc5\xc9\x93\
'\x0d\x12I\xbf\xcel\xf5z0==\x1d333\
\x06\x10\x00\x12`E\x16\x90T3\xd2\xaf\xc7\xec\xe4\x94\
\xc2\x88\x88\xf7\xbd\xef}122b\xc2\xc8\xb6\xe9?\
r\xe4H\x8c\x8e\x8e\x1a,\xb2\xad\xf1\x88\x88\xd5\xd5U\
\x83\x05\x00\x89\x10d\x01\xdb\xdaL\xf4\xab)\x19\xc4)\
\x85\xb5Z-\xde\xff\xfe\xf7\x9b\x5c\xb2\xda\x1fo\xff\x9d\
\xd5X\xe4V\xe7\xb7\xdf>22\x12\x0b\x0b\x0b\x06\x0c\
\x00\x12!\xc8\x02\x92j\xb2;\xbd\x7f\xbb\xa7\x14\xde-\
\x18\xbb\xf5\xf6G\x1ey$\x96\x96\x96L\x18\xd9\xec[\
\xb7\xff~\xf7\xee\xdd1??o\xe0\xc8\xa6\xce\xeft\
l_]]\x8dJ\xa5b\xe0\x00 \x11\xae\x91\x05l\
{\xf3\xdci\x03\xd2N\xa3\xd2\xca}\xdb\xfd&\xb7\x0f\
~\xf0\x83&\x97l\xf7\xd3f\xb3i5\x16\xc9\xd5p\
\xbb!V\xbd^\x8f\x9d;w\x1a<\x00H\x88\x15Y\
@\x92M\xf6\xbd\x1a\x93V\x1f\xa7\x9b\x7f\xaf\xae\xae\xc6\
\x993gL\x0cY\xee[\xcdf3\x1a\x8dF\xec\xdd\
\xbb\xd7\x00\x91m\x8dGD\xec\xdc\xb93j\xb5\x9aA\
\x02\x80\x84X\x91\x05\x0c\xbc\x81\xe8\xc5};y\xccN\
N)\xbc\xdb\xed\xef}\xef{M.Y7\xf8'N\
\x9cp\xba\x15Y\xd7xD\xc4\xca\xca\x8aA\x02\x80\xc4\
X\x91\x05$\xd9\x88\xdc\xe9\xf6NC\xb3vO)\xac\
V\xabq\xed\xda5\x13C\xb6\xfbT\xb5Z\x8d\xa3G\
\x8f\x1a(\x92r{\xf0\xbaU\x885;;\x1bcc\
c\x06\x0e\x00\x12#\xc8\x02\x06\xde,w{\xdfN\x1e\
\xb3\x95\xb0\xaa\xd5\xfb\x5c\xbcx\xd17\x5c\x91d\x93\xdf\
\xea\xf5\x83666bbb\xc2\xa0\x91\xd5k\xcf\xed\
\xb7[\x8d\x05\x00i\x12d\x01Y4$\x9d^\xe0}\
\xab\xfb\xdc\xe9\xbe\xcf>\xfb\xac\x89!\xeb}\xec\xd8\xb1\
c\x06\x86$ky\xabUX\x9b\x86\x86\x86| \x01\
\x00\x89r\x8d,``\xcdq/\xee{\xa7\xfb\xf7\xf3\
\x02\xef\xb7?\xce\xec\xecl<\xfc\xf0\xc3&\x98l\xf7\
\xd3\xf1\xf1\xf1\xd8\xd8\xd808d[\xe3\xcdf3V\
VV\x5c\x03\x0e\x00\x12eE\x16\x90T\x03\xd2\xeev\
\xbd\xba\xc0\xfb\xe6\xbf/_\xbe\xec\x1b\xae\xc8v\xdfj\
6\x9bq\xe4\xc8\x91\xa8V}\xceE\x9eu\xbey\xdb\
\xf2\xf2\xb2\x01\x02\x80D\x09\xb2\x80\x815\xc9\xdd\xde\xf7\
N\xf7\x1f\xd4\x05\xde7=\xfd\xf4\xd3&\x98$m\xae\
>\xd9\xaa\xf6\x0f\x1d:d\xb0\xc8\xf25h\xf3\xf6F\
\xa3\xe1\x22\xef\x00\x900\x1f\xb9\x02I5\x22\xedl\xd7\
\xee\x05\xde\xb7\xfa\xf7\xea\xeaj\x1c?~\xdc\xe4\x90\xec\
>\xb5\xd5>133\x13;w\xee4Xd\xf7\xda\
q\xeb\xedj\x1c\x00\xd2&\xc8\x02\x06\xd2Dt{\xdf\
;\xdd\xbf_\xcfu\xb7@\xeb\xca\x95+&\x98\xac\xf7\
Y\xab\xb1\xc8\xbd\xc6\xab\xd5j,..\x1a\x14\x00H\
\x98S\x0b\x81B7\x1d\x9dn\xd7\xcdj\xac\xbbm\xf7\
\xe4\x93O\x9a\x1c\xb2\xde\xcf\x0e\x1f>l`\xc8\xba\xce\
\xe7\xe7\xe7]\xe7\x10\x00\x12'\xc8\x02\x0a\xd3D\xb7s\
\xffnWc\xb5\x1bt\xddw\xdf}\xb1\x7f\xff~\x13\
G\xb2n\xfd\x86\xb6;\xd5\xff\xf4\xf4t\xec\xd8\xb1\xc3\
@\x91\xf5k\xcc\xd2\xd2\x92\xc1\x01\x80\xc4\x09\xb2\x80\xbe\
7\x0e\x83x\x8cv\xaf{\xd5\xces6\x9b\xcd\xb8t\
\xe9\x92\x09&\xeb}tcc\xc3\x00\x91u\x9dW\xab\
\xd5\x98\x9b\x9b3@\x00\x908\xd7\xc8\x02\x92kJ\xee\
\xd5\x8c\xb7\x12\x84\xb5\xbb\x1a+\x22\xe2\xf1\xc7\x1f7\x11\
d\xd9\xdco\xfen\xdf\xbe}\x06\x89l\xeb\xbc\xd9l\
:\xad\x10\x002!\xc8\x02\xfa\xde$\xb7\xd3h\xf4\xba\
qi\xf5>\xf7\xfa\xfd\xe2\xe2b\x1c;v\xcc$\x93\
\xb4[O-\xbc\xbd\xc6\x87\x86\x86b\xf7\xee\xdd\x06\x89\
,_\x876ow\x91w\x00\xc8\x83 \x0bH\xaa1\
\xb9\xd7\xcf\xed\xae\xc6j5P\xbbp\xe1\xc2]C\x00\
\xc8a\xffZ]]\x8dz\xdd\xd5\x06\xc8\xb7\xc6+\x95\
\x8a\xd3\x0a\x01 \x13\xde\xb5\x02=k\x14\xba\xb9o/\
\xae\xafu\xb7\xc7k\xe5\x1aX\xf7\xfa\xf7\x85\x0b\x17L\
2Y\xef\xb3{\xf6\xec1(d]\xe73331\
44dP\x00 \x03Vd\x01\xc94\xdb\xbd\xbc6\
V\xab\xe1V\xbd^\x8f\xb3g\xcf\x9a\x0c\xb2\xdd\xaf\x22\
\xc2i\x85d_\xe7Vc\x01@>\xac\xc8\x02\xb6\xb5\
\x81\xbe\xd7\xed\xbdx\xbcNWcm:q\xe2DL\
NN\x9a<\x92W\xa9T\xeeX\xe3\xc3\xc3\xc3\xb1\xb4\
\xb4d\x80\xc8\xfaufvv\xd6\xe0\x00@&\xac\xc8\
\x02\xfa\xd24\xf4\xfaq;y\x9e\xadN\x19le\xbb\
\x87\x1f~\xd8$\x93\xf5\xfe\xbb\xb2\xb2\x12\xd5\xaa\xb7\x03\
\xe4\xabR\xa9\xc4\xf4\xf4\xb4\x81\x00\x80Lx\xe7\x0a\x0c\
\xaca\xee\xd7\xe3\xb5{\xc1\xf7v\xb6;w\xee\x9c\xc9\
#\xeb}r\xe7\xce\x9d\x06\x83\xac\xeb|zz\xda\x17\
v\x00@F\x04Y@!\x9a\xe9n\xef\xd3\xea\xf6\xed\
\xac\xc6\x9a\x98\x98\x88C\x87\x0e\x99$\xb2\xde\xefVV\
V\x0c\x08Y\xd7\xf9\xcc\xcc\x8c\xc1\x00\x80\x8c\xb8F\x16\
\xd0\x93fx\x90\x8f\xdb\xcaj\xacn\xaf\x8d\x15\x11\xf1\
\xe0\x83\x0f:\xe5\x8all\xaeH\xb9\xbd\xde\xad\xc8\x22\
\xf7\xd7\xa6\xa9\xa9)\x83\x02\x00\x19\xd1\xa1\x01\x03o*\
\xb6\xba\xbd\xdd\xfb\xb4\xba}\xbb\xe1\xd6\xe9\xd3\xa7M\x1e\
Y\xed\x87\xb7\xef\x03\x13\x13\x13111ap\xc8\xfa\
\xf5F\x90\x05\x00y\x11d\x01=k\x16\x06\xf1\xb8\x83\
Z\x8d\x15\x11\x82,\xb2\xb7\xb0\xb0`\x10\xc8\xfau\xa9\
Z\xad\xc6\xd8\xd8\x98\xc1\x01\x80\x8c\x08\xb2\x80\x817\x16\
\xf7\xba\xbd_\xcf\xddn\xb85::\xea\xfaXdo\
qq\xd1 \x90\xb5\x89\x89\x09\x17z\x07\x80\xcc\x08\xb2\
\x80\xc2\xb8=l\xba\xd7\xcf\x9d\x06d\xad\x86[G\x8e\
\x1c\x89Z\xadfR\xc8\xc6\xed\xcd|\xb3\xd9\xb4\x22\x8b\
\xec\x8d\x8f\x8f\x1b\x04\x00\xc8\x8c \x0bh\xdb VS\
u\xfb\xf7t{\xaa\xe1\xb1c\xc7L4\xd9\xef\xc3V\
d\x91{\x9d\x0b\xb2\x00 ?\x82,\xa0\xef\xcdr\xab\
\xb7\xdf\xeb>\x83\x5c\x8d\x15\x11q\xfc\xf8q\x13H\xf6\
\xfb\xa5 \x8b\xdc\xeb\xdc\x97\x19\x00@~\xea\x86\x00(\
Zs\xdd\xedv\xed<\xd6\xdd\xc2\xad\xfb\xef\xbf\xdf\xa4\
\x90\xf5~6==\x1d\xc3\xc3\xc3\x06\x85\xac_K\xac\
\xc8\x02\x80\xfcX\x91\x05t\xd5$\x14\xe59\xdaY\xa5\
\xb5\xd5\xe3\xcf\xcf\xcf\xc7\xd2\xd2\x92\xc9&k\xae\x8fE\
\x19\x08\xb2\x00 ?\x82,\xa0/z\x19,\xddm\xd5\
T\xa7+\xaf\xb6z\xac\x03\x07\x0e\x98@\xb27??\
o\x10\xc8\xda\xc8\xc8\x88/\xed\x00\x80\x0c\x09\xb2\x80\xac\
t\x1at\xdd\xea\xe0\xc1\x83\x06\x92\xec\x09\xb2\xc8\xdd\xe8\
\xe8\xa8A\x00\x80\x0c\x09\xb2\x80\x96\xb5\x1a\x0c\xa5v\x91\
\xf7\xdb\x7foE\x16e\xd8\x97\x9dZH\xee5\xee\xb4\
B\x00\xc8\x93\x8b\xbd\x03\xdb\xdel\xf4j\xbbvVc\
\xdd\xeb\xf7Vd\x91\xa3J\xa5\xf2\x8e\xba\x17d\x91\xfb\
\xeb\x8a \x0b\x00\xf2dE\x16\x90E\xc3\xd2\xca\xef[\
\x09\xbf\x86\x86\x86bmm\xcd\xc0\x92\xb5\xf1\xf1\xf1\x18\
\x1b\x1b3\x10d\xfd\x9a \xc8\x02\x80<\x09\xb2\x80\xb6\
\x9b\x83N\xee\xd7\xcb\xd3\x0a\xbb\xfd\xe6\xc4{m\xbf\xba\
\xba\xea\xe2\xc0do\xc7\x8e\x1d\x06\x81\xec\x09\xb2\x00 \
O\x82,`\xdbt\x1bH\xdd\xed\xb1:\xf9f\xc4M\
VcQ\x06KKK\x06\x81\xec\x09\xb2\x00 O\x82\
, Y\x9d\x5c\x07k\xabU^\xeb\xeb\xeb\x06\x96,\
U*\x95\xb7\xff\xbd\xbc\xbcl@\xc8\xda\xc8\xc8\x88\xd5\
\xb5\x00\x90)A\x16\xd0w\xfd>\xad\xb0\x97\xa7\x1dZ\
\x91E\x19\xec\xda\xb5\xcb \x905\xab\xb1\x00 _\x82\
,`K\xdd^\x1f\xab\xdb\xfbv\xfb7\xb7\x13~\x09\
\xb2\xc8\xdd\xc4\xc4D4\x1a\x0d\x03A\xd6\x04Y\x00\x90\
/A\x16Ph\xdd\x5c<\xbe\x93mVVV\x0c:\
Y\xefOVcQ\x86:\x9f\x9c\x9c4\x10\x00\x90)\
A\x16\xd0\xf7\x86\xa2\xdd\xfb\xb4\x13^\xf5\xf2\xb4\xc2\xa1\
\xa1\xa1X\x5c\x5c4id\xcdu\xe0(\xc3k\x8e \
\x0b\x00\xf2%\xc8\x02Zj\x0azu\xbfv\xef\xdb\xc9\
\xf6\x9d\x9eVh5\x16e\xb0\xb1\xb1a\x10\xc8\xfe\xf5\
J\x90\x05\x00\xf9\x12d\x01I4%\x83x,A\x16\
\xb9k4\x1a1;;k \xc8\xda\xf0\xf0p\x0c\x0f\
\x0f\x1b\x08\x00\xc8\x94 \x0b\xd8VE9\xad\xd0\xb5\x83\
(\x83\x03\x07\x0e\x18\x04\xb2755e\x10\x00 c\
\x82,\xa0k\x9d\x86O\xfd\xfe[\xda\x0d\xbf\x5c\x1f\x8b\
\x9cU*\x958r\xe4\x88\x81 {333\x06\x01\
\x002&\xc8\x02\xee\xaa\xdf\xa1\xd3\xa0\xfe\xa6V\xaf\xa9\
\xb5c\xc7\x0e\x93N\xd6\xfb\xb3U\x87\x94\x81 \x0b\x00\
\xf2&\xc8\x02\xb6\xb5\xb1\xbe\xdb\xcf\xdd\xac\xac\xea\xe4\xb9\
#\xac\xc8\x22o7n\xdc0\x08\x94\x82\xeb\xc0\x01@\
\xde\x04Y@_l\xc7j\xaev\xc2\xaf;\xb1\x22\x0b\
\xfb$\xa4mjj*\xea\xf5\xba\x81\x00\x80\x8c\x09\xb2\
\x80\x815\xc7\xbd\xb8 {\xaf\xb7\xb9\xf5\xf7Vda\
_\x85\xb4\xcd\xcf\xcf\x1b\x04\x00\xc8\x9c \x0b(\x5c\xd3\
\xdbN\xf8\xd4\xabp\xabR\xa9D\xa3\xd10\xf1\xd8\xa7\
!a\x0b\x0b\x0b\x06\x01\x002'\xc8\x02\x0a\xd1T\xb7\
\xf3\xcd\x87\x9d4\xec[=\xce\xf4\xf4tT\xab\x0e\x89\
\x00\xa9\xaa\xd5j\xae\x8f\x05\x00%\xa0k\x03z\xae\x1f\
+?\xdaY\xa5\xd5\xc96sss&\x0e\xfb%$\
lll,*\x95\x8a\x81\x00\x80\xcc\x09\xb2\x80\x814\
\xc6Eo\xa2}];@\xdaj\xb5\x9aA\x00\x80\x12\
\x10d\x01\xdb\xeen\xd7\xbc\xdaj\x95U\xab\xab\xb0Z\
\xb9\xa6\x96\xd3Q(\xd3~\x06\x00\x00\xa9\x12d\x01\x03\
ox{\xfd\xf8\x9d\x9cVx\xbb\xe9\xe9i\x13\x8f\xfd\
\x1a\xd48\x00Pp\x82,\xa0\xf0\x8d\xc4 \x1esj\
j\xca\xe4\x01\x00\x00\x14\x9c \x0b\xe8H?\xae\x8f\xb5\
]+\xc1\x9a\xcd\xa6 \x0b\xfb,\x00\x00$@\x90\x05\
\x14\xb2\xb9\xee\xc7\xf5\xb1\xeeerr\xd2d\x00\x00\x00\
\x14\x9c \x0bx\x87\xa2]\x1fk\xab\xfbw\x12^\xdd\
)\x10\xb3\x22\x0b\xfb6\x00\x8e\xe5\x00\xc5'\xc8\x02\xfa\
\xfa\xe6j;\xdfp\xb5\xf2m\x85\x9b\xac\xc8B\xf3\x03\
j\x1c\x00(>A\x16P\x88f\xa1\x9d\xd3\x06\xfb\x11\
\x98\x8d\x8d\x8d\x99X\x00\x00\x80\x82\x13d\x01\xdb\xa6\xdb\
\xf0\xa9\xdb\xd3\x0ao5::jB\x00\x00\x00\x0aN\
\x90\x05\x0cL\xaf\xaf\x8f\xd5\xcb\xbf\xc7\x8a,\xec\x7f\x00\
\x00P|\x82,@\x03\x1fVd\x01\x94\xe1X\x0f\x00\
\xa4O\x90\x05\xf4\xa4\x09\xe8g\x03\xd1\xceE\xdb;\xfd\
{\xac\xc8\xc2\xfe\x0di\xabT*\x06\x01\x00J@\x90\
\x05l{\xe3\xdcIP\xd5\xeb\x06}dd\xc4\x84\x01\
\x00\x00\x14\x9c \x0bhK\xafVu\x14\xe9B\xef\x11\
\x11\xc3\xc3\xc3&\x17\xfb.\xa8q\x00\xa0\xe0\x04Y@\
)\x1b\x8c\xdbW\x81\x09\xb2\x00\x00\x00\x8aO\x90\x05\x14\
\xd2\xa0W~\x0d\x0d\x0d\x19t\xecS\x00\x00Pp\x82\
,\xa0\xf4\x0d{\xbd^w\x91`\x00\x00\x80\x04\x08\xb2\
\x80\xae\xf5\xf3\xdb\x0e\xb7\xba\x10|/V\x998\xad\x10\
\xfb)\x00\x00\xa4A\x90\x05\xf4\xa5\xc9\xed\xe7\xb7\x0f\xf6\
\xfaB\xef\xb5ZM\x01\x00x\x1d\x03\x00\x12 \xc8\x02\
J\xd7l\xdc\xbe\xcaK\x90\x05\x00\x00\x90\x06A\x16\xd0\
\xb2N\x03\xa8\xa2\x7fJ.\xc8\xc2\xfe\x0b\x00\x00i\x10\
d\x01\xd96\xdc\xad>N\xb5\xeaP\x08\x00\x00\x90\x02\
\xdd\x1b\x90\x95NB\xb0z\xbdn\xe0\x00\x00\x00\x12 \
\xc8\x02\x0ak\x10\xdfX\x18aE\x16\xe5\xdb\x9f\x00\x00\
 U\xba7 \xfb\xc6z\xab\xe7\xa9T*&\x03\x00\
\x00 \x01\x82,\xa0\xab@\xa9W+\xa5Z\xdd\xa6\xdb\
\xe7\xbb\xd3*/A\x16\xf6sP\xe3\x00@\x1a\x04Y\
@\xe9\x09\xb2\x00\x00\x00\xd2 \xc8\x02\x06\xaa\x88\x9f\x98\
\x0b\xb2\xb0\xef\x01\x00@\x1a\x04Y@_\x9b\xe0v\xb7\
\xebU\xb3\xadi\x07\x00\x00\xc8\x8f \x0b\xc8F\xa7\xe1\
\x95\x15Y\x00\x00\x00i\x10d\x01\x85\xb4U(\xd5\xcb\
\x15W\x82,\xecS\xa0\xc6\x01\x804\x08\xb2\x00\xcd\x09\
\x00\x00\x00I\x10dA\xc9mWH4\xa8\xe7\xbd\xdb\
\xf3\xdcz\xbb\x15Y\x00\x00\x00i\x10d\x01\xdb\xae\xd5\
P\xebN\xf7\xebE &\xc8\xc2~\x06\x00\x00i\x10\
d\x01=m\x8c\x8b\xdc,k\xe4\x01\x00\x00\xd2&\xc8\
\x02J\xcf\x8a,\x00\x00\x804\x08\xb2\x80\x81\xb1\x22\x0a\
\x00\x00\x80n\x08\xb2\x80\xec\x08\xcc\xc0~\x01\x00@\x9e\
\x04Y\x80\xc6\x19\x00\x00\x80$\x08\xb2\x80\xc2\xe8&\xf8\
\xeaf[\xd7\xc8\x02(\xf7k\x08\x00\x90\x0eA\x16P\
\xfa\xe6@\x90\x05\x00\x00\x90\x06A\x16\x90\x9c^\x07k\
\x82,\xec7\x00\x00\x90\x06A\x16P\xfa\xc6\xbdZu\
(\x04\x00\x00H\x81\xee\x0d(\x9c[\x03\xa8~\xac\x22\
\xb12\x05\x00\x00 M\x82,\xa0\xf4\x9cZ\x08\x90>\
\x1fR\x00@9\x08\xb2\x80R4\x1b\xf7zNA\x16\
\xf6;\x00\x00H\x83 \x0bH\xb6\xb9\xeeUc.\xc8\
\x02H\x9fc9\x00\x94\x83 \x0b\xe8\xc8\xa0Ww\xf4\
\xf3\xf94?\x00^\x97\x00\x804\x08\xb2\xc0\x9b\xfe\xd2\
\x13d\x01\x00\x00\xa4A\x90\x05\xf4\x8c`\x0c\x00\x00\x80\
~\x12d\x01\xa5gE\x16\x00\x00@\x1a\x04Y@V\
:Y\x15&\xc8\xc2\xbe\x01\x00\x00i\x10d\x01\x0e\x84\
U\x87B\x00\x00\x80$\xfa7C\x00\x94Y\xb3\xd9\xb4\
\x22\x0b\x00\x00 \x11\x82,` \x9c\xd6\x04\x80\xd7\x19\
\x00\xa0[\x82,\xa0\xf4\xac\xc8\x02p,\x07\x00\xd2 \
\xc8\x024?\x9a\x1f\x80\xe4Y\x91\x05\x00\xe5 \xc8\x02\
\x92o@\xbam^\x04Y\xd8\xc7\x00\x00 \x0d\x82,\
\xa0\xf4\xcd\xafo-\x04\x00\x00H\xa4\x7f3\x04@\xd9\
Y\x91\x05\x00\x00\x90\x06A\x16\x00\x00\x00\x00I\x10d\
\x01\xa5gE\x16\x00\x00@\x1a\x04Y@\xe9\x09\xb2\x00\
\x00\x00\xd2 \xc8\x02\x1c\x08]\xec\x1d y\xbe\x99\x13\
\x00J\xd2\xbf\x19\x02\xa0\xec\x0d\x85\x15Y\x00\xe9s,\
\x07\x80r\x10d\x01\x00\x00\x00\x90\x04A\x16Pz>\
\xc5\x07\x00\x00H\x83 \x0b(\x95;\x9d\xf2(\xc8\x02\
\xc8\xf3\xf8\x0e\x00\xe4G\x90\x05$\xd5\x94\xb4\xda\xa8\xb4\
\xd3\xd0\xb8\xd8;\x00\x00@\x1ato@\xa1l\xc7'\
\xeaVd\x01\x00\x00\xa4A\x90\x05\x00\x00\x00@\x12\x04\
Y@\xe9Y\x91\x05\x00\x00\x90\x06A\x16Pz\x82,\
\x00\x00\x804\x08\xb2\x00\x07B\x17{\x07\x00\x00H\xa3\
\x7f3\x04@\xd9Y\x91\x05\x00\x00\x90\x06A\x16\x00\x00\
\x00\x00I\x10d\x01\xa5gE\x16@\xfa\x9a\xcd\xa6A\
\x00\x80\x12\x10d\x01\xa5'\xc8\x02\x00\x00H\x83 \x0b\
p t\xb1w\x00\x00\x804\xfa7C\x00\x94\x9d\x15\
Y\x00\x8e\xe5\x00@\x1a\x04Y\x00\x00$\xcf5\xb2\x00\
\xa0\x1c\x04Y@\xe9\xf9\x14\x1f\x00\x00 \x0d\x82,\xa0\
\xf4\x04Y\x00\x00\x00i\x10d\x01\xa5'\xc8\x02\x00\x00\
H\x83 \x0bp \xf4\xad\x85\x00\x00\x00i\xf4o\x86\
\x00\x00\x00\x00\x80\x14\x08\xb2\x80\xd2sj!\x00\x00@\
\x1a\x04Y@\xe9\x09\xb2P\xe7\x00\x00\x90\x06A\x16\xa0\
\xc1\xd7\xe0\x03\x00\x00$A\x90\x05\x94\x9e \x0b\x00\x00\
 \x0d\x82,\xc0\x81\xd0\xb7\x16\x02$\xaf\xd9l\x1a\x04\
\x00(C\xfff\x08\x00\x00\x00\x00H\x81 \x0b(=\
\xa7\x16\x028\x96\x03\x00i\x10d\x01\x9a\x1f\xcd\x0f\x00\
\x00@\x12\x04Y@\xe9\x09\xb2\x00\xd2\xe7\x1aY\x00P\
\x0e\x82,\xa0\xf4\x04Y\xa8s\x00\x00H\x83 \x0b\xd0\
\xe0k\xf0\x01\x1c\xcb\x01\x80$\x08\xb2\x00\xcd\x8f\xe6\x07\
 yN-\x04\x80r\x10d\x01\xa5'\xc8\x02\x00\x00\
H\x83 \x0b(=A\x16\x00\x00@\x1a\x04Y@\xe9\
\x09\xb2P\xe7\x00\x00\x90\x06A\x16\xa0\xc1\xd7\xe0\x03\x00\
\x00$A\x90\x05\x00\x00\x00@\x12\x04Y\x80\x03a\xd5\
\xa1\x10\x00\x00 \x89\xfe\xcd\x10\x00e\xe7\xd4B\xd49\
\x00\x00\xa4A\x90\x05h\xf05\xf8\x00\x00\x00I\x10d\
\x01\xa5'\xc8\x02\x00\x00H\x83 \x0b\x00\x00\x00\x80$\
\x08\xb2\x80\x81j6\x9bw\xfcw\xab\xdb\xb4\xbbm+\
\xf7\xb5\x22\x8b2P\xe7\x00\x00\xe4@\x90\x05h\xf05\
\xf8\x00\x00\x00I\x10d\x01\xa5'\xc8\x02\x00\x00H\x83\
 \x0b(=A\x16\x00\x00@\x1a\x04Y@\xe9\x09\xb2\
P\xe7\x00\x00\x90\x06A\x16\x00\x00\x00\x00I\x10d\x01\
\x0e\x84U\x87B\x00\x00\x80$\xfa7C\x00\x94\x9dS\
\xaeP\xe7\x00\x00\x90\x06A\x16\xa0\xc1\xd7\xe0\x03\x00\x00\
$A\x90\x05\x94\x9e \x0b\x00\x00 \x0d\x82,\xa0\xf4\
\x04Y\xa8sH_\xb3\xd94\x08\x00P\x02\x82,\x00\
\x00\x92'\xac\x05\x80r\x10d\x01\x9a\x1f\xcd\x0f\x00\x00\
@\x12\x04Y@\xdb\xeet\xfaF\xca\xa7t\x08\xb2(\
\x03u\x0e\x00@\x0e\x04Y\x80\x06_\x83\x0f\x90<\xd7\
\xc8\x02\x80r\x10d\x01\xa5'\xc8B\x9d\x83\x1a\x07\x00\
\xd2 \xc8\x024?\x9a\x1f\x00\x00\x80$\x08\xb2\x80l\
tzZ\x89 \x0b\x00\x00 \x0d\x82,\xa0\xf4\x04Y\
\xa8sH\x9fkd\x01@9\x08\xb2\x00\x0d\xbe\x06\x1f\
\x00\x00 \x09\x82,\xa0\xf4\x04Y\x00\x00\x00i\x10d\
\x01\xa5'\xc8B\x9d\x83\x1a\x07\x00\xd2 \xc8\x02\x00M\
>$\xcf5\xb2\x00\xa0\x1c\x04Y\x80\x06_\x83\x0f\x00\
\x00\x90\x04A\x16\x94\xd4 ?\xb9.\xea\xa7\xe4\x9b\x7f\
\x97 \x0b\x00\x00 \x0d\x82,\xa0\xf4\x04Y\xa8sP\
\xe3\x00@\x1a\x04Y\x80\xe6G\xf3\x03\x00\x00\x90\x04A\
\x16\x00\x94\x80\xc0\x96\xdc\xb9\xd8;\x00\x94\x83 \x0b\xd0\
\xe0k\xf0\x01\x00\x00\x92 \xc8\x02\x80\x12\x10\xd8\x02\x00\
\x90\x03A\x16\xa0\xc1\xd7\xe0\x038\x96\x03\x00I\x10d\
\x01\xdb\xae\x9b\xeb\x9a\xf4\xe2\x9a(\x9a\x1f4\xf9P\xee\
\xd7\x12\x00 \x1d\x82,@\x83\xaf\xc1\x07\x00\x00H\x82\
 \x0b(=A\x16\xea\x1c\x00\x00\xd2 \xc8\x024\xf8\
\x1a|\x00\xc7r\x00 \x09\x82,\xe0\xae\x5co\x04\x00\
\x00\x80\x22\x11d\x01\xa5\xe7S|r\xf7\xd6[o\x19\
\x04\xb2\xe7\xc3\x17\x00(\x07A\x16Pz\x82,4\xf8\
\x00\x00\x90\x06A\x16Pz\x82,r'\xc8\x02\x00 \
\x17\x82,\xa0\xf4\x04Y\xe4\xee\xc6\x8d\x1b\x06\x01\xc7r\
\x00 \x0b\x82,@\xf3\xa3\xf9\x01\x00\x00H\x82 \x0b\
(=A\x16\xb9sj!\x00\x00\xb9\x10d\x01@\xe6\
\x04Y\xa8s\x00 \x17\x82,\xa0\xf4\xac\xc8\x22w\xae\
\x91\x85c9\x00\x90\x0bA\x16\xd0s\xa9}*\xae\xf9\
\xc1>\x09\x00\x00i\x10d\x01\xa5'\xc8\x22w\x82,\
\x00\x00r!\xc8\x02JO\x90E\xee\x9cZ\x08\x00@\
.\x04Y@\xe9\x09\xb2\x00\xd2g\xe5!\x00\x94\x83 \
\x0bH\xa6!i\xb5I\xb9\xdb\xfd49\xd8\x9f _\
>\x94\x00\x80r\x10d\x01\x9a\x1f\xcd\x0f\x99\x13d\x01\
\x00\x90\x0bA\x16Pz\x82,r\xf7\xd6[o\x19\x04\
\x00\x00\xb2 \xc8\x02\x80\xccY\x91\x05\x00@.\x04Y\
@\xe9\x9bm+\xb2\xb0o\x01\x00@\x1a\x04Y@\xe9\
\x09\xb2\xc8\x9d \x0b\x00\x80\x5c\x08\xb2\x80\xd2\x13d\x91\
;A\x16\x00\x00\xb9\x10d\x01@\xe6\x04Y\x00\x00\xe4\
B\x90\x05\x00\x99\x13d\x01\x00\x90\x0bA\x16PzN\
-$w\x82,\x00\x00r!\xc8\x02JO\x90E\xee\
n\xdc\xb8a\x10\x00\x00\xc8\x82 \x0b(=A\x16\x00\
\x00@\x1a\x04Y@\xe9\x09\xb2\xc8\x9dS\x0b\x01\x1c\xcf\
\x01r!\xc8\x02\x00\x8d\x0f$\xcf\x87\x12\x00P\x0e\x82\
,@\xf3\xa3\xf9!s\x82,\x00\x00r!\xc8\x02\x80\
\xcc\x09\xb2P\xe7\x00@.\x04Y@\xe9Y\x91E\xee\
|k!\x00\x00\xb9\x10d\x01@\xe6\xacT\x01\x00 \
\x17\x82,\xa0\xf4\xac\xc8\x22w\x82,\x00\x00r!\xc8\
\x02JO\x90E\xee\x04Y8\x96\x03\x00\xb9\x10d\x01\
\x9a\x1f\xcd\x0f\x99\x13d\x01\x00\x90\x0bA\x16Pz\x82\
,r'\xc8B\x9d\x03\x00\xb9\x10d\x01\x80\x06\x1f\x00\
\x00\x92 \xc8\x02\x80\xcc\x09\xb2(\x03\xabk\x01\xa0\x1c\
\x04Y\x80\xe6G\xf3C\xe6\x04Y\x00\x00\xe4B\x90\x05\
\x94\x9e \x8b\xdc\x09\xb2\x00\x00\xc8\x85 \x0b(=A\
\x16\xb9\x13d\x01\x00\x90\x0bA\x16\x00dN\x90\x85\x1a\
\x07\x00r!\xc8\x02J\xcf\x8a,4\xf9\x00\x00\x90\x06\
A\x16Pz\x82,r'\xc8B\x8d\x03\x00\xb9\x10d\
\x01\xa5'\xc8\x02\x00\x00H\x83 \x0b\x002w\xe3\xc6\
\x0d\x83\x00\x00@\x16\x04Y\x00\x909\xa7]\xa1\xc6\x01\
\x80\x5c\x08\xb2\x80\xd2sj!\x9a|\x00\x00H\x83 \
\x0b(=A\x16\xb9\x13d\x01\x00\x90\x0bA\x16Pz\
\x82,r'\xc8B\x8d\x03\x00\xb9\x10d\x01\x00\x00\x00\
\x90\x04A\x16PzVd\x91;\xabUP\xe3\x00@\
.\x04Y\x00\xa0\xc9\x07\x00\x80$\x08\xb2\x80\xd2\xb3\x22\
\x8b\xdc\x09\xb2\x00\x00\xc8\x85 \x0b\x002'\xc8B\x8d\
\x03\x00\xb9\x10d\x01\x80&\x1f\x00\x00\x92 \xc8\x02J\
\xcf\xa9\x85\xe4N\x90\x85\x1a\x07\x00r!\xc8\x02\x00\x00\
\x00 \x09\x82,\xa0\xf4\xac\xc8\x22wV\xab\x00\x00\x90\
\x0bA\x16\x00dN\x90\x85\x1a\x07\x00r!\xc8\x02J\
\xcf\x8a,rw\xe3\xc6\x0d\x83\x00\x00@\x16\x04Y\x00\
\x909\xabU\x00\x00\xc8\x85 \x0b(=+\xb2\x00\x00\
\x00\xd2 \xc8\x02JO\x90E\xee\xac\xc8B\x8d\x03\x00\
\xb9\x10d\x01\x00\x00\x00\x90\x04A\x16\x00d\xcej\x15\
\x00\x00r!\xc8\x02\x80\xcc\x09\xb2P\xe3\x00@.\x04\
Y@\xe9\xb9F\x16\x9a|\x00\x00H\x83 \x0b\x002\
'\xc8B\x8d\x03\x00\xb9\x10d\x01\xa5gE\x16\x00\x00\
@\x1a\x04Y\x00\x909\xabU\x00\x00\xc8\x85 \x0b(\
=+\xb2\xc8\x9d \x0b5\x0e\x00\xe4B\x90\x05\x94\x9e\
 \x0b\x00\x00 \x0d\x82,\x00\xc8\x9c\xd5*\x00\x00\xe4\
B\x90\x05\x94\x9e\x15Y\xe4\xee\xc6\x8d\x1b\x06\x81\xac\x09\
k\x01\xa0<\x04Y\x00\x00\x00\x00$A\x90\x05\x00\x99\
\xb3Z\x05\x00\x80\x5c\x08\xb2\x00\x00\x00\x00H\x82 \x0b\
(=\xd7\xc8\x22wVd\xa1\xc6\x01\x80\x5c\x08\xb2\x00\
@\x93\x0f\x00\x00I\x10d\x01\xa5gE\x16\xb9\x13d\
\xa1\xc6\x01\x80\x5c\x08\xb2\x00\x00\x00\x00H\x82 \x0b(\
=+\xb2\x00\x00\x00\xd2 \xc8\x02JO\x90E\xee\x9c\
v\x85\x1a\x07\x00r!\xc8\x02\x00M>\x00\x00$A\
\x90\x05\x00\x00\x00@\x12\x04Y@\xe99\xb5\x90\xdcY\
\x91\x05\x00@.\x04Y\x00\x909A\x16j\x1c\x00\xc8\
\x85 \x0b\x00\x00\x00\x80$\x08\xb2\x00 sV\xab\xa0\
\xc6\x01\x80\x5c\x08\xb2\x00@\x93\x0f\x00\x00I\x10d\x01\
@\xe6\x04Y\x00\x00\xe4B\x90\x05\x00\x00\x00@\x12\x04\
Y\x00\x909+\xb2P\xe3\x00@.\x04Y@\xe9U\
*\x15\x83\x00\x00\x00\x90\x00A\x16\x00\x00\x00\x00I\x10\
d\x01@\xe6\x9cv\x85\x1a\x07\x00r!\xc8\x02\x00M\
>\x00\x00$A\x90\x05\x94\x9ekd\x01\x00\x00\xa4A\
\x90\x05\x00\x99\xb3\x22\x0b\x00\x80\x5c\x08\xb2\x00\x00H\x9a\
\xb0\x16\x00\xcaC\x90\x05\x00\x00\x00@\x12\x04Y@\xe9\
\xb9F\x16\xb9\xb3Z\x05\x00\x80\x5c\x08\xb2\x00 s\x82\
,\x00\x00r!\xc8\x02\x80\xcc\x09\xb2P\xe3\x00@.\
\x04Y\x00\x00\x00\x00$A\x90\x05\x94\x9ekd\x01\xa4\
\xcd\x8a,\x00(\x0fA\x16\x00d\xee[\xdf\xfa\x96A\
 k\xff\xfe\xef\xffn\x10\x00\xa0$\x04Y\x00\x90\xa9\
7\xdex#^z\xe9\xa5\xf8\xcaW\xbeb0\xc8\xd6\
\xdf\xfd\xdd\xdf\xc5\xdf\xff\xfd\xdf\x1b\x08\xb2\xd6l6\xe3\
\xf5\xd7_\x8f\xff\xf9\x9f\xff1\x18@\xe9\x09\xb2\x00 \
C\x7f\xfe\xe7\x7f\x1eW\xaf^\x8d\xbf\xf9\x9b\xbf1\x18\
d\xdb\xd8\xff\xc5_\xfcE\xfc\xed\xdf\xfe\xad\xc1 k\
\xdf\xfc\xe67\xe3\xab_\xfdj|\xe3\x1b\xdf\x88\x1b7\
n\x18\x10\xa0\xf4\xea\x86\x00(;\xd7\xc8\x22'\xdf\xfd\
\xeew\xe3\xb5\xd7^\x8b?\xfb\xb3?3\x18d\xeb\xc6\
\x8d\x1b\xf1\xe5/\x7f9\xbe\xfa\xd5\xaf\x1a\x0c\xb2\xf5\xfd\
\xef\x7f?\xbe\xf6\xb5\xaf\xc5\x9bo\xbe\xd9\xd6\xfb\x15\xef\
k\x80\xdc\x09\xb2\x00 \x13_\xff\xfa\xd7\xe3\xe3\x1f\xff\
x\xfc\xd3?\xfd\x93\xc1 [?\xf8\xc1\x0f\xe2O\xfe\
\xe4O\xdeQ\xe7.\xf6Nn\xfe\xfb\xbf\xff;\xbe\xf6\
\xb5\xaf\xc5[o\xbde0\x00n#\xc8\x02\x80\x0c|\
\xe5+_\x89\x9f\xf9\x99\x9f\x89o~\xf3\x9b?\xf4;\
M>\xb9\xf8\xde\xf7\xbe\x17\x7f\xfc\xc7\x7f\x1c\xdf\xf8\xc6\
7\x0c\x06Y\xfa\xc1\x0f~\x10\xff\xfa\xaf\xff\x1ao\xbe\
\xf9\xa6\x95U\x00w!\xc8\x02\x80\xc4\xfd\xf5_\xffu\
|\xeaS\x9f\x8a\xef\x7f\xff\xfb\x06\x83l}\xfb\xdb\xdf\
\x8e/}\xe9K\xf1\x9f\xff\xf9\x9f\x06\x83,}\xeb[\
\xdf\x8a\x7f\xfe\xe7\x7f\xbe\xe3\xb1\x5c\xa8\x05\xf0\xff\x09\xb2\
\x80\xd2\xf3\xe6\x90\x94}\xf9\xcb_\x8eW_}\xd5\xe9\
'd\xed\xcd7\xdf\x8c/}\xe9Ko_+\xe8v\
V\x1d\x92\xba\xd7_\x7f=\xbe\xfe\xf5\xaf\xabe\x80\x16\
\x08\xb2\x00 Q\x7f\xfa\xa7\x7f\x1a\xaf\xbe\xfa\xea\x96\x8d\
\x8f\xc6\x88\x94\xbd\xf1\xc6\x1b\xf1G\x7f\xf4G\xf1\xedo\
\x7f\xdb`\x90\x9df\xb3\x19\xff\xf6o\xff\x16o\xbc\xf1\
\x86\x0f\xd6\x00Z$\xc8\x02\xfe\x1f{\xf7\x1e\x5c\xf5]\
\xe7\x7f\xfcM\xabAm\xaa\x0e\xadnp\xd4\xfcv\xdd\
\xb8:\xe9\xce.\xec\xb8\xb2\x8e\xd2u\x17\x1d\x07F\xa7\
\xa8#\xea\x888M\x0b\x04J\xb9TZ*\x94\x1d\x91\
*\x96\x95\x16-\xb2N\x97\xbam\xad\x10(\xb7\x96\xd0\
\x0b\xf4\x16\xda\x92V\x9b\x1b\x09\xb9qI\x80&\x01\x92\
@\x92\x93\xdb9\xb9\xfc\xfep\xd3\x0d!\xe7\x9c\xef\xf7\
\xf3\xfd|\xbe\xd7\xe7c\xa63%9\xe7\xe4\x5c\xde\xdf\
O\xbe\xefW>\x9f\xcf\x17@\x00=\xf7\xdcs\xb2z\
\xf5jB*\x84\xda\xd9\xb3ge\xfb\xf6\xed\xd2\xd7\xd7\
\xc7\x9b\x81\xd0\x19\x1a\x1a\x92\xfa\xfa\xfa\xa43\x0d\xd3!\
\xf8\x02\x10U\x04Y\x00\x00\x04LQQ\x91\xac\x5c\xb9\
R\x86\x86\x86x3\x10Z\xf5\xf5\xf5\xf2\xd4SOI\
\x22\x91H{[\x02]\x04\xcd\xe0\xe0\xa0\xd4\xd4\xd4H\
WW\x17o\x06\x00\xd8D\x90\x05\x00@\x80\x94\x95\x95\
\xc9\x9dw\xdei\xa9\xb9\xa7\xc9GP\x1d;vL\xf6\
\xef\xdfOX\x8bP\x1a\x1c\x1c\x94\xea\xeaj\xe9\xea\xea\
bV\x15\x00( \xc8\x02\x00  N\x9d:%\x0b\
\x17.d\x99\x15B\xed\xad\xb7\xde\x92\xe7\x9f\x7f\x9e\x00\
\x16\xa1488(\xc7\x8f\x1f\xf7|\xcf7\x024\x00\
AF\x90\x05\x00@\x00\xb4\xb4\xb4H^^\x9e\x5c\xbe\
|\x997\x03\xa1\xf5\xca+\xafHQQ\x11o\x04B\
ihhH\xaa\xab\xab\x8d\x86X\x04T\x00\xa2\x80 \
\x0b\x00\x00\x9f\xbbt\xe9\x92\xdcz\xeb\xad\xd2\xdc\xdc\xcc\
\x9b\x81P\x1a\x1e\x1e\x96g\x9f}V\xfe\xfc\xe7?+\
\xdf\x1f\xf0{\x8d\xd7\xd4\xd4Hgg'a\x13\x008\
D\x90\x05\x00\x80\x8fuww\xcbm\xb7\xdd&\xa7N\
\x9dr\xd4@\x01~588(\xfb\xf6\xed\x93\xaa\xaa\
*\xde\x0c\x84\xd2\xf0\xf0\xb0\xd4\xd5\xd5\xa5\x9cQ;6\
\xdc\x22\xec\x02\x80\xe4\x08\xb2\x00\x00\xf0\xa9\x9e\x9e\x1e\xb9\
\xfd\xf6\xdbi\xf0\x11Z\x89DBv\xee\xdc)'O\
\x9et\x1c\x14\x00~u\xe2\xc4\x09ikk\x13\x11\x02\
*\x00\xd0\x81 \x0b\x00\x00\x1f\xea\xee\xee\x96\xf9\xf3\xe7\
KII\x09o\x06B\xa9\xb7\xb7W\xb6o\xdf.\xe7\
\xce\x9d\xe3\xcd@h\x9d>}Z.\x5c\xb80n\x80\
e5\xd4\x22\xfc\x02\x80+\x11d\x01\x00\xe03\x97/\
_\x96\xf9\xf3\xe7\xcb\xb1c\xc7\xb4<\x1e\xb3U\xe07\
]]]\xf2\xe4\x93O\xca\xc5\x8b\x17e\xc2\x84\x09\xd4\
(B\xe9\xec\xd9\xb3\xd2\xd4\xd4d\xe4\xb1\x09\xb7\x00D\
\x19A\x16\x80\xc8\xa3\x81\x82\x9f455\xc9m\xb7\xdd\
&\xa7O\x9f\xbe\xaaY\xa1V\x11\x06\xed\xed\xed\xf2\xe4\
\x93O^\xb1_\x10u\x8e0\x8e\xe5g\xce\x9c\xb9\xaa\
\xbe\x01\x00\xce\x11d\x01\x00\xe0\x13\x95\x95\x95\xb2h\xd1\
\x22\xb9x\xf1\xe2\xb8\xdf\x1fi\x86h\xf4\x11T\xe7\xcf\
\x9f\x97'\x9f|R\xba\xbb\xbb\x93\xdeF\xa5\xce9&\
\xe0\xb7:?u\xea\x14\x01\x16\x00\x18r\x0do\x01\x00\
\x00\xde;t\xe8\x90\xcc\x9d;7i\x885\xb6\xd1\xb7\
\xd3 \xd1\xe4\xc3\x0f\xce\x9c9#\x8f=\xf6X\xca\x10\
\xcbI\x9d\x03~\xd0\xda\xda*\xf5\xf5\xf5\xb6\xf6\xc4\xe2\
\x8a\x85\x00`\x0f3\xb2\x00\x00\xf0\xd8\x1f\xfe\xf0\x07\xf9\
\xf9\xcf\x7fn;pb\x86\x16\x82\xa2\xae\xaeNv\xef\
\xde-\x03\x03\x03\xb6\xefK\x9d#(Z[[\xa5\xb6\
\xb6\xd6V]\x03\x00\xec#\xc8\x02\x00\xc0C\xbf\xfa\xd5\
\xaf\xe4\xbf\xff\xfb\xbf\x1d=\x06\x9be\xc3\xcf***\
\xe4\x99g\x9e\x91\xa1\xa1!cuN\xfd\xc3k\x17.\
\x5c\x90\xba\xba\xbaq\xeb\xd6i\xdd\x9b\xb8-\x00\x04\x19\
A\x16\x00\x00\x1eH$\x12\xb2z\xf5jy\xe6\x99g\
\xb4<\x1ea\x16\xfc\xe8\xcd7\xdf\x94\x17^xA\xdb\
\xe3Q\xe7\xf0\xa3\x96\x96\x96\xa4\xcb\x09M \xb0\x02\x10\
u\x04Y\x00\x00\xb8\xac\xbb\xbb[\x96,Y\x22G\x8f\
\x1e5\xd2\xdc\x8cm\xf4i\xfc\xe1\x85\x97_~Y^\
{\xed5cM<u\x0d?hll\x943g\xce\
\x5c\x11.\xd9\xd9\x1f\xcb\x0b\x04a\x00\x82\x8e \x0b@\
\xe4\xd1\x0c\xc1M\x17.\x5c\x90\x05\x0b\x16HMM\x8d\
\xd1&\x85\xba\x86\x97c\xea\xc1\x83\x07\xa5\xa4\xa4\xc4x\
3>R\xe7\xd4;\xdc644$uuu\x96.\
\xd01^\xed\x8e\xf7\xff\xe3\xfd\xdb\xc4q\x03\x00AG\
\x90\x05\x00\x80KN\x9d:%\xb7\xdf~\xbb455\
\x19\xffY\x84Y\xf0\xc2\xe0\xe0\xa0\xec\xdb\xb7O\xaa\xab\
\xab]\xa9A\xea\x1c^\x88\xc7\xe3r\xfc\xf8q\xe9\xea\
\xeaJ[\x9f\x00\x00\xfd\x08\xb2\x00\x00pAII\x89\
,^\xbcX:::\xaehnL6\xe1#M>\
\x8d>\xdcj\xeew\xed\xda%\xa7O\x9fN\xda\xc8\x9b\
\xa8E\xc2\x02\xb8\xa9\xb3\xb3S\x8e\x1f?.\xf1x\xfc\
\xdd\xdaK\xb7\xac\x90\xda\x06\x00\xbd\x08\xb2\x00\x000\xec\
\xd0\xa1C\xb2r\xe5J\x89\xc7\xe3i\x1b\x15\xdd\x8d>\
\x8d\x10\xdc\xd0\xdb\xdb+\xdb\xb7oO;\xdb\xd0\xad\x10\
\x170\xa1\xa9\xa9IN\x9e<)\xc3\xc3\xc3\x9e]M\
0\xd9c1\xd6\x03\x88\x12\x82,\x00\x00\x0cz\xf2\xc9\
'\xe5\xe7?\xff\xb9\xe5\xa6\x9d\x8d\xac\x114\x9d\x9d\x9d\
\xf2\xc7?\xfeQZ[[\x95\x1arj\x1d~78\
8h{?,+\x81\x93\xdb\xfbc\x01@X\x10d\
\x01\x00`\xc8\xaf~\xf5+\xd9\xb6m\x9b\xd2}\x99\xb9\
\x82 hkk\x93?\xfe\xf1\x8f\xd2\xd1\xd1\xa1\xfc\x18\
\x04Z\xf0\xb3\xee\xeen9~\xfc\xb8\xf4\xf4\xf4\xa4\xbd\
\x1a!A\x14\x00\xb8\x83 \x0b\x00\x00\xcd\x12\x89\x84\xac\
^\xbdZ\x0e\x1c8\xa0\xe5\xf1\xd8\xd0\x1a~\xd4\xdc\xdc\
,\xdb\xb7o\x97\x9e\x9e\x1e\xcf\xeb\x9c\xe3\x03&\xb4\xb4\
\xb4H}}\xbd\x0c\x0d\x0d\xd9\x0a\xact\x84[\x84b\
\x00\x90\x1cA\x16\x80\xc8\xa3\x01\x82N\xdd\xdd\xdd\xb2t\
\xe9R9z\xf4\xa8\xd6\x00\xca\xc9\xac\x15j\x1c\xba5\
66\xca\xce\x9d;\xaf\xd8\xf0ZG\xbd1;\x0b~\
044$uuur\xfe\xfcyK\xf5j\xb7\xbe\
\xc7\xbb\xaf\x95\xc7r\x1an\x11\x8e\x01\x08\x0b\x82,\x00\
\x004\xb9x\xf1\xa2,\x5c\xb8Pjjj\xd26\x0e\
\xaa\x8d:\xb3\xb3\xe0\xb5\xda\xdaZ\xd9\xb7o\x9f\x0c\x0c\
\x0cXj\x96U\xea\x95:\x87Wz{{\xa5\xb2\xb2\
R\xba\xbb\xbbm]\x950\xdd\xb2C\x93\x08\xa8\x00D\
\x0dA\x16\xed\xb4\xa7o\x00\x00 \x00IDAT\x00\
\x00\x1a\x9c:uJ\x16,X\x90\xf6\xaam\xe35\x1e\
v\x1bvf\xad\xc0+\xe5\xe5\xe5r\xf0\xe0A\x19\x1a\
\x1aRj\xb2\xed\xd4,a\x16\xdc\xd6\xde\xde.\xc7\x8f\
\x1f\x97\x81\x81\x01[\xcb\x07\xed~]\xf5\xb1\x01\x00\x7f\
A\x90\x05\x00\x80C\xa5\xa5\xa5\xb2x\xf1b\xe5\x0d\xaf\
M7\xfa\x84\x01\xd0\xa1\xb8\xb8X^|\xf1EG\x8f\
a7\x84\xa5\xc6\xe1\x963g\xce\xc8\xa9S\xa7R\x8e\
\xcfv\xc3+\x95\xdf\x01Nn\x03\x00QA\x90\x05\x00\
\x80\x03\x87\x0e\x1d\x92\xbb\xef\xbe[\xe2\xf1\xb8\x96\xc73\
\xd5\xe8\x03N\xbc\xf2\xca+\xf2\xfa\xeb\xafk{<;\
uN\x8d\xc3\xa4\xa1\xa1!\xa9\xad\xad\xbdb?,\x1d\
\xb3\xb1\xfc\xb6\xac\x90 \x0c@\x98\x10d\x01\x00\xa0\xe8\
\xc9'\x9f\x94_\xfc\xe2\x17F\x9al\x1a}\xf8\xc1\xf0\
\xf0\xb0<\xfb\xec\xb3RZZj\xac\x09\xd7Q\xe3\xd4\
?T\x0c\x0c\x0c\xc8\xb1c\xc7\xae\x98M\x9b,\x8cr\
2\x1b\x8be\x85\x00\xa0\x17A\x16\x00\x1a5\x1a (\
\xd8\xb4i\x93<\xfa\xe8\xa3i\x1b\x0f\xa7\xf5\xa5\xab\xd1\
\x07\xec\x1a\x1c\x1c\x94\xfd\xfb\xf7KMM\x8d\xe5\xe6Z\
ucw+\xf7\xa5\xc6\xa1S<\x1e\x97\xf2\xf2r\x89\
\xc5b\xb66j\xd7=\x1b\x8be\x85\x00`\x1fA\x16\
\x00\x006$\x12\x09\xb9\xef\xbe\xfb\xe4\xc0\x81\x03\xcaM\
\x8a\xca\xe6\xeeN\x1ax\x9a\x7f\xa84\xf9O=\xf5\x94\
444\xd8\xaeU\x93uN\x98\x05\x1d\xfa\xfb\xfb\xa5\
\xac\xacLzzz\x1c\xcd\xba\xf2z6\x16\x01\x17\x80\
\xa8\x22\xc8\x02\x00\xc0\xa2\xee\xeenY\xbat\xa9\x14\x17\
\x17;z\x1c\x95f\xdf\xca\xac\x15\x9a|\xe8\xd0\xdb\xdb\
+;v\xec\x90\xe6\xe6fO\xea\x9c\x1a\x86I\xf1x\
\x5cJKK\xa5\xb7\xb7\xd7\xd22B'\xffo\xe7\x18\
\x01\x00XG\x90\x05\x00\x80\x05\x17/^\x94\xfc\xfc|\
\xa9\xa9\xa9\xd1\xfa\xb8\xba7w'\x08\x80\x13\x9d\x9d\x9d\
\xb2}\xfbvikk\xf3\xac\xceUj\x9c\x9a\x87\x15\
\x89DB\xca\xca\xca\xa4\xb7\xb77m\xadZ\xfdz\xaa\
\xdb\xe8\xd8\xfc\x9d\xb0\x0b\x00\xaeF\x90\x05\x00@\x1a\xa7\
N\x9d\x92\x85\x0b\x17JSS\x93\xb1\x9fa\xb2\xd1\xa7\
\xc9\x87\x15mmm\xb2}\xfbv\xe9\xec\xec\xb4\xd4D\
\xab\xee\x87e*\xcc\x02R\xe9\xeb\xeb\x93\xf2\xf2r\xe9\
\xe9\xe9\xb9\xaa\xb6\xdd\xda\x0f+\xd5c\xb3\xac\x10\x00\xac\
#\xc8\x02\x00 \x85\xd2\xd2R\xb9\xe3\x8e;\xa4\xa3\xa3\
C\xb9q\xb0\xd3p\xb3\xb9;\xbc\xd0\xdc\xdc,;w\
\xee\xbcj\xcf \xbb\x8d\xb4\xd5\xda\xb5r[j\x1c\xba\
twwKyy\xb9\xf4\xf7\xf7_U\xbbN\x96\x0b\
\xa6\xba\x8d\x9ffc\x11z\x01\x08\x1b\x82,\x00\x91G\
\xa3\x84d^|\xf1E\xb9\xe7\x9e{\xa4\xbf\xbf\xdfQ\
#`w\xaf \xbb\xcb\x0d\x09\x01\xe0Dcc\xa3<\
\xf5\xd4S\x12\x8f\xc7\xb55\xcc\xba\xc2\xd8T\xb7\x19\xfd\
=j\x1d\xc9tvvJEE\x85$\x12\x89\xab\xc6\
c\x95YY:\xae2\xc8l,\x00p\x86 \x0b@\
\xe4\xd1\x00a<\x7f\xfc\xe3\x1fe\xc3\x86\x0d\xda\xeb\xc3\
N\xa8\xa5ky\x155\x8ed*++\xe5\xe0\xc1\x83\
288\xe8I\x9d;\x0d\x5c\x09l\x91J{{\xbb\
TVV\xbe[\xdfNf\x1b\x8e\xfd\xba\xd5\x19W^\
\x87N\x84^\x00\xc2\x88 \x0b\x00\x801\x1e|\xf0A\
y\xf4\xd1G]k0\x9c4\xfaVg\xac\x00c\x15\
\x15\x15\xc9\xeb\xaf\xbf\xae\xd4\xfc\xda].\x9b\xea>\xec\
\x87\x05\x13\xce\x9f?/\xd5\xd5\xd5)\xeb\xce\xce\xff\xa7\
\xabo\xab\xf7\xb7:\x1b\x8b\x00\x0a\x00\x92#\xc8\x02\x00\
\xe0\x7f%\x12\x09\xb9\xef\xbe\xfb\xa4\xb0\xb0P[S\xe1\
\xc6\xc6\xd64\xfa\xb0[\xe7\x07\x0e\x1cx\xf7\x0a\x9c*\
\xb5\xad\xb2?\x96\x93\xd0\x95\xc0\x16v\x9c;wN\xea\
\xeb\xeb\x93\xd6\xacJ\x88\xa5c\xcf+\x1d\x08\xb8\x00\x80\
 \x0b\x00h\x80 \x22\x7f\xd9\x0cx\xd9\xb2eR\x5c\
\x5c\xac\xb5a\xb0\xb3\xc4*\xd5mT\x9bu\x9a\x1e\x8c\
v\xe9\xd2%\xd9\xbd{\xb7\xb4\xb6\xb6j\xaf\x0d\xa73\
\x0c\x9d\x06R\xc3\xc3\xc3\xd4;\xe4\xf4\xe9\xd3\xd2\xd0\xd0\
\x90t\x1ct\xba/\x96\x93\xb0\xcb\xed\xd9X\x1c\x0f\x00\
\xc2\x8a \x0b@\xe4\x11d\xe1\xe2\xc5\x8b\xb2h\xd1\x22\
\xa9\xa9\xa91z\xe2o%\xd4Rm\xf4S}\x8f\x1a\
\x87\x88\xc8\x89\x13'\xe4\x99g\x9ey\xf7\xcam\xa6\xeb\
\xdc\xcd\x1a\x07\x86\x87\x87\xa5\xae\xaeN\x9a\x9a\x9a\x92\x8e\
\xbbVC(\x9d\xf7\xb7\xfa}\xbb\xbfC\x00 \xca\x08\
\xb2\x00\x00\x91v\xea\xd4)\xc9\xcf\xcf\x97\xe6\xe6fW\
\x9b\x047\x1bv\x9a\x1f\x1a\xfc#G\x8e\xc8\xd1\xa3G\
m\xd7\x95\x93ZL\x15h\xe9\xae\x7fj<\xda\x86\x86\
\x86\xa4\xba\xbaZ.\x5c\xb8\x90\xb4.L.\x1b\xd4y\
eCfc\x01@z\x04Y\x00h\xf2\xf8\x0b\x7fd\
\x95\x95\x95\xc9\x92%K\xa4\xa3\xa3C{c`uo\
,\xbb\x8d>3V`Goo\xaf<\xfd\xf4\xd3r\
\xfa\xf4i\xe5\xdaN\xf5='u\xae\x1aX\xa5\x9ay\
H\xf3\x1e=\x83\x83\x83r\xec\xd81\xb9t\xe9R\xd2\
\xbaU\x0d\xb1t]\xa5P\xc7\x92Bj\x1b\x00\xfe\x0f\
A\x16\x80\xc8\xa3\xf1\x8f\xa6\x97^zI\xee\xb9\xe7\x9e\
\x94\xcb\xac\x9c4\x0eV\xf7\xc6J\xd5\x9c\xab\x84Y\xd4\
8F\x5c\xb8pAv\xef\xde=nPkb\xd6\x87\
J\x9d\xeb\xaaqDS\x22\x91\x90\xf2\xf2r\xe9\xea\xea\
R\xaao\x1d!\x96\xdd}\xb1\x00\x00\xce\x11d\x01\x00\
\x22g\xc7\x8e\x1d\xb2a\xc3\x06\x19\x1a\x1ar\xa5\xe9p\
\xb2\x09\xb6\xdd\x86\x9e\x00\x00\x22\x22\xd5\xd5\xd5r\xf0\xe0\
AI$\x12\xae5\xd5\xaaun:\xc8E8\xf5\xf7\
\xf7KYY\x99\xf4\xf4\xf4\xa4\xacq\x9dW(TY\
Bh\xf5w\x8c\xce\xd9X\x84g\x00\xc2\x8e \x0b@\
\xe4\xd1\x10E\xcb\x83\x0f>(\xbf\xff\xfd\xef\x1d\x9d\xf8\
\x8fw[\xa7K\x09S}\xdfN\xf3\x0f\x1c9rD\
^\x7f\xfdu\xdb\xf5m\xf5\x18\xb02\xf3*]\x9dS\
\xcfp\xa2\xa7\xa7G\xca\xca\xca\xae\x9aQ\xebe\x88\xe5\
dI!\x00\xc0\x1e\x82,\x00@$\x0c\x0c\x0c\xc8}\
\xf7\xdd'\x85\x85\x85\xb6\x1a\x0b\x95%*\xe9\x1a~+\
3W\xac\xfeLf\xac`\xc4\xe0\xe0\xa0<\xfb\xec\xb3\
RYYi\xa9~U\x9b\xea\xb1\xf7\xd3u\x05B\xa7\
\xb3\xb5\xa8\xf9h\xe8\xec\xec\x94\xf2\xf2r\x19\x18\x18H\
Y\x97:C,\x95\xf1\xdf\xe9\xfdU\x8fS\xc22\x00\
Q@\x90\x05\x00\x08\xbd\xee\xeenY\xbe|\xb9\x14\x17\
\x17\x1bm\xf0\x93=\x8e\xddF_\xf7\x8c\x15\x1a\xfc\xf0\
\xeb\xef\xef\x97\xdd\xbbw\xcb\x993gR\xd6\xb0\xdbK\
g\xb98\x01t\xbat\xe9\x92TTT\x5c\xb5,\x5c\
w\x88\x95\xee\xb8Q\xd9\x17\x8b\x0d\xde\x01@\x1f\x82,\
\x00\x91G#\x15n\x17/^\x94E\x8b\x16Imm\
\xad\xeb\x0d\xbe\x93F\xdf\xc4\x8c\x15\x84Soo\xaf\x14\
\x14\x14HKK\x8b'\xf5\x9d\xae\xce\xed\xd4\x22\xcb\x0e\
\x91\xcc\x85\x0b\x17\xa4\xaa\xaa*mm\xab\x5ci0\xd5\
c\x9a\xdc\x17\xcb\xd41\x08\x00aG\x90\x05 \xf2h\
\x90\xc2\xeb\xf4\xe9\xd3\xb2p\xe1Binn\xd6\xd2\xe0\
'\xbb\xad\x9d&\xddN\xa3O\x03\x8ftzzzd\
\xfb\xf6\xed\xd2\xda\xda\xeahy\x93\xae\xfd\xb1\x92\xd5\xad\
\x89\x1a\x1f{_\x8e\x95\xf0z\xe7\x9dw\xa4\xb6\xb6\xd6\
\xd6>U\xaa\xfb[\xb9\xb9/\x16\xb3\xb1\x00@\x0dA\
\x16\x00 \x94\xca\xca\xcad\xc9\x92%\xd2\xd1\xd1\xa1\xdc\
\xe0\x9b\xd8\x1f\xcbn\xa3\xaf\xa3\xf1\xa7\xc1\x0f\xa7X,\
&\xdb\xb7o\x97\xf6\xf6v\xdb\xb5\xabc\x7f,SW\
'$\xc0\xc5h\x0d\x0d\x0dr\xea\xd4\xa9@\x86X&\
\x8eA\xb7\x1e\x0f\x00\xfc\xec\x1a\xde\x02\x00QG\xc3\x14\
>/\xbd\xf4\x92\xdc~\xfb\xed\xd2\xd9\xd99n\xf3\x91\
\xee\xaf\xe0\xe9nc\xb5\xa9\xb0\xfb\xd7v\xdd\x81\x1b\x8d\
Mx\xf5\xf5\xf5IAA\xc1U!\x96\xd5\xfa\xd6\xd5\
8\xeb\xa8q\x9at$\xfb\xdd\x5cWW\x976\xc4\x1a\
[\x87~\x0a\xb1\xa8w\x000\x83 \x0b\x00'\xcb\x04\
Y\xa1\xb2c\xc7\x0e\xb9\xeb\xae\xbb$\x1e\x8f[n\xba\
u\x85Wv\x9b}\xd5f\x88&'\xda\xe2\xf1\xb8\xec\
\xda\xb5KZ[[-\xd5\x85\xc9\xfa\xf6\xba\xc6\xad\xce\
\x10C\xf0~/WWW\xcb\xb9s\xe7lm\xb4\x1e\
\x94\x10K\xf7\x92B~'\x00\x88\x1a\x96\x16\x02\x00B\
\xe3\xc1\x07\x1f\x94\xff\xf9\x9f\xff\xb1|\x92\xafsya\
\xba&\xda\xf4>X\xa9\x1e\x87\x06?<\x06\x07\x07e\
\xcf\x9e=\xd2\xd4\xd4\xe4j}[\xa9%\xd3W\xe1d\
\xc9atj\xbc\xb2\xb2R\xda\xda\xda\x02\x11b\xd9=\
\xae\x08\x9d\x00\xc09\x82,\x00\x91Gc\x14|\x03\x03\
\x03\xb2v\xedZ),,\xb4\xd40\x98\xd8?\xc8\xca\
\xcc\x10\xf6\x08\x82\xd3:\xdf\xbf\x7f\xbf466:\xaa\
q'\x8dt\xba:w\x12\xd8r\x1c \x91HHE\
E\xc5\xb8{\x1b\xaa\x84X\xe9fJ\xd9\xb9\xaa\xa1\xd5\
c\xcd\xc9\xb1\xc7l,\x00\xb0\x86 \x0b\x00\x10h\xdd\
\xdd\xdd\xb2b\xc5\x0a)..Vj:L4\x03\xc9\
\xaeNh\xa7\xd1\xb7\xfbo\x9a\x9cp\xeb\xef\xef\x97\xdd\
\xbbw\xcb\xd9\xb3g=\xaf\xeftun\xf5\xea\x9c\x04\
U\x18[\xe3eee\xd2\xd3\xd3\xa3m\x06U\xaa\xe3\
@5\xf0R=\xae\x08\xb1\x00@\x1f\x82,\x00\x91G\
#\x15\x5c\xad\xad\xad\xb2h\xd1\x22\xa9\xad\xadUn8\
\x9c.\xbfJ\xb7\xd4\xcaJC\x0f\xa4\xd2\xdd\xdd-\xbb\
v\xed\x92\xf3\xe7\xcf[j\xbaM4\xcf*K\x0aU\
\xa4{\xacT\xcb\x149\xa6\x82\xab\xa7\xa7G\xca\xca\xca\
\xa4\xbf\xbf?e}\xaa.-L\xf5}\x9d!\x16\x9b\
\xbb\x03\x80;\x08\xb2\x00\x00\x81t\xfa\xf4i\xc9\xcf\xcf\
\x97\xe6\xe6f\xa5\xc6B\xd7\xd2\xab\xb1\xb7u\xb2G\x90\
J\x13o\xe5\xfb4\xf8\xc1u\xf9\xf2e)((\x90\
\xcb\x97/\xdb\xaaq\x93\x9bI\xeb\xacq\xa75\x8f\xe0\
\xeb\xea\xea\x92\xf2\xf2rI$\x12)\xeb4\xc8!\x96\
\xc9\x19\x91\x00\x10E\x04Y\x00\x22\x8f&)x\xca\xca\
\xcad\xc9\x92%\xd2\xd9\xd9i\xbb\xb10\xbd\xf4\xca\xce\
,,S\xc1\x15\xc2\xe1\xc2\x85\x0b\xb2s\xe7N\xe9\xee\
\xee\xf6M}\xeb\xa8q\xea\x16#._\xbe,\x15\x15\
\x15288\x98\xb2^\xbd\x08\xb1\xd2\xd5\xbf\xd5\xfb\xb1\
\xa4\x10\x00\xf4#\xc8\x02\x10y4T\xc1\xf2\xd2K/\
\xc9\xaaU\xab\xde]\x82\xe2\xa7\x06_GSO\x93\x0f\
\x11\x91\xb3g\xcf\xca\xee\xdd\xbb\xa5\xbf\xbf\xdfQ\x8d\x9b\
lxM\xcd4T=\x068n\x82\xe5\xe2\xc5\x8bR\
UU\x95t\x8f\xb5\xf1\xfe\xedf\x88\xe5\xc6\xecG\x02\
)\x00PC\x90\x05\x00\x08\x8c\x1d;v\xc8/\x7f\xf9\
K\x19\x1a\x1ar\xdch8\xdd\x1b\xcbJ\xf3\xacc6\
\x0aAW\xf4\xd4\xd7\xd7\xcb\xd3O?-\x03\x03\x03Z\
\x1bn\xd5&\xdaD\x8d\xdb\xa9cj>|\x9a\x9a\x9a\
\xa4\xa6\xa6&m-\xab\x86XN\x02/]\xbfGL\
\x85X\x84_\x00@\x90\x05\x004H\x01\xb1y\xf3f\
y\xf4\xd1G\x8d6\x1e*M\x82\x95\xbd\x83\xc6~O\
\xd7\x15\x09\x9d\xde\x17\xfeSQQ!\xcf=\xf7\x9c\x0c\
\x0f\x0f+\xd5\xb8\xc9eL\xc9\xea\xca\xed\x99\x86\xc9~\
\x1e\x82\xa1\xb1\xb1QN\x9e<\x19\xe9\x10\x0b\x00\xe0\x0c\
A\x16\x80\xc8\xa3\xe9\xf7\xb7\x81\x81\x01Y\xbbv\xad\x14\
\x16\x16:j2\xdch:\x08\x91\xe0Dqq\xb1\xbc\
\xfa\xea\xab2a\xc2\x04[\xcdy\xba:6\xbd\xff[\
\xb2\xda\xb7\x13\xd8\xea\x08\xbe8\xf6\xfc\xef\xc4\x89\x13r\
\xe6\xcc\x99P\x87Xv\x8e%\xb7\xee\x07\x00aC\x90\
\x05\x00\xf0\xad\xee\xeenY\xb1b\x85\x14\x17\x17ko\
D\xac6\x05\xe3\xdd&\xddR\xab\xf1ncw\x16\x96\
\xce&\x9f\x06\xdf\xff^z\xe9%\xf9\xd3\x9f\xfe\xa4T\
\xe3\xba\xeb[W\x8d\x03\xa3\xeb\xa9\xba\xbaZZZZ\
\x8c\x05S~\x09\xb1\xd8\x17\x0b\x00\xcc#\xc8\x02\x00\xf8\
Rkk\xab,Z\xb4Hjkk\x95\x1b\x11\x95\x06\
_\xa5\xf9\xd75C\x05\xd1344$\x07\x0f\x1e\x94\
\xaa\xaa*m5\xaec\xf6a\xba%\xb3\xd48\xec\xd4\
xee\xa5\xb4\xb5\xb5\x05>\xc4\xb2\xfb\xbbA\xc7c\
\xea\xb8/\x00\x84\x0dA\x16\x80\xc8\xa3\xc9\xf2\x9f\x86\x86\
\x06\xc9\xcf\xcf\x97\xa6\xa6&\xa5f\xden\x80\xa5k\x99\
\x88\xd3+\xb8\xd1\xf4GK\x22\x91\x90\xfd\xfb\xf7\xdb\xde\
/\xc8n-\x9b\xaao\x1d5\x9ej\xe6!\xc7F\xf0\
\x0d\x0c\x0cHEE\x85ttt\xa4\xac\xcb\xa0\x84X\
^\xed\x8b5q\xe2D\x89\xc7\xe3\x14\x14\x00\xfc\xafk\
x\x0b\x00D\xdd\xc8\x15\xf0\xe0\x0feee2w\xee\
\x5c\xad!\xd6x{\x0e\xa5\xfa\xba\xd3\x86_Ws\x93\
\xae!\xb3\x1br\xc0?\xfa\xfa\xfa\xa4\xa0\xa0@[\x88\
\x95l_-\xdd\xf5\xed\xc6\x05\x14TC\x03\x82.\x7f\
\x89\xc7\xe3RRRrU\x885\xb6\x8e\xc6\xfe\x7f\xba\
\x7f\xa7\x1a#u\x84X\xba\xeaQ\xd7q0k\xd6,\
\x995k\x16\x05\x05\x00\xa3\x10d\x01\x88<\x9a\x1f\xff\
x\xe9\xa5\x97d\xfe\xfc\xf9\xd2\xd9\xd9\xa9\xd4\xd0\xdb\xd9\
\xe3\xc4T\xd8c\xb7\xa1q#t\xa2\xc6\xfd\xa5\xab\xab\
K\x9e|\xf2Iy\xe7\x9dw\x8c\xd4\xb8\xc9\xfa\xd6\xd1\
\xb4\x13\xb4\x86_oo\xaf\xbc\xfd\xf6\xdb\xd2\xdd\xddm\
\xb9\x9e\x9d\x1c\x0b:\xaf\xf0ib\xb9\xaej\xcd\x7f\xe3\
\x1b\xdf\x90\xbb\xef\xbe[>\xf0\x81\x0fPT\x000\x0a\
K\x0b\x01D\x1eM\xbe?\xec\xd8\xb1C~\xf9\xcb_\
\xca\xd0\xd0\x90\xed&D\xe7\x95\xa6\xac6\x1c\xe96\xc3\
V\xdd'\xc8\xeamYj\x15L\xed\xed\xedRPP\
 \x9d\x9d\x9d\xda\x97H\xe9\xac\xf1t\xb5e\xb7\xc6\xa9\
\xd7\xe8\x88\xc5bRVV&\x89DB\xb9\xbe\x83\x12\
b\x994{\xf6lY\xbe|\xb9\x88\x88\xbc\xef}\xef\
\xa3\xb0\x00`\x14\x82,\x00\x91Gs\xe5\xbd\xcd\x9b7\
\xcb\xa3\x8f>j\xa9\x91\xd0\xd9\xb48iTR\xed\x1b\
d\xa5\xd1\xb7\xba7\x10\xc2\xa3\xa5\xa5Ev\xee\xdc)\
}}}\xae\xec\xf3\xe3\xa4\xc6U6{W\x0dpu\
\x1d\x0b\x1cC\xde\xbb|\xf9\xb2TTT\xc8\xe0\xe0\xa0\
r}\xdb\xa9}\xafC,S\xb3\xb1\xbe\xf5\xado\xc9\
\xd2\xa5K\xdf\xfd\xf7\xfb\xdf\xff~\x8a\x0b\x00F!\xc8\
\x02\x10y4?\xde\x19\x18\x18\x90\xb5k\xd7Jaa\
\xa1\xa5\x86\xc3\xab+\xb8YiR\xacn\x84\xad\xf2\xf8\
N\x1f\x83\x1a\xf7^cc\xa3\xec\xd9\xb3\xe7\xaaY*\
v\x1bs;\x01\x96\xae\x99$\x04\xad\xb0\xa2\xb5\xb5U\
*++\xc7\xdd\xfc_\xa5\xde\xa3\x1ab}\xfb\xdb\xdf\
\x96;\xef\xbc\xf3\x8a\xaf1#\x0b\x00\xaeD\x90\x05 \
\xf2\xd8\xec\xdd\x1b\xdd\xdd\xdd\xb2b\xc5\x0a)..\xd6\
\xd2\xc0\xebn\xf0\xc7\xde\xc6\xeeR+\x13\x81\x00\x81B\
0\xd5\xd4\xd4\xc8\x81\x03\x07\xae\x1akL\xd5\xb8\xd5\xe6\
9\xdd\xacB+\xb5\xa7:\xf3P\xa5\x96\xa9\x7f\xffj\
nn\x96\x9a\x9a\x9a\xb4\xb5\x18\xa5\x10K\xc5\x9c9s\
d\xf1\xe2\xc5W}\x9d \x0b\x00\xaeD\x90\x05 \xf2\
h\x8c\xdc\xd7\xda\xda*\x8b\x16-\x92\xda\xdaZ\xdb\x0d\
\xbb\xee\x86E\xa5q\xb1\xba\xd4*]\xf3M\x93\x1f~\
\xa5\xa5\xa5r\xe8\xd0!\xdb5\xab{\xf6\xa1\xdd\xe3\xc2\
\xce\x0cC\x93\xb5g\xe7\xb1\xa9\x7fo\x9c9sFN\
\x9c8\xa1m_+\xa7!\x96\x9dc\xc3\xe4\x9eXv\
\x1f\xe7\xfb\xdf\xff\xbe,\x5c\xb8p\xdc\xef\x11d\x01\xc0\
\x95\x08\xb2\x00D\x1e\xcd\x8f\xbb\x1a\x1a\x1a$??_\
\x9a\x9a\x9al7%\xbag\xa8\xa86,N\x96\x13\xea\
l\xfa\xad>\x165\xee\x8d\xd7_\x7f]^{\xed5\
\xadA\xad\xd75nj\xe6!Al0\x9d<yR\
\x1a\x1b\x1b\xb5\x8d\xdb^\x87Xv\x8e\x0d\x9d~\xf0\x83\
\x1f\xc8\xfc\xf9\xf3\x93~\x9f \x0b\x00\xaeD\x90\x05 \
\xf2h\x9e\xdcS]]-\x0b\x17.\x94\xcb\x97/\xdb\
nht\x86X\xba\xff\xe2nzI\xa1\xeas\xa3\xb6\
\xbd\x1bS\x0e\x1f>,%%%\xc6\x83Z\xddM\xba\
\x95:r2\xf3\x90\x1a\x0fO\x8d\xd7\xd4\xd4HKK\
\x8b\xb1\x10\xcb\xe4,E\xd5\xe3\xc6\xee\xb2]+\xe6\xcd\
\x9b'yyy)o\xc3f\xef\x00p%\x82,\x00\
\x91\xc7\x1eY\xee())\x91%K\x96H,\x163\
\xde\xd0\xd8mj\xac\xdc\xc6\xce,+;\x0d\xb6\x1b{\
k\xc1=\x83\x83\x83RXX(\xd5\xd5\xd5\x9e\x84X\
n\xed\xff\xa6Z\x93V\x96\xd0R\xef\xfe\xff\x9dYU\
U%\xad\xad\xad)k+l!\x96\x09\xb7\xdez\xab\
\xfc\xe8G?J{\xbb\x8c\x8c\x0c\x0a\x0f\x00F!\xc8\
\x02\x10y4L\xe6\x1d=zT\x96/_.\xbd\xbd\
\xbdZ\x97\x8e\xe8h\xeeMl\x8c=^3n\xb7\x81\
\xa7\x99\x0f\x9eD\x22!{\xf6\xec\x91\x86\x86\x06\xd7\xf6\
\x0b\xd2Q\xe3V\x82-\xbb\x81\xab\x17\xf5\xcb\xf1b\xde\
\xc0\xc0\x80\x1c;v\xec\xddY\xb5N\xeb\xdb\xc4\xbfS\
\xd5\xbc\x93\x10K\xf7l\xac\xdbn\xbbM~\xf8\xc3\x1f\
j}L\x00\x88\x0a\x82,\x00\x91G\xf3c\xd6\x1bo\
\xbc!w\xdey\xa7$\x12\x09_\xcdP\xf1b\xef \
\x1dT~\x0e5n^oo\xaf\xec\xda\xb5K\x9a\x9b\
\x9b]\xdb/\xc8D}\xa7\xaa1'3\x0f\x11|\xf1\
x\x5c\xca\xcb\xcb\xdf\x9dUkb\x1c7\x19\xea\xba\x11\
bY5\x7f\xfe|\xf9\xc1\x0f~@Q\x01\x80\x22\x82\
,\x00\x91G#f\xce\xdbo\xbf-\xcb\x97/\xf7$\
\xc4\xf2\xc3\xdeA4\xfa\xd1\xd0\xd9\xd9)\x05\x05\x05\xd2\
\xde\xde\xeey\x88e\xb2\xbe\xfd\xf4xpW__\x9f\
\x94\x96\x96J__\x9f\xb1q\xdc\x8b\x10\xcb\x0b\xf9\xf9\
\xf9\xf2\xbd\xef}\x8f\xa2\x02\x00\x07\x08\xb2\x00D\x1e\xcd\
\x95\x19uuur\xc7\x1dwH__\x9f\xab{\xa5\
\x98n\xf0\x9d4\xe7\xec\x09\x14>\xad\xad\xad\xb2s\xe7\
N\x89\xc5b\xda\x96\x0f\xea\x5cJ\xa5\xbb\xbe\xd3\x85\xb5\
\xd4r\xf8\xc4b1)//\x97x<\xaee\x1c\xb7\
\x1b\xd2\x9a\x1c\xe3\xdd\x9e\x8d\xb5x\xf1b\x993g\x0e\
E\x05\x00\x0e\x11d\x01\x88<6{\xd7\xef\xe2\xc5\x8b\
\xb2d\xc9\x12\xe9\xe9\xe9qu\xaf '\xcd\x8d\xca&\
\xefN\x1ay7\x1b~\x82\x053\xdey\xe7\x1dy\xea\
\xa9\xa7\xa4\xbf\xbf_K\x8d\xab\xfc\xdbi\x8d\x9b\xbc\xd0\
\x80\xdb\xc1-u\xae_GG\x87\x94\x97\x97\xcb\xe0\xe0\
\xa0+\xe3\xb8\x89?T\xf8e\x96\xd6\x9dw\xde)\xdf\
\xfe\xf6\xb7)*\x00\xd0\x80 \x0b@\xe4\xd1\xfc\xe8\xd5\
\xdb\xdb+w\xdeyg\xda\xcb\xb2\xebl~\xac6@\
N\x9b\xffd\xb5\x92\xaa1\xd75k\x0b\xfer\xea\xd4\
)\xd9\xb7o\x9f\x0c\x0c\x0c\x04\xba\xc6U\xea[g\x8d\
r\x15C\xffjkk\x93c\xc7\x8e\x8d;+\xcfD\
\x8d\x879\xc4Z\xbe|\xb9\xcc\x9e=\x9b\xa2\x02\x00M\
\x08\xb2\x00D\x1e\x0d\x92>\x83\x83\x83r\xef\xbd\xf7\xca\
\xf1\xe3\xc7}\x1bb\x99\xd8\x04\x9b\xc6;Z\x8e\x1f?\
.\x85\x85\x85\xae5\xf8n\xd5\xb8j \xebf\xbd\xa7\
\xfaY\x1cs\xfa\xb4\xb4\xb4Huuu\xca\xda\xd2\xb9\
\xc7\x95\x9b!\x96\xdbV\xacX!\xb7\xdcr\x0bE\x05\
\x00\x1a\x11d\x01\x88<\x9a\x1f}\xef\xe3\xda\xb5k\xe5\
\x95W^\xb1\xdc\xd0\x04%\xc0\xb2\xd2H\x9b\x08\xb9t\
\xcdV\xa1\xc6\xf5y\xfb\xed\xb7\xe5\xc5\x17_4\xd6\xe0\
\xab\xd6\xb8\xdb\x9b\xbc\xfb%\xd8\x82~g\xcf\x9e\x95\x13\
'N\xb8V\xc3n\x87Xv\x8e\x15\x95\xe3jxx\
X&L\x98 \x13&L\x90\x1f\xff\xf8\xc7\xf2\xf5\xaf\
\x7f\x9d\xa2\x02\x00\xcd\x08\xb2\x00D\x1e{d\xe9y\x0f\
\xd7\xad['\x85\x85\x85Z\x9a\x1f\xbb\x7f\xbdw\xa3\xc1\
w\xd2\xa8\xd3\xd8\x87\xc3\x91#G\xe4\x8d7\xde\xf0l\
Sw\xb7j\x5c\xe7\x12?+a,\xfc\xe3\xd4\xa9S\
\xd2\xd8\xd8\xa8e\x1c\xd7U\xe3A\x9c\x895a\xc2\x04\
\xb9\xfb\xee\xbbe\xd6\xacY\x14\x15\x00\x18@\x90\x05 \
\xf2h\xac\x9c\x19\x18\x18\x90{\xef\xbdW\x0e\x1d:\xa4\
\xa5\xf9\xd1\xb1\x04\xc5J3c\xb5\xd9Q\x9dub\xa5\
i\xd7\xdd\xe4\x13\x14\x98\x1b#\x9e\x7f\xfey\xa9\xa8\xa8\
\xd02\xdb\xd0i8\xa0\xb3\xc6\xd9\xdb\x0d#uP[\
[+\xcd\xcd\xcd\xae\x8c\xe3V\xeb\x5c\xf7\x15:\xdd\x08\
\xb9\xae\xb9\xe6\x1a\xb9\xf7\xde{\xe5k_\xfb\x9a\xf6\xcf\
\xc8/\xcb%\x01\xc0k\x04Y\x008\x81\xa7\xf9R\xd6\
\xdb\xdb++V\xac\x90\xa3G\x8f\x1ai~t\xcfP\
qryv\xf6\xc6\x8a\xa6\x81\x81\x01y\xe6\x99g\xa4\
\xbe\xbe\xde\x95\x06\xdf\xe9U\x0a\xed\xd6\xb8\x93%\x82~\
\xabw\x8e=5CCCr\xfc\xf8q\xb9x\xf1\xa2\
+5\xee\xa4\xceu\xfd\x81\xc2NM\xd9y\xcck\xae\
\xb9FV\xaf^-_\xfd\xeaW\x8d\xd58a\x16\x00\
\x10d\x01\x00\xcd\x8f\xa2\x8b\x17/\xca\x9dw\xdey\xd5\
\x86\xc0^\xee\x15dr\xe9\xd5xM{P\x82+j\
\x5cM<\x1e\x97={\xf6\xc8\x993g\x5ci\xf0\xbd\
\xaaq?\x86\xb5\x84\xc2\xee\x18\x1c\x1c\x94\x8a\x8a\x0a\xb9\
|\xf9\xb2+5\xee\xa4\xce\x9d\x86X\xa6\x03\xa0k\xaf\
\xbdV\xd6\xacY#3f\xcc0r<\x00\x00\xfe\x0f\
A\x16\x80\xc8c\x8f,\xfb\xea\xea\xead\xc9\x92%r\
\xfe\xfcy\xe5\xa6\x5c\xe7\xd5\xafT\x1b\x1f\x9ak$\xd3\
\xdd\xdd-\xbbv\xed\x92\x0b\x17.\xb8\xd2\xe0{\xb1\xcc\
\xcaJ}\xab\xd6<\xc7\x8a\xff\xc5\xe3q)//\x97\
X,fllV\xd9\xdb\xd0\x0f3\xb1F\xb32\x0b\
\xea\xdak\xaf\x95\xb5k\xd7\xca\xbf\xfd\xdb\xbf\x19\xff\xdc\
\x98\x95\x05\x00\x04Y\x00@\xb3e\xd3\xab\xaf\xbe*\xab\
V\xad\x92\xde\xde^-\x0d\xbd\xd3\xbd\x82\xdc\xdc\xe4\xdd\
J\xc3\x9el\xdf+6\xbd\x0e\x8e\x8e\x8e\x0e)((\
06K\xc5\xe9\x8c\x16\xb7k\x9c\xb1<|\xfa\xfa\xfa\
\xa4\xac\xacLy\x1c\xb7[\xb7N\x96\x85\xeb\x08\xb1L\
\x1e+\xefy\xcf{d\xed\xda\xb5\xf2\xe5/\x7f\xd9\xd5\
Z\xe7\xf8\x07\x10e\x04Y\x00\x00\xcb\xfe\xf0\x87?\xc8\
\xa6M\x9b\xae\x9a\xc5\xe6\xd5\x86\xd7n\xcc\xc2\x1a\xef\xf1\
\xbdn\x98\xad>\x87\x91\xdb\xd1\xe0[w\xf1\xe2E)\
((\x90\x9e\x9e\x1e-\xb5j\x22\xc42Y\xe3Vf\
e\xe9\x08e\x09s\xbd\xd3\xdd\xdd-\xe5\xe5\xe5\xd2\xdf\
\xdf\xefJ\xdd\x9a\x0c\xb1\xdc2\xba\xde\xafh\xa4\xde\xf3\
\x1e\xf9\xe9O\x7f*\xd3\xa7O\xf7\xe49\x11f\x01\x88\
*\x82,\x00\x91\xc7\xd2\xc2\xf4\xe2\xf1\xb8\xac_\xbf^\
\x9e~\xfai\xcb\x0d\x8b\xdf\x97Y\x8dw[\xab\x8d5\
Mx8\x9d;wN\x9ez\xea)\x89\xc7\xe3\xcaM\
|\x90C,\xa7\xf5\xcdq\xe1\x7f\x9d\x9d\x9dRQQ\
!\x89D\xc2\xf18\xae\xe3\xdfNk\xdd\xed gt\
x\xf4\x9e\xf7\xbcG~\xf6\xb3\x9f\xc9\x17\xbf\xf8E\x0a\
\x0b\x00\x5cF\x90\x05 \xf2h\xbcR\xbbx\xf1\xa2,\
_\xbe\x5c*++S6\x11^\x86XV\x9b\x19;\
KT\xec\xd4\x85\xee\x06\x9e@\xc0}'N\x9c\x90\xfd\
\xfb\xf7\xcb\xe0\xe0\xa0rm\xea\x0a\xb8\x9c\xd4\xb8\x95\xdb\
\x86\xb5\xb68fRkoo\x97\xca\xca\xca+j\xdc\
\xe4\x058\xc2\x16b\x8d\xae\xb3\xf7\xbe\xf7\xbdr\xff\xfd\
\xf7\xcb\x17\xbe\xf0\x05\xcfk\x9eYY\x00\xa2\x88 \x0b\
@\xe41#+\xb9\x8a\x8a\x0aY\xb1b\x85\xb4\xb6\xb6\
\xa6l\x22\xdc\x0a\xb1\xdclx\xc2tu6\x1a\xfc\xd4\
\x8e\x1d;&\xcf=\xf7\xdc\xb8K\xeaTjSg8\
`\xa2\xc6\xad\x5c\xa5\x9005\x5c\xce\x9f?/\xd5\xd5\
\xd5W-\x11\xd5U\xa7~\x0f\xb1t\x06>\x19\x19\x19\
\xf2\xf3\x9f\xff\x5c\xa6M\x9b\xe6\x8b\xcf\x960\x0b@\x14\
\x11d\x01\x88<\x82\xac\xf1\xed\xdd\xbbW\xee\xbf\xff~\
\x19\x18\x18p\xbd\x81\xf7\xcb\x95\xacR5\xf3\xaa\xdf\x83\
\xbf\xbc\xf5\xd6[\xf2\xf2\xcb/{R\xd7:B,'\
5n\xa7N\x9d\xd44\xc7\x83\xb7\xce\x9d;'\xf5\xf5\
\xf5\xc6\xea\xd4\xed\x10\xcbK\x13'N\x94_\xfc\xe2\x17\
\xf2\xcf\xff\xfc\xcf\x14\x16\x00x\x88 \x0b@\xe4\x8d]\
J\x14uCCC\xf2\xc0\x03\x0f\xc8\xf6\xed\xdb=\x99\
\x85\xa2c\x99\x95\xcef\x88&<\xbc^y\xe5\x15y\
\xeb\xad\xb7,\xd7\xa3\xc9\x8b\x17xU\xe3\xec\x87\x15n\
\xa7O\x9f\x96\x86\x86\x06#\xe3\xb8\x93:v\x12b\xa9\
\xd6\xbe\xd3\x99K\x13'N\x94\x0d\x1b6\xc8\xe7>\xf7\
9\xdf}\xce\xcc\xca\x02\x105\x04Y\x00\x22\x8ff\xec\
\xff\x0c\x0c\x0c\xc8\xbd\xf7\xde+/\xbc\xf0B C,\
S'\xf2\xccF\x09\x97\xa1\xa1!y\xee\xb9\xe7\xae\xda\
\xf7\xcdT\x83\xaf3\xc4r\xb3Y\xb5{uL\xaf\x8f\
\x07\x8e\xb3+\xdf\x8b\xba\xba:ijjr\xa5\xc6\xad\
\xd6\xb1\x9d`\xcbD\xfd'\xbb\xfa`:\x13'N\x94\
\x8d\x1b7\xca\xd4\xa9S}\xfd\x99\x13f\x01\x88\x0a\x82\
,\x00\x91\xc7\x8c\xac\xbf\xe8\xef\xef\x97\xbb\xee\xbaK\x8e\
\x1c9\xe2\xc9R*7C\xac\xb1\xb7\xd5\xd1\x00\xfb9\
\xb0\xa2\xc1\xff?\x03\x03\x03\xb2\x7f\xff~9q\xe2\x84\
\x960\xd6N\x88\x15\xc6\xa0\x16\xfe344$\xd5\xd5\
\xd5r\xe1\xc2\x05-c\xb5_B,Scb\xba\x9f\
\xff\xbe\xf7\xbdO6n\xdc(S\xa6L\xa1\xb8\x00\xc0\
'\x08\xb2\x00p\xd2\xcf\x1eY\xd2\xd3\xd3#K\x96,\
\x91?\xff\xf9\xcf\xbe\xd8+\xc8N\x83\xafcc`\xd5\
\xcd\xaf\xb9Za\xb0\xf4\xf7\xf7\xcbSO=%\xe7\xce\
\x9d\x0bT\x88\xa5k\xf3k\xa7\xb5\xe5\xc7\xfa\xe4\x98\xb9\
\xd2\xe0\xe0\xa0\x1c;vL.]\xba\xa4e<\xb6;\
\xdb\xd0\xce\xd7\xac\xd6\xad\xcam\xedH\x15j}\xe0\x03\
\x1f\x90\x8d\x1b7\xca?\xfc\xc3?P\x5c\x00\xe0#\x04\
Y\x00\x22#Y\xc3\x13\xf5 \xab\xa3\xa3C\xf2\xf3\xf3\
\xa5\xaa\xaa\xca\x97{\x059i\x82\xec6>\xa6\x9bb\
\x9an\xef\xc4b1\xd9\xb9s\xa7\xb4\xb6\xb6\x1a\x09\xb1\
L\xcd6\xd4Y\xe3a\xbf@A\xd4\x8f\xadD\x22!\
\xe5\xe5\xe5\xd2\xd5\xd5\xe5J\xdd:\xada?\x84X\xa9\
j\xe8\xba\xeb\xae\x93M\x9b6\xc9M7\xdd\x14\xa8c\
\x80\xe5\x85\x00\xa2\x80 \x0b@\xe4Eyia[[\
\x9b,X\xb0@\xea\xeb\xeb\xb5\x84X\xba\xf7\x0aRm\
\x82\xdc\xba\x92\x1b\x0d~0\x5c\xbatI\x0a\x0a\x0a\xa4\
\xb3\xb3S\xb9\x89\xf7[\x88\xa5Z\xe3v\xeb\xdb\xf4\xed\
\xc3z\xcc\xb9\xad\xbf\xbf_\xca\xca\xca\xa4\xa7\xa7\xc7\x95\
\xbau3\xc4\xf2\xc2u\xd7]'\x0f>\xf8\xa0\xe4\xe6\
\xe6R\x5c\x00\xe0C\x04Y\x00\x22/\xaa\x0dTSS\
\x93\xcc\x9f?_\xce\x9e=\xeb\xcb\x10K\xa5\x897}\
%7\x9d\x0d\xb7\x89\x8d\xb4q\xb5\xf3\xe7\xcf\xcb\xce\x9d\
;\xa5\xb7\xb77\xed\xfb\xacR\xe7\xba\x97\xd0\xbaQ\xe3\
n\xd47\xb5\xeb\x9e\x9e\x9e\x1e)++\x93\xfe\xfe~\
W\xea\xd6\xed\x10\xcb\xed\xd0+33S\x1ez\xe8!\
\xf9\xecg?\x1b\xd8s\x1afe\x01\x08;\x82,\x00\
\x91\x17\xc5\x19Y\x0d\x0d\x0d2\x7f\xfe|9\x7f\xfe|\
\xa0B,77\xc2\xa6\x09\x0f\xbe3g\xce\xc8\xee\xdd\
\xbb%\x91HX\xaeO7fi\xf9\xa1\xc6\x99y\x18\
\x0e\x9d\x9d\x9dR^^.\x03\x03\x03\x8e\xeb\xdb\x8d:\
\xf6{\xc0r\xfd\xf5\xd7\xcbC\x0f=$\x9f\xf9\xccg\
\x18@\x01\xc0\xc7\x08\xb2\x00D^\xd4\xf6\xc8\xaa\xad\xad\
\x95\x85\x0b\x17\xca\xa5K\x97\x8c\x84Xn/\xb3\xf2k\
c\xe4\xa7\xa0 \x8a\x0d~]]\x9d<\xfd\xf4\xd3W\
\x1d\xdf&f\xa9D\xb5\xf9'\xec\xf5\xd6\xa5K\x97\xa4\
\xa2\xa2\xe2\x8a\x1a7Y\xa7a\x0f\xb1>\xf8\xc1\x0f\xca\
\xe6\xcd\x9b\xe5\xd3\x9f\xfet\xe0k\x83YY\x00\xc2\x8e\
 \x0b@\xe8\xd8m\xae\xa2\x14d\x95\x97\x97\xcb\xe2\xc5\
\x8b%\x16\x8b\xb9\xde\xc0\x071\xc4\xa2Q\x0f\xa6\xb2\xb2\
2y\xe1\x85\x17l\xd5KX\x96a9\xadoj>\
\x18.\x5c\xb8 \xc7\x8f\x1fO{\xa5U]u\x1a\xd4\
\x10\xcbj-\x7f\xe8C\x1f\x92_\xff\xfa\xd7\x92\x93\x93\
Cq\x01@\x00\x10d\x01\x88\xac\x91\x86-*K\x0b\
\x8b\x8b\x8be\xd9\xb2e\xd2\xd7\xd7\xa7\xa5Ig&\xd6\
\xd5\x8d?!\x80\xf7\xdex\xe3\x0d9r\xe4\x88\xe5\xfa\
t\xf3\x0a\x9cvj\x99\xd9\x14H\xe6\x9dw\xde\x91\xba\
\xba\xba\x945\xa3kY\xb8\xd5:\xf6r\x9cv:\xe6\
~\xf8\xc3\x1f\x96\xdf\xfc\xe67\xf2\xa9O}\x8a\xe2\x02\
\x80\x80 \xc8\x02\x10yQ\x08\x1e^~\xf9eY\xb9\
re\xca}T\x9c4?n\x86X*\x8d\xd1\xd8\xfb\
8\xf9\xcc\x09\xab\xfc{\x1c\xbf\xf4\xd2K\xf2\xe7?\xff\
9\xf0\xfb\xbe\xf9-\xc4\x0aJX\x1b\x85\xe3\xb2\xa1\xa1\
AN\x9f>md\x1cW\xadc\xd3!\x96\xc9\xcfu\
\xd2\xa4I\xf2\x9b\xdf\xfcF\xfe\xfa\xaf\xff:\x94c\x22\
\x818\x80\xb0\x22\xc8\x02\x10ya\x9f\x91u\xe0\xc0\x01\
Y\xbbvm\xca\xbd\x82\x9c4?N\xaf\xd2f\xa2\xc1\
Ow\xbb\xd1\xdfO\xd7$\x05-\xb8\x1a\xef\xf9\x86\xbd\
\xc1\x1f\x1a\x1a\x92\xc2\xc2B9~\xfc\xb8\xed\xc6]\xa5\
\xc1\xf7K\x88\x95\xea\xb6V?s\x82\xd9\xe0\x84\x12\xf5\
\xf5\xf5\xf2\xce;\xef\x18\x19\xc7U\xeb8\xa8\xfba\x89\
\xfc%\xc4\xda\xb2e\x8bdggS`\x00\x100\x04\
Y\x00\x22/\xcc{d\x15\x14\x14\xc8/~\xf1\x0b[\
\x0d\x8b[\x1b^\x9bh\xf0\xc3\xfe\xd7g\x95\xd0!\xec\
\xefI\x22\x91\x90\xbd{\xf7\xca\xe9\xd3\xa7\xb5\xd4\xae\x9d\
\x10K5\xa8u\xda\xfc\xdb9\x16\x82\x16R\x11\xac]\
mxxX\xaa\xab\xab\xe5\xfc\xf9\xf3F\xc6q\xbbc\
\xb9\xae:\xf6\xd2\x8d7\xde(\x0f?\xfc\xb0|\xf2\x93\
\x9f\xa4\xc0\x00 \x80\x08\xb2\x00D^X\x83\xac\xdf\xff\
\xfe\xf7\xf2\xd0C\x0f\xb9re6?l\x14\xac\xda<\
\x05\xb5\xe1\x87H__\x9f\xec\xda\xb5K\x9a\x9a\x9a\x02\
s\x05N\xb7k<J\xc1P\x18_\xe7\xe0\xe0\xa0T\
VVJ{{\xbb\x91q\xdc\xee1\xa0\xa3\x8e\xbd\xf6\
\x91\x8f|D\x1e~\xf8a\xf9\xc4'>\x11\xb8\xfaf\
\xa9 \x00\xfc\x05A\x16\x80\xc8\x0bc\x90\xb5y\xf3f\
y\xf4\xd1G#\x11bqb\x9f>\xac\x08c\x83\xdf\
\xd5\xd5%\x05\x05\x05\xd2\xde\xde\x1e\xfa\x10\xcbi\x8d\xdb\
\x0d\xb3\x98\x15\xe5\x0f\x89DB***\xa4\xb3\xb3\xd3\
\xf88\xee\xc6X\xed\x07\x1f\xfd\xe8G\xe5\xe1\x87\x1f\x96\
\x8f\x7f\xfc\xe3\x14\x18\x00\x04\x18A\x16\x80\xd04\xeb\xaa\
\xc2\xb4G\xd6\xf0\xf0\xb0l\xd8\xb0Av\xec\xd8\x11\xf8\
\x10\xcb\xed\xa5\x844\xef\xc1\xd1\xd6\xd6&;w\xee\x94\
\xae\xae\xae\x945\xe1E\x88\x15\xc4\xe5\xb2A\xa8\xfd\xa8\
\x1d\x9f\xfd\xfd\xfdRVV&===\xc6\xc7q\xa7\
c\xb5[u\xea\xe4\xf7\xa2\x88\xc8_\xfd\xd5_\xc9o\
\x7f\xfb[\xf9\xd8\xc7>\x16\xe8\xdf\xf1v\xdekfq\
\x01\x08+\x82,\x00\x91\x17\x96\x19Y\x83\x83\x83\xb2v\
\xedZ9p\xe0\x80'W#t3\xc4\xe2\xc4<\xba\
\x9a\x9b\x9be\xd7\xae]\xd2\xd7\xd7\x97\xb2.\xfcP\xf3\
~\xaa\xf1(\x04Aay}===RVV&\
\xfd\xfd\xfdJ\xb5\xe9tl\x0e\xf2\x156\x93\xd5\xc1\xe4\
\xc9\x93e\xcb\x96-2y\xf2d\x06Q\x00\x08\x01\x82\
,\x00\xbe\xe4f\xd3\x15\x86 +\x91H\xc8=\xf7\xdc\
#/\xbe\xf8\xa2\xeb!\x96\xdbW&\x0cb\x88\xe5u\
\x88\x10\x96\x06\xbf\xa1\xa1A\xf6\xec\xd9#\x03\x03\x03)\
\xeb\x22\xe8\xb3\x0d\xa9q{?+L!]WW\x97\
\x94\x97\x97K\x22\x91\xd02\x1eG)\xc4JV\x03\x1f\
\xfb\xd8\xc7d\xcb\x96-\x92\x95\x95\xc5\xc9\x15\x00\x84\x04\
A\x16\x80H7\xfb\x13&L\x08|\x90\xd5\xdb\xdb+\
\xcb\x97/\x97\xa3G\x8f\xba\xd2\xec\x849\xc4JV\x83\
,;\xf4^uu\xb5\x1c8p\xe0\xaa\xcf!lK\
f\x99m\x18]\x97/_\x96\x8a\x8a\x8a\xab\x96\xbb\xab\
l\xc6\xae\xab\x8e\xfd\xbe\x940\xdd\xb8\xfc\xf1\x8f\x7f\x5c\
\xb6l\xd9\x22\x1f\xfd\xe8GCS',\x17\x04\x00\x82\
,\x00\x113^ \x11\xe4 \xab\xab\xabK\xee\xb8\xe3\
\x0e)//7\xb2\xe1\xb5\x9d\xc7\x89R\x83\x1f\xb4`\
+\xe8MOII\x89\x1c>|\xd8V\xbd\x11b\x05\
\xbfnu\x87\x1a~v\xf1\xe2E9~\xfc\xf8U\xbf\
\x8f\xdc\xaa\xdb\xa0\x85XV>\xebO|\xe2\x13\xb2e\
\xcb\x16\xf9\xc8G>\x12\xe9\xf3\x1e\x82/\x00aD\x90\
\x05 \xd0t4fA\xdd\xec\xfd\xd2\xa5K\x92\x9f\x9f\
/555F\x9a\xfbT\xdf\xf7{\x885\xfa\xf6a\
m\xdc\xa3\xb2\xe7QQQ\x91\x14\x17\x17\x87\xfa\xe2\x05\
4\x99\xd1\xd6\xd4\xd4$\xb5\xb5\xb5\x96\xc7_\xddcs\
\x90B,\xabc\xde'>\xf1\x09\xf9\xedo\x7f+7\
\xdexch\xc7F\xc6\x0d\x00QF\x90\x05 \xf4\xd2\
5\xfcA\x9c\x91u\xfe\xfcyY\xb0`\x81444\
\x18o\xeeu4Jn4\xf8V~fT\x96\x07\x8e\
\xad\xf9 \xbe\xee\xde\xde^y\xfa\xe9\xa7\xa5\xa1\xa1\xc1\
\x95\xcd\xda\x83\x12b\x8d\xbd\xfdHC\xcb\xd2\xd7`j\
ll\x94S\xa7Ni\xa9a+\xf5\x12\xd4\x10\xcbJ\
}\x8f\xdc\xe6\xff\xfd\xbf\xff'[\xb6l\x91\x1bn\xb8\
\x81\x02\x03\x80\x90\x22\xc8\x02\x10\xda\xe6\xdd\xaa\xf16\x8e\
\xf6\xb3\xb3g\xcf\xca\xfc\xf9\xf3\xa5\xb9\xb9\xd9\xf5\x06\x84\
\x1c\x08Y\x00\x00 \x00IDAT^\xb5\x09Ri\
\x8c\xac6Mv\xc3.\x1a~\xffkii\x91\xbd{\
\xf7Jggg\xa8/^\xa0\xa3\xc6G\xbe\x17\xc6\xda\
\xb6\xf3\x9a\x828;\xe5\xc4\x89\x13r\xf6\xecYm\xe3\
\xaf\x8e\x00,\x88!\xd6\xe8\xef\xff\xcd\xdf\xfc\x8d<\xfc\
\xf0\xc32i\xd2$\x06R\x00\x081\x82,\x00\x91\x17\
\xa4\xa5\x85'O\x9e\x94\x05\x0b\x16Hkk\xab\x96\x06\
Fg#\xa4\xb31\xb2\xd24\x99j\xac\x82\x1a\x08\x84\
%\xc8())\x91\x97^zI\x06\x07\x07\x03\x13b\
\x11\xd4\xfaCP^\xfb\xf0\xf0\xb0\xd4\xd4\xd4HKK\
\x8b\x91q\xdc\xee\xf1\xe0\xa4\x8e\xbd\xfc<\xc7~\xffS\
\x9f\xfa\x94l\xd9\xb2E>\xfc\xe1\x0fG\xa6\xdeY^\
\x08 \xaa\x08\xb2\x00D^PfdUUUI~\
~\xbetvv\x1ai~\xa2\x12b\x99h\xf6\xfd\xfe\
\x98Ah\xf0\x13\x89\x84<\xf7\xdcsr\xfc\xf8q\x99\
0aB`.^`j\xcf7\xb7\x83\xda ^\xc0\
 \x88\xa1\xdd\xd0\xd0\x90TVVJ[[\x9b\x91q\
\xdc\xee\xd8\xed\xa4\x8eM\xb2\x1bb\xe5\xe4\xe4\xc8\xc3\x0f\
?,\x1f\xfa\xd0\x878\xa9\x01\x80\x08 \xc8\x02\x109\
c\x1b\xa0D\x22\xe1\xfb\xe7\xfc\xf6\xdbo\xcb\x1dw\xdc\
!\xbd\xbd\xbdF\x9a\x1f\xb7B,?7\xf8a\xafs\
?kkk\x93\xbd{\xf7J[[\x9b\xa3\xf0\x89\x10\
+X\x9f{\xd4f\x90\x0d\x0c\x0cHEE\x85tt\
t\x18\x19\xc7\xed\x8e\xddN\xea\xd8\xa4T51\xde\xf7\
\xfe\xee\xef\xfeN~\xf3\x9b\xdf\xc8\x07?\xf8A\x06\xfe\
\x14\xef\x1b\xbf;\x01\x84\x09A\x16\x80\xc87\xf1~_\
Z\xf8\xdak\xaf\xc9\x8a\x15+$\x1e\x8f\x1bi~\xfc\
\xb0\xe1\xb5\x1b\x0d~\x94\x1bh?\xab\xaf\xaf\x97\x03\x07\
\x0eH<\x1e\xf7e\x88EP\x0b\x1d\xe2\xf1\xb8\x94\x95\
\x95Iww\xb7\x91q\xdc\xeeXn\xb7\xb6\xdd`7\
\xc0\x12\x11\xf9\xccg>#\xbf\xfe\xf5\xaf\x09\xb1,\xbe\
\xbf\x8c/\x00\xc2\x82 \x0b\x80v~\x0c\x09R='\
?/-|\xe1\x85\x17\xe4'?\xf9\xc9U\xcf1j\
!\x16'\xdf\xe6\x1aD/\x9f\xd3k\xaf\xbd&o\xbc\
\xf1\x86\xed\xc6\xdcT\x88\x15\x96\x1a\x0fkP\x9b\xeeu\
\xf9\xf55\xf7\xf6\xf6JYY\x99\xf4\xf5\xf5\x19\x19\xc7\
\xed\xd6\xb5\xdd\xda\xf6z\x8cJ\xf6\xbd\xcf~\xf6\xb3\xf2\
\xeb_\xffZ\xae\xbf\xfe\xfaH\x8f\xed\xfc~\x04\x10E\
\x04Y\x00\x22itC\xe4\xd7\x19Y{\xf7\xee\x95u\
\xeb\xd6]u\x12\xef\x87\xe5\x83a\x08\xb1\xc2\xb0\xa9{\
P_\xc3\xc0\xc0\x80\x14\x16\x16JMM\x8d\xd6Z\x0d\
\xea\x92Y?6\xa2A\xa8\xad <\xc7X,&e\
eeW-a\xf7\xf2\x0f\x0eA\x09\xb1R}\xb67\
\xddt\x93l\xde\xbcY\xae\xbb\xee:Nh\x00 \x82\
\x08\xb2\x00D\x9e\x1f\xf7\xc8\xfa\xc3\x1f\xfe \x1b7n\
\xf4eC\xcfL,\xf7\x1br\xab\x0d\xfb\xd8\xdb\xf9\xb1\
\xd1\xef\xed\xed\x95={\xf6\xc8\xb9s\xe7\xb4\xd6\xaa\x1f\
C,\xae\xbe\xa9\xf6|\xc22\xa3\xec\xf2\xe5\xcbRQ\
Qq\xd5\x1fK\xbc\x1c\xab\xc3\x10b\xfd\xfd\xdf\xff\xbd\
<\xf4\xd0C\x84X\x00\x10a\x04Y\x00\x02\xd5\xe0\x98\
ht\xfc\xb6\xb4\xf0\xbf\xfe\xeb\xbfd\xeb\xd6\xadZ\xae\
\xda\xe6Fc\x14\xb4\x06?,\xc1@\x10uttH\
AA\x81\x5c\xbatIk\xad\x12bE\xf3\xf7\x80\x9f\
\xb5\xb6\xb6JUU\x95\x0c\x0d\x0dyR\xb7~\x0f\xb1\
T\x96\x12\x0e\x0f\x0f\xcb?\xfe\xe3?\xca\x83\x0f>(\
\x1f\xf8\xc0\x07\x22u|\xf0\xbb\x07\x00\xaeD\x90\x05 \
\xb2\x8d\xd1\xc8\xf7\xfd\xb4\xb4\xf0?\xff\xf3?\xe5\x89'\
\x9e\xd0\x12b9\xddG\x85\x06?\x1c\x0d\xbd_\x02\x82\
\xf6\xf6v\xd9\xb1c\x87tuuim\xda\x09j\xa3\
u<\xa4\xfa\xb7_\x9a\xfd\xe6\xe6f\xa9\xad\xadue\
Y\xb8\x95q_\xe5\xeb&\xa9\xcc\xc2\x1a\x1e\x1e\x96\xa9\
S\xa7\xca\xa6M\x9b\xe4\xfd\xef\x7f?\x07\x06\x00D\x1c\
A\x16\x80\xc8\x84\x00\xc9\xbe\xe7\x87\x19YCCC\xf2\
\xb3\x9f\xfdL\xf6\xee\xdd\xebz\x88e\xa5I\xa7\xc1\x0f\
\xc71\xe0\x95\xcb\x97/\xcb\xf6\xed\xdb%\x16\x8b9j\
\xe2\x99m\x08\xbf;s\xe6\x8c\x9c<y\xd2\xb5:U\
\xad\xb7\xa0,%\x1c\xf9\xfa?\xfd\xd3?\xc9\xa6M\x9b\
\xe4}\xef{\x1fE\x06\x00 \xc8\x02\x10\xed\xc6}\xc2\
\x84\x09\x9e\x07Y\x03\x03\x03\xf2\x93\x9f\xfcD^x\xe1\
\x05-\xcd\x0f!\x96;\xb5\x13\xb4\x9f\xe9\x95X,&\
;v\xec\x08\x5c\x88\xa52\x83\xc5o5\xee\xd7\xe5z\
a\x9dux\xf2\xe4I9s\xe6\x8cku\xaa:\x13\
+h!\xd6\xe7>\xf79\xf9\xd5\xaf~%\x13'N\
\xe4\x84'\xc9\xfbD8\x0e j\x08\xb2\x00\xf8\x9e\xe9\
&\xc5\xcb\xa5\x85\xfd\xfd\xfd\xf2\xe3\x1f\xffX\x8e\x1c9\
\xa2\xa5\xf9q\xda\xf8x\xd5\xe0\xb3\x1f\x96\xd9\xe7\xea\xd5\
k\x89\xc7\xe3\xb2k\xd7.\xe9\xe8\xe8p\x14\xb0\x86!\
\xc4\xa2\xd1\x0c\xef1;<<,555\xd2\xd2\xd2\
bd\x1cW\xb9\xbd\xdd\xdav\xe3=R\xf9\xfa\xe7?\
\xffy\xd9\xb8q#!\x16\x00\xe0\x0a\x04Y\x00B\xd1\
\xcc;yM^\x05Y===\xb2d\xc9\x12y\xfb\
\xed\xb7\x8d4?\x84X\xe1=\xc6t]\xe5\xd0\xa4\xa1\
\xa1!\xd9\xb7o\x9f\x5c\xb8pA[\x88\xe5\xc6\xbeo\
Q\xb8\xfaf\xd0\xc6v?_\x8dshhH\xaa\xaa\
\xaa\xa4\xb5\xb5\xd5\xc88n\xb7\xc6\x9d\xd4\xb1)\xaa!\
\xd6\xbf\xfc\xcb\xbf\xc8\x03\x0f< \x19\x19\x19\x9c\x90\x09\
3\xaf\x00`4\x82,\x00\x81j\x9a\xec>\x96\x95\xdb\
{\xb1\xb4\xb0\xa3\xa3C\xf2\xf3\xf3\xe5\xf8\xf1\xe3F\x9a\
\x1f\xb7B\xac\xb05\xf8a:v\xbcn\xf6\x0f\x1f>\
,\xa7O\x9f&\xc4\x0aI\x8d\x9b\x0a]\xfdZ\xbfV\
\x0c\x0c\x0c\xc8\xb1c\xc7\xe4\xf2\xe5\xcbF\xc6q\xbb5\
\x9e\xaa\xde\x82\x10b\x8d\xfe\xda\x17\xbf\xf8E\xd9\xb0a\
\x83\xbc\xf7\xbd\xef\xe5\x17\x01\x00\xe0*\x04Y\x00\x22\xd7\
\xfc\x8f\xfd~\x22\x91p\xf5\xf9\xb5\xb5\xb5\xc9\x82\x05\x0b\
\xe4\xc4\x89\x13F\x9a\x1f\x9d\xcb\xae\x82\xd2\xe0Ga/\
 \x95\x0b\x19\xa4k&M\xf9\xd3\x9f\xfe$\xa5\xa5\xa5\
\xc6\xae>\x98\xea\xfb\x04\xb5\xe1\x1a\xaf\xfdz\xcc\xc7\xe3\
q)//\x7fw\xef77k\xdcn\xbd\x06-\xc4\
\xfa\xd2\x97\xbe$\x1b6l\x90\xf7\xbc\x876\x05\x000\
\xbekx\x0b\x00\xf8\xb9\xc1q\xe3\xb1\xdd\x5cZ\xd8\xd4\
\xd4$\xf3\xe6\xcds%\xc4\x9a0aBhC\xac\xd1\
\xaf\x8d\xb0\xc0\x9bc(\x99\xba\xba:y\xf9\xe5\x97\x8d\
\x85X\xa9\xea:\xac!\x96\x9fk\xdc\xcb\xd7\xe9\xd5\xfb\
\xd2\xd7\xd7'%%%\x84X)\xa8\x86X\xff\xfa\xaf\
\xffJ\x88\x15\xb01\x00\x00\xbc\xc0o\x09\x00\x81>\xb1\
\x1b9\x01v2[\xc5\xad\xa5\x85\x0d\x0d\x0d\xb2`\xc1\
\x029\x7f\xfe\xbc\xb1\x06\xdfj\xe3\x13\xf4\x10+\xd5\xff\
\x87m_7+\xf5\x9f\xaa\xce\xddl\x80\xce\x9c9#\
\xcf<\xf3L\xda\xe7\xc0\x92Y\xb5\xa65({[\x99\
x\x9e~\xb9\xa8A,\x16\x93\x8a\x8a\x0a\xe9\xef\xef7\
R\xb7n]\x9c\xc0\xa4taU\xb2\xaf\x7f\xf9\xcb_\
\x96\xfb\xef\xbf_\xae\xbd\xf6ZNp\x0c~6\x84b\
\x00\xc2\x80\x19Y\x00<mvL\x9dx[y\x9c\x91\
\xdb\xb8\x11d\xd5\xd6\xd6\xca\xad\xb7\xde\x9a2\xc4\xb23\
\x83\x8a\x10+Xu\x1d\x85\xe7\xf4\xce;\xef\xc8\xee\xdd\
\xbb\xaf\x9a\xe1\x18\xa6\x10k\xec1\xeaf\x8dG\xb1\xf9\
\xb43\x8e\xbb\xa1\xa3\xa3CJKKC\x1dbY\xa9\
\xf1tA\x89\x95\xaf\x8d\xfd\xfa\x8c\x193\x08\xb1\x00\x00\
\x96\x11d\x01\x88tC4a\xc2\x04\xe3{d\x95\x97\
\x97\xcbm\xb7\xdd&\xed\xed\xed\xca\x0d}\xd4C,\xa7\
\xcdU\xd0j\xd4\xea\xe7b\xf5\xf34=S\xa5\xa5\xa5\
E\x9ez\xea\xa9\xab\x8e%7\xeaX5\xc4\xb2[\xa3\
\xa6C\x95 \xd5\xb8W\xcf3\xd5qa\xfa9\xb5\xb5\
\xb5IYY\xd9\x15\x7f\xf8p\xb2|\xdb\xe4\xc5\x09T\
\xde\x0b\x1d\xef\xa1j\x88\xf5\xd5\xaf~U\xd6\xad[G\
\x88\xa5\xf8\x1e\x03@\x14\x11d\x01\x08\x5c\x03\xa4\xbba\
\x19\x1c\x1c\x94\xa1\xa1!#\xaf\xf7\xb5\xd7^\x93\x85\x0b\
\x17JWW\x97\xeb\x0d\xbd[!\x96\xe9Y**\xfb\
\xe6\x84)\xf4\xf2\xfbky\xe7\x9dwd\xe7\xce\x9d\xca\
\xb3T\xec\x1e\x0fv\xf6\xcf\xb2S\xe7^\x87XQ\x1b\
\xff\x83\xf4\x9a\xdb\xda\xda\xe4\xd8\xb1cW\xfc\x9e\xb0;\
6\xfb\xe1\x0a\x9bV\xebO%,Q\x0d\xb1\xbe\xf6\xb5\
\xaf\xc9O\x7f\xfaSB,\x87\x08\xb8\x00D\x0dA\x16\
\x80@4\xdbV\x9aQ\xd5\xe0FD\xaej\xc2u8\
p\xe0\x80,[\xb6Lz{{\x8d7;^\x86X\
4\xf8\xde\xbe\x16\xd5\xd9G:\x9c<yR\x0a\x0a\x0a\
\xa4\xaf\xaf\xcfR\x1d\xbb]\xe3Vg\xac\x04\xa9\xc6\xc3\
8;Q\xd78nBGG\x87TVV^\xb5\x1f\
\x9d\x89q\xdc\xea\xeb\xd5\x15b\xe9\xaa%\xd5\x10k\xd6\
\xacY\xf2\x1f\xff\xf1\x1fr\xcd5\xb4#\x00\x00{\xd8\
\xec\x1d\x80o\x1a\x197\xfe\xa2\x98\xec\xe7$\x12\x09y\
\xff\xfb\xdf\xaf\xed\xe7<\xf6\xd8c\xf2\xe0\x83\x0fji\
\xd2\xed\x5c\xd1\xca\xc92+B\xac\xf0\x1c+coc\
\xe2\xd8:v\xec\x98<\xff\xfc\xf3\x96g\xa9\x98\xbcj\
\x1b5\xce8n\xa2\xce\xbb\xbb\xbb\xa5\xa2\xa2BK\x8d\
\xdb\xfd\xb7\xcee\xdfvj\xcf\xee{\xa8\x1ab}\xfd\
\xeb_\x97\xd5\xabW3\xce\x03\x00\x94\x10d\x01\x88\x5c\
\xd3?\xde\xd7\xe2\xf1\xb8\x96\x9f700 \xeb\xd7\xaf\
\x97}\xfb\xf6)7,\x84X\xd1\x0a\xb1R]m\xd0\
jSi\xb5\xceu\x18\x1e\x1e\x96\xa2\xa2\x22y\xf3\xcd\
7]\xafq\x95\x7f\x9b\xaa\xf1(\x5c\xb8 h\xe3\xb8\
N===W\xec\x89\xe5\xa4N\x9d\xd6\xb8\xdd\xbaV\
\xad;\xb7B\xac[n\xb9EV\xadZ\xc51\x00\x00\
PF\x90\x05@[\xe3\xed\x87&\xdfj\xc33\xf6k\
:\x82\xac\xcb\x97/\xcb\x8a\x15+\xa4\xa4\xa4DK\x03\
C\x88\xc51\xe4\xf4\x98\xd3\xfd^&\x12\x099p\xe0\
\x80\xd4\xd7\xd7[\xae3B\xach\xd6\xb8\xeeq\xdc\xcd\
\xdfE===RZZ\xfa\xee\xef\x05/k\xdcn\
]\xbbUwV\xdf\xf7\xb1\xb7\x9b={\xb6\xacZ\xb5\
\x8a\x13)\x00\x80#\x04Y\x00\x22\x17\x0a\x8c=\xa9\x1f\
\x1e\x1ev\xbcGVuu\xb5\xacX\xb1B\x9a\x9b\x9b\
\x8d4\xf8&\xae\xda\xa6\xd2\x1c\xd1\xe0\xfb\xa3\x96\xed\xce\
P\xd1\xf1\xbe^\xbatI\xf6\xed\xdb'\x17/^4\
R\xe3\xa9\xbe\xef\xa7\xa0\x96\x1a\xf7\xa6\xf6S\x85^#\
\xe3\xb8\x8eP+\x8c!\x96\x95\xdb\xday\xef\xac\xcc\xba\
\x1a\xcf\xb7\xbf\xfdmY\xb9r%\xc5\x0e\x00p\x8c \
\x0b\xa0i\x08\xccs3\xd9\xe4;\x09\xb2\x9ey\xe6\x19\
Y\xbf~\xfd\x15\x8fA\x88\xe5}\x83\xef\xe7\x1a\xd7\xf1\
z\xec\xd4\xb9\xd3\xf7\xa1\xbe\xbe^\x0e\x1e<\x18\xa8\x1a\
\xb7[\xfb\xa6k\x9cYX\xe6\xc7q\xa7\xefqWW\
\x97\x94\x97\x97K\x22\x91P\xaa;7B,\x13\xb3\xb0\
t\x8c\x93\xe9\xc6\x9d\xef|\xe7;r\xd7]wq\xf2\
\x05\x00\xd0\x82 \x0b@\xe4\x1b+\x11\xb9\xe2\xaakV\
%\x12\x09y\xe0\x81\x07d\xd7\xae]\x8e\x9an\xb7\xae\
\xe2\xe6\xa49\xa2\xc17Sw&\xee\xab3\xc0\x1b\x1a\
\x1a\x92\xa2\xa2\x22y\xeb\xad\xb7\x94\x1bt\x9d5n\xb2\
\xce\x83V\xe3a\x0bju\xbcn'\xef\xc7\xa5K\x97\
\xe4\xd8\xb1c288\xe8j\x8d\xdb\xa9U\xdd\xb3\xb0\
TX\x0d\xcaG\x7f\xed{\xdf\xfb\x9e,[\xb6\x8c\x93\
\x10\x00\x806\x04Y\x00<m>t5\xf9Vf\xab\
\xa4\xfa\xba\xdd \xab\xa9\xa9IV\xae\x5c)UUU\
\xbeh\xf0\x09\xb1\xbc\xafi\xb7\x03\xabtu\xee\xb4\xb1\
\xef\xec\xec\x94\xa7\x9f~Z\x9a\x9a\x9a\xb45\xe8\x84X\
\xc1\x1c\xa7\xdd\xfa\x99N\xc7qU\xe7\xcf\x9f\x97\xea\xea\
j\xd7k\xdcN\xad\x9a\x0a\xb1\x9c.)L\xf7\xb5\x1f\
\xfc\xe0\x07\xb2d\xc9\x12N\x82\x00\x00Z\x11d\x01\xf0\
}Cd\xaa\xc9\x1f}\xc2\xdd\xdb\xdbk\xf9q_\x7f\
\xfdu\xb9\xf7\xde{\xa5\xb3\xb3S\xb9\xe16\x19Z\x11\
b\x05\xe3\xb8\xb0\xda\xa4\xa7\xbb\x8f\x89\xbd\xb1N\x9c8\
!\x07\x0f\x1e|7\xe0\xf5\xba\xc6M\xd59\x17.p\
o\xbc\xd7\x1d>\xe9\x08kEDN\x9f>-\x0d\x0d\
\x0d\xc6k\x5c\xb5\xce\xed\xd4\x91\xc9zS\x09\xb1\xe6\xcd\
\x9b'\x8b\x16-\xe2\x84\xc8\xc0g\xc1^{\x00\xa2\x8e\
 \x0b\x80o\x9a\x1e\x95f\xc8I\x93?\xfa\xc4\xdf\xca\
\x8c\xac\xe1\xe1a\xf9\xdd\xef~'\xbf\xfb\xdd\xef\xae\xf8\
\x99^6\xf8\x84X\xee4\xe1~x\xccT\x8f\xad\xeb\
\xe7\x8d]Jh\xb5\x9e\xdc\xbc2\xa1\xee:\x8fB\x8d\
\xeb\xaa5]\x81U\xba\xf0\xd5\xce\xcfT}\x9f\x87\x86\
\x86\xa4\xa6\xa6F.\x5c\xb8\xa0%H\xd5=\xdb\xd0\xee\
\xebSy\x1fT\xaf<h\xe5k?\xfa\xd1\x8f$?\
?\x9f\x13\x1e\x00\x80\x11\x04Y\x00\x02\xd1@\x99n\xf2\
\xd3\xcd\xc8\xea\xec\xec\x94{\xef\xbdW^\x7f\xfdu[\
\x8d\x08!V8\x1b|?\x1e\x0fN\xc3\xac\x8e\x8e\x0e\
y\xfa\xe9\xa7\xa5\xb9\xb9Y9\xc0\xb2\xdb\xb0\x9b\xac\xf1\
t\xb5FP\xeb\x9f\xc7U\xbdb\xa1\xaa\xbe\xbe>\xa9\
\xac\xac\x94X,f\xbc\xc6Uno\xb7\x8e\xfc6\x13\
+//O\xe6\xcf\x9f\xcf\xc0\x0d\x000\x86 \x0b@\
\xe0\x1ay\x13\xb3\x04\xc6khF\x9c:uJ\x96.\
]*g\xcf\x9e\x0dE\x83\xef\xa4\xb9\x0fS\x83\xef\xa7\
P ]\x8d[}\x1e\xaaW-\xac\xaf\xaf\x97g\x9f\
}V\xfa\xfb\xfb\x09\xb1\x84\xa0\xd6\xeb\xe3E\xf5\x0f\x12\
V~\xd6\xa5K\x97\xe4\xf8\xf1\xe3\x92H$\x94\xc6J\
?]\x99\xd0I\xad\xa9\x8ec\xe9\xc6\x97\x05\x0b\x16\xc8\
\xad\xb7\xdeJ\xf1\x03\x00\x8c\x22\xc8\x02\xe0\xcb\xa6\xc5\xc4\
\xf3H\xb5\xa7JWW\xd7\xb8\x8f\xf5\xea\xab\xaf\xca\xea\
\xd5\xab\xa5\xbb\xbb\xdbQ\x13B\x88\x15\xbc\x06\xdf\x8d\x19\
'v~\x86\x9d\x8d\xb0\xad6\xab#K\x09\xff\xf4\xa7\
?Y\xfe\xdcT\xf7\xafb\xb6ax\xeb[\xe5g\xa6\
\xab\xe7da\x96\x95\xba\x1e\xcf\xf0\xf0\xb0466J\
CC\x83/j\x5c\xb5~u\xd4\x9a\x93%\x85\xa9n\
\x93\x9f\x9f/?\xfa\xd1\x8f8\x19\x02\x00\x18G\x90\x05\
\xc0W\xcd\x8e\xd5Y)*MP\xaaF\x7f\xbc k\
\xfb\xf6\xed\xb2q\xe3F\xcb\x1bi\x07\xb9\xc1'\xc4\xf2\
\xc71egV\x96\x95\xdb\x8c\xbc\xef\xe3\xbd\xff==\
=\xb2\x7f\xff~9w\xee\x9c\xa3\x1a\xf2bCl\xd5\
\x10\xc0\xe91@\x8d\xfb\xe7\x18\x1a;\x86\xa7\x12\x8f\xc7\
\xa5\xba\xbaZ.]\xbad\xa4\xc6\xed\x8e\xe3\xaa\xf5\xeb\
f\x9d\xd9\x9d\xd9y\xc7\x1dw\xc8\xdc\xb9s)N\x0f\
\xb1\x09<\x80(!\xc8\x02\x10\x8a\x00@\xf5\xf6#'\
}\xa3\x97\x16\x0e\x0f\x0f\xcbC\x0f=$\x8f?\xfe\xb8\
g\x0d\xbe[Wms\xa3y\xe2\xc4\xda\xec1\xa0\x12\
6777\xcb\xfe\xfd\xfb\xc7\x0dp\x9d\xd4\x95_k\
\x5c\xc71@\x8d[\xafM\xab5i\xe5\x0f\x12#c\
\xb2\xea{\x7f\xe9\xd2%\xa9\xae\xae\x96x<\xaeT?\
~\xba2\xa1\x8e:\xb3;\xcb\xca\xca\xd7\x96.]*\
\xdf\xff\xfe\xf7\x19\xa0\x01\x00\xae!\xc8\x02\xa0\xad\xa16\
\xd1\xe88i\x82\xac6B#\xcd\x8e\x88\xc8\xe0\xe0\xa0\
\xdcw\xdf}\xf2\xec\xb3\xcf*7\xd4Aj\xf0\x09\xb1\
\xc4X\x0d\xaa6\xf3\xe9\xbe\xa7R\xe7\xa3\xbf^UU\
%\xcf?\xff\xbc\x0c\x0e\x0ej\xab)\x13\x1b^\x13b\
\x85\xff\x18qR\xf3\xe9\x0c\x0f\x0f\xcb\xe9\xd3\xa7\xe5\xcc\
\x993\x9e\xd4\xb8\xd3:\xf7S\x8d\xa5\x0a\xb1\x96-[\
&\xdf\xfb\xde\xf7(t\x00\x80\xab\x08\xb2\x00\xb8\xd6\xc0\
\xa8\xdcVG\x13d\xa5\xd1oii\x91\x81\x81\x01Y\
\xbdz\xb5\xbc\xf0\xc2\x0b\xca\x0d\xb0W\x0d\xbe\xdf6\xbc\
\xa6\xc1O]\x9bN\x96\xcd:\xa9\xf3\xd7^{M\x8e\
\x1e=\xea\xe8\xf3wc\x99U\x10B,\xea\xdb\xcc\x1f\
$R}-Um\x8f\xfe^__\x9f\x1c?~\x5c\
:;;\x95>\x7f\x13!\x96\x1f\x96\x12\xaa\xce\xc6J\
v\x9b\xbb\xee\xbaK\xbe\xf3\x9d\xef0\xb8\xfb\xe8x\x04\
\x80\xa8 \xc8\x02\x10\xe8\xe6\xc8\xee_\xef\x93\xed\xad\xd2\
\xdc\xdc,\xf7\xdcs\x8f\xbc\xfc\xf2\xcb\xae5\xf8\xe9\x1a\
~\xa7\xcd\x10!Vt\x8f\x93\xb1\xef\xff\xf0\xf0\xb0<\
\xf3\xcc3R[[\xab\xad\xbe\xad|\xcd\xcb\x10\xcbd\
\x0d\x86\xb9\xbeU\xffX`\xe71\x9d\xec\xff\x96n\x7f\
\xac\x0b\x17.H]]\x9d\x0c\x0e\x0ej\xb9\xd2\xa5\x89\
q\xdcj\x0d\xb9]gv\xf6\xc5\xba\xfb\xee\xbb\xe5[\
\xdf\xfa\x16\x031\x00\xc0\x13\x04Y\x00\x02\xdfh\xa9\xfe\
\xf5~t\x93\xd0\xd7\xd7'/\xbf\xfcr\xe0\x1a|B\
\xach\xd4\xb4\xea\x0c\xac\x11\x89DBjkk\x95?\
7\xaf\x97Y\xf9i\xc9,\xf5m\xad\x8eM\xcc\xc8M\
\xf7Y\xb4\xb4\xb4\x5c\xb1\x17\x96\x1fk\xdc\x8d1X\x97\
d\xef\xfd\xaaU\xabd\xf6\xec\xd9\x14<\x00\xc03\x04\
Y\x00|\xd9\xe8\xe8\xbaz\x9b\x93\xcb\xb5\xab4\x1c&\
\x9a\x1f\xb7\x96Y\xe9h\xa0\x82\xda\xe4\xebh\xba\xed\xde\
\xd6\xee\xcc\x17+3\xb0Tf\xca\xd8\xfd\xbe\xdb\xcb\xac\
\x08\xb1\x82sl8y\x5c\x1dcx\xb2\x10\xcb\xe9\x12\
q\x9d5\xedU\x88\x95\xee\xfd\xb3\xfa\x19\xff\xe4'?\
\x91o|\xe3\x1b\x9c\xcc\x00\x00<E\x90\x05\xc07M\
\x8f\x1bK\x0a\xadn\xbe\xadr\x1b\x13\x0d>!V\xb8\
\x8e\x01\xa7\x1b\xbb\xdb\x9d\xa1\xa2\xf3\xb3t\xf3\xaan*\
_wr\xec\x86\xbd\xbeM\x85Q\xba\x9f\x83\x1f\xc7p\
\xd5\x1a\xb6\xbb\xa9\xbb\x97\xf5eeI\xe1\x84\x09\x13d\
\xcd\x9a52k\xd6,\x06y\x00\x80\xe7\x08\xb2\x00\xf8\
\xb6\x81J7+K\xe5\xeaV&\xc2\x1a?4\xf8^\
\x86XQ\xde/Hg\x8d\xdb}\xbfM\xcd\x92qR\
s&\xafL\x98\xae\xd6\x08\xb1\xfcq\x8c\xd8\x99M\xeb\
\x971\x5c\xb5\xc6\x9d\xd6\xb9[\xf5\xa5r\xc5\xc7\xf1\xbe\
\xf6\xdb\xdf\xfeV\xf6\xec\xd9#YYY\xf2\x91\x8f|\
D>\xfa\xd1\x8f\xbe\xfb_VV\x96\xdcx\xe3\x8dr\
\xcd5\xd7pP\x00\x00\x8c#\xc8\x02\xa0\xdcl\x9b\xb8\
b\x95\xd3\x19+\xba\x9eW\x90\x1a|B,\xfb\xb5\xeb\
\x97F\xdfj\x8d\x8f\xd7\x5c\xea|mN\x03%?_\
\x99\xd0i\xadF=\xa85}??\x8e\xe1\xbaj\xdc\
\xf4\xf8\xab\x83\x9d\xab\x14\xb6\xb6\xb6Jkk\xab\x1c;\
vl\xdc\xfb_{\xed\xb5r\xe3\x8d7\xcau\xd7]\
\x97\xf4\xf1\x87\x86\x86dhhh\xdc\xef\xa5z.\xa3\
\xefg\xe75\x0c\x0f\x0f\xdb\x0eFG\xbe6\xf23\x93\
\xfd\xfeN\xf6\xff\xa3\x9f\xa7\x9dm\x02\x86\x87\x87\x93\xfe\
\xbc\xc1\xc1ANF\x01`\x14\x82, \xc2\xbcj\xf2\
u\xefG\xa4\xba\xd9\xbb\x93\x066,\x0d>3\xb1\xfc\
W\xe3v\x82c'u\xae:\xbb\x89\x1ag\x0c\xd7\xfd\
\x1cM\x8d\xe1vkMg\x8d;9\xc6\xbc\xe4d/\
\xad\xc1\xc1AiiiIz[\xbb\xffv\xfa|t\
\x8d9v\x83,'\xff\x9f\xee{\x00\x80\xbf \xc8\x02\
\x10\x8a\x80@\xf5R\xed:\x9b\xe2\xa8\x5c\xb5\x8d\x93k\
\xe7\x01\x82\xee\x990\xe3}\x1e\xa3\x97w\xe9\xf8\x5cM\
/\xb3\x22\xc4\xf2o}\xeb\xbe0\x81\xc91\xdc\xc9\xd8\
\xa8\xf3\xea\xb1:C,\x95\xf7\xc0\xca\xed\xed\xcc\xc6\xb2\
\xf2\xbd\xd1\xff6\x1db\xf9=\xc05}|\x02@\xd4\
\x11d\x01\xf0}\x13\xa4\xeb\xeaV\xa6\x9aZ\xbf5\xf8\
\x84X\xde\xd7\xbc\xd3\xef;\xb9\xda\xa1\xca\xe7\xe4\xf4\xea\
\x9cN\x9b{B\xac\xf0\xd5\xbcJ}\x9b\xdc\x1f\xcb\xc4\
\x95\x0b\xed\x8c\xe3v_\x83\x95eh\xba\xd9\x99\xfd\xe4\
\xe4\xe7\xdbYR\xa8\xf3\xb5q\x5c\x03@x\x10d\x01\
\x08E\xe3o\xe2D_\xa5!\xd1\xdd\xfc\x10bE\xa7\
\xc6\xed\x86YN\x9b@]Wv#\xc4\x82\xce\xfa\xd6\
\x1d\xd4\xe8\x18\xc7\xdd\xdc\x0fKg\xfd\x99\x9c\x8d\x95\xea\
\xb6:\x82\xaa\xb0\xcd\xc6b\x5c\x01\x00\xbd\x08\xb2\x00\x18\
m\xd6M5\xfdV\xefc\xf7\xa4\xd7\xc9_\xcb\xbdn\
\xf0\x09\xb1\x82]\xe3\xaa\xf7\xb1\x1aj9\x9d\xa1eb\
\x86\x8a\x9fj\x9c\xfa\xf6W};\x09ku\x85\xb4:\
\xc6qSu\xab{\x7f\xb4\xa0\xcc\xc6\x0a\xdb\x92B\x02\
.\x00PC\x90\x05\xc0\x95\xe6HG\x93\xa3zu+\
\x9d'\x8an5?\x84X\xc1m\xe8M\xd4\xb8\xd5\x06\
\xce\xe9\xe7\xa4z\x11\x03\xa7\xb7\xf3\xba\xc6i&\xcd\x8c\
\xbfA\x19\xc3\x9d\xd6\xae\x93\xba\xf5\xa2\xf6\x82<\x1b\xcb\
\xed\xdfav\xae:\xe8\xe5\xf3\x04\x80\xa8\xb9\x86\xb7\x00\
\x80W'W\xba\xf6\x91\x9a0a\x82\xf1\x93\xbfd?\
c\xbc\xe7\xe7\xf4v&\x1a%B,\xf1u\xfd\xaa6\
\xd0n\xd47!\x16c\xb8\x93\x9f\xa1:S5(5\
\xeedcy\xbf\xd4\x9eW\xb3\xb1\xa2z\xcc\xf1;\x15\
\x00\x9ccF\x16\x80@\x9e\x1cz\xbd\xb7\x8a\x93\xd9U\
n6\xf8\xa6f\xe8\xc0lM'\xabe\x9d5\xaeR\
W&f\x1a:\xadq'uJ}\xfbg\x0c7\xb5\
\x89\xb9\x8eZ\x0c\xe2,,\xb7\x02\xa7 \x04[:/\
|\xe1\xd7\xb1\x83\xb1\x0c@\xd4\x10d\x01\xf0\xbcyQ\
Yz\x92\xaa\xe9q\xd2\x10\xe9\xda\xe0\xdd\x0f\x0d>\xb3\
\xb0\xcc\xd6\xae\xce\x1a\xb7\xfbs\xc7~>v\x1e\xcf\x8b\
\xa6_%\x0c\xb0Z\x87\xd4jp\xc7pS\x7f\x90\xd0\
\x15\xd2\xaa\xd4\xad\xd3P\xd64\xbbK\xff\x9c\x84Z~\
\x9f\x81\xe5\xc6L\xf3(\xbcf\x00\xf0\x02A\x16\x00c\
M\xbej\xf3o\xb7\xe9\xb1\xb2Y\xb0\xa9\x93?\xbf6\
\xf8\x84X\xde\xd6\xbe\xee\x1aO\xd7\x14\xba\xb57V\xaa\
\xef\xe9\xdc\xd4\xddt\x8dS\xe7z\xc7p+\xf7\xb3\xbb\
?\x96\x9d\xb0\xd6I\xe0\xe9\xd6\xb8\x1c\x86zs#\x98\
rkF\x9e\xdd\xfbz\xf1;\x951\x0a\x00\x92#\xc8\
\x02\xe0\xcb\xc6\xdfn\xb3\xe5\xf6\x09\xb0\xc9\xbf\xde\x13b\
E\xf7X05\xd3\x90\x1a\xa7\xce\xfd0\xae;YR\
h\x22\x0c\x88\xca,,;L-+\xf4bv\x96\xee\
q\xc9\x0f\x9f/c\x17\x00\xfc\x05\x9b\xbd\x034 \xbe\
8\x81\xb2\xb3\x8f\x94\xca\xf7\xec<\x0f\xd5\x9fA\x88\x15\
\xcd\x1a7\xb1Y\xbb\xa9M\xa2G\xd7w\x14k\x9cF\
\xd0\xbd\xe3Ie\x06\x94\xeeY\xb4^\xd5\xb8\xd7\xb5\xa6\
+4\xf2bY\xa1\xae\xe3\xdf\xcd\xf3\x15\x93\xb7\x01\x00\
\x8c\x8f\x19Y\x00\x1c\xcd\x92J\xf7\x18&f`Y\xf9\
\x9e\xd5\x13r\x1d'\xc5\xba\xf6\xb7\x22\xc4\x0a\xcfqb\
\xf5x\xb0R\xc7n,\x9d\xd5]\xaf\xaaa\x1e!\x96\
7u\xa9\xe3>\xa6\x96\x84\xeb\xda\xff\xcd\xed1\xd9\x8f\
\xb5\x16\xb4=\xac\xac\xbc\xb7\xe3]$C\xa5\x0eR\xfd\
ABgx\x16\xf6\xe5\xa7\x00\xe0\x16\x82,\x00\xbei\
\xbcT\xf7P\xb1\xdad\x99h|\xc3\xd0\xe0G\xe1\xe4\
YGX\xeb\xd5s3\xf9\xdcuo\xfe\xae\xfb>:\
\xeb\x94&Q\xdf1\xa2c\x0c7\xbd\xa4\xd0\xabz\x0d\
r\x9d\xa5\xfa,\xfc<~\xba9\x0e\xd8\x0d\xb8\x18w\
\x00\xc0\x0c\x96\x16\x020~B\xe9\xc6\xc6\xe7&\x96\xa4\
\xa8,\xef2\xd10\x11bE\xa3\xc6\xad\xd4\x81\xae\xa6\
\xdeI]\x05-\xc4\xd2=>\x84\xa1\x997\xf9\xf8*\
\xe3\xa2\xa9\xab\xc7Y9\xaeT\x8eE\xc6\xd3`\xd6\xb3\
\xd5\xf1I\xd7&\xef\x00\x00s\x98\x91\x05\xc0\xf6\x89\xa0\
\xe9\xbf\xcc\xaan\x08lrI\x8a\x93F\xdd\xcf\x0d>\
\xfcS\xe3V\x7f\xb6\xdd:\xd75cA\xf7\xecDj\
<\xd8\xb5o\xf78\xb12\xf3\xd0\xee\xd8\xad\xfay\xbb\
9\x8e\x87\x95Wc\xa4\xee\xb1@\xd7gg%\xfc\xf2\
\xcb\x9e\xa4\x00\x10\x06\x04Y\x00<k\x90T\xf6\xc0\xb2\
\xdbh\x99>\x09\xa6\xc1\x87\x975n\xaa\x11s\xa3\xb9\
\xa7\xc6\xfdS\xa7n\xfd\x0c;\xfbm\x99z^\xbak\
\x95:33>\xea\xaaU'\xfb\xa2\x99\x9c\xa9\x15\x84\
+$\x02\x80\x9f\x11d\x01\xf0\xb4IRm\xf4E\xdc\
\xd9\xb3Cw\x80E\x83O\x8d\xfb\xa9\xc6M\xed\xcd\xc6\
\xa6\xee\x04\x11~\x18\xbfM\x8e\xe3*u\x96\xee\xf6n\
\xbe'\xa6.\xf0\xa2:N\xea~\x1c\x13\x7f`\xb2\xf2\
X\xaaa\x17\xbf\xd3\x01\xc0\x1e\x82,\x00\xb6O\x16\x9d\
\x9cX\xea\xbcb\x96\xa9\x86\xc8d\xd0D\x88\x15\xbe\xe3\
\xc1j\xf3\xee\xf4\x0a\x9c\xba\xea\x5cG\x8d\x99\x0a\x06t\
\xd4(5n\xae\xf6u\x85Y&\xc7o7\xea\xd0\xd4\
\x06\xe3~\xbe(\x85\x97cm\xba\xe5\xd4:>\x8fT\
\xb3\xaf\xc6\xfe\x9b\xd9T\x00\xe0=\x82,\x00\xben\x84\
\xac4<\xaa{c\xa94\x19NnC\x83\xef\xff\x86\
\xc9T\x8d[\xfdlL\xec!\xa4{V\x80\x93\xfd_\
\xa8\xf1\xf0\x1d\x0bV\x8e\x07\xab\xe3\xb7\xc9edn\x8d\
\xe3N\xeb1\xa8a\x96\xd5@\xca\xcb\xe5\xd4*\x9b\xbd\
\x8f\xfd\xb7\xd5\xef\x99<\x17\x00\x00\x10d\x01\x08@#\
d\xf7g\xea>\x094\xbd\x810\x0d>\xc7L\x10j\
\xdc\xf4\x85\x09\xa8q\xff\x8c\xc9&\xf6v\xd3}!\x03\
\x13\xb3\xa2\xbc\x0c\xb0L\xfe~\xf5SM\xea\x0a\xb3t\
\x8d\x0fvB,\xb7\x9f\x1b\x00 9\x82,\x00\xae7\
U:\xae\xd8\xe6\xf5\xfeX4\xf8\x04\x03\xa6k\xdct\
\x9d\xebj\xcc\xbd^.K\x8d\x07\xeb\x98\xb1S\xd7:\
>W\xb7\xc6q/j\xd1I\xf8\xe3\xc7\xb0\xcc\xc4\xef\
w;\x9f\xab\xdd\xb1L\xd7\x0c,7\xea\x8a1\x12@\
\xd8\x10d\x01\xf0U\xc3\xa32#\xc5\xad\x93^/\x1a\
xN^\xa3[\xe3&\x1a;\x9d\xb3X\xdcX\xc6E\
}\xbb_\x9fV\xbe\xefti\xad\xd7\xfbc\xe9\xacq\
S\xb5\xe8\xb7\xa0\xc9\xca\xec*\xab3\xb0\xac\x06\x9e*\
5\xa2:\xe6\xd8\xbd\x82\xa1\x1b5\x05\x00H\x8e \x0b\
\x80\xf2\x89\xb3\xd3\xa5$\xba\xaej\xa5\xbaG\x96\xa9\x06\
\x9a\x06\x9f\x1a7]\xe3V\xeek\xb2~\xa8q\xe8\xd8\
'\xce\xed\xfd\xb1t\xd78u\xa8^+V\xc7@\x9d\
\xef\xaf\x9d\xe5\xff\xe9B,\xab{c9\x99\xe5E\xfd\
\x01@r\x04Y\x00\x02\xdf\x0c\xb9ybG\x83\x0f?\
\xd4\xb8\xa9\xcf\xd9\xcde\x82\xd4\xb8\xbb\xb5\xa6r{S\
\xb3\xb6\xec~\xa6\xc3\xc3\xc3\xda>s\x9d\xb3`\xc3V\
\x87VfX\xa9\xdeGW\xa8\xaf\xf337yua\
\xc6-\x000\xeb\x1a\xde\x02\x00~n|'L\x98\xe0\
\xf9\xc9\xdf\xc8s\xd0\xf1<\x09\xb1\xa8q?\xd7\xb8[\
\xb5K\x8dG\xe3\xf8\xd0U\xdb\xba\x1eC\xe7,\xac(\
n\x02n\xf2\xc2'&\xde\xd3T\x8f\x99l\x96\x95\xdd\
\xcd\xdf\x9d\xcc\xc6b\xcc\x03\x00u\xcc\xc8\x02\xe0\xca\xc9\
\xaf\xd3\xab\xb5\xb9\xb9\xc9\xbb\x97\x8d;\x0d>5\xeeV\
\x8d{Q\xbb\xec\xf9\x16\xbc\xda\xd5U\xdb^\xed\xf7\xa4\
\xbb.\xa9Ak\x9f\xaf\xea\x0c,\xd3[\x05\xa8^\xbd\
\xd0D\xddxq\x85D\x00\x08\x0b\x82,\x00\x8e\x1b\x0e\
\x1d\x8d\x8e\x9d\xdb\x98l\xf6M44\x84X\xd1<.\
\x82^\xe3\xba\x8f\x05B\xacp\xd7\x7f\x10\x83\xda\xb0\x06\
XV\x97\xf7\xa9l\xe0ng\xe9`\xba\xa5\xa7V\xea\
\xc1\x8dYMV\x02%'3\xb5\xbc\xacq\x00\x08+\
\x82,\x00\x81k\xf4\xc7;\x81ss\x9f!/\xc3.\
Nf\xfdS\xabNj\xd7\xcf5\xee\xb7\xfa\xa6\xc6\xfd\
qL\xe8\xfec\x84\x93\x9av\xabn\xfdP\x7f~\x9c\
\xed\xa6+\xcc2Y\x0fV>7\x95\xab\x17Z\xf9\xb7\
\x8e\xc7\xd4Y{\x8c\x9f\x00\xc2\x88 \x0b\x80\xef\x02\x04\
\x95\xbf\xdc\xfb\xed\xaf\x9f4\xf84\xfbA\xabqS\xcd\
=5\xee\xcfq\xd6t\x1d\xa9\x84\xb5v\x8e\x0976\
\xdc\xd6\x19\x22x\xf9\x998\xad!;5\xa5\xf3\x0a\x85\
\xa6\xc6G\xd5\xab\x17Z\xf9\xf7\xd8\xaf1~\x01\x80\x19\
\x04Y\x00\xb45B:\x1b}\xbf4\x00&gl\xd1\
\xe0S\xe3A\xacq\xb7\x82\x00\xea\xdb\x7f\xc7\x84\xd3@\
\xc3\xab\xcf\xdd\xcd\x19XVB\x12?\x85Z\xaa3I\
U\xaeXiw\xbc3\xb1\xf9\xbb\x93\xaf\xab,AT\
y\x5c+\x8f\xc5\xf8\x08 \xea\xb8j!\x00\xd7\x1b\x06\
\x95\xa6\xc2\xed\x936\x95\x9fi\xe7>\x84X\x1c\x07^\
\xd6\xb8\x95+q:y]N_\x0f\xf5-\x9e\x8c\x0f\
&\xf6\x95\xf2zY\x9e\x1b!\x96\xdd\xe3\xc9\xad\xe7\xe4\
\xf4\x18vr\x9btW\x0ct\xf3\xca\x8f\xc9~\x96\x9d\
\xab\x1a\xea\xd8G\x0b\x00\xa0\x0f3\xb2\x00$=\x893\
\xf9Wc\xd5M\xe5G\xb8\xbd\x97\x86\xd7M\x09'\xc7\
\xc1;6\xa2Z\xe3\xd47\xc7\x80\x9bu\xad\xab~\xbc\
\xb8\x9f\xae\xf7\xc2\xe9c9\x19\xd3\x9cn\xf2\xafk/\
@;\x9f\x87\xdd\x99N:C,\xb7\xc3.\xc6S\x00\
aE\x90\x05\xc0\xd3F_\xf5\xc4\xd5\xc9\xde*\xbaN\
\xee\xbc\xd80\x98\x93R\xef\x9aq]\x8d\x9f\x1b5\xee\
\xc6\x95\xbeL\xfc\x5c\xea;X\xe3\xb7\xd3\xb1[g\x90\
\xe3\xf6}u\x8d\xe7^,3\xb4\x1aH\xd9\xf9Z\xba\
\xcf\xd3\xed\xab\x14\xaa<\xae\xae\x10K\xc7kcY!\
\x00\xa4F\x90\x05\xc0h\x13nw\xc3_\xa7\x7fUv\
\xe3=\xf1\xe29q\xe2\xea\xcf\x1aw\xb3\xbe\xdd\xa8\x03\
\xd3W\xf1\xa4\xbe\xc35~;\xadm/>w/\x83\
+\xa7\xe3\x88\xdd\xab\x17\xda\xdd\xc7\xcajH\x95\xac>\
\xac\xd4\x83\xee\x19XN?3\xa73\xa7\x9c\xecw\xc5\
\xdeX\x00\xa0\x8e \x0b\x80\xaf\x9a)?^\xe1\xc9\xeb\
\xbf\xd8\x83\xfa\xa6\xc6\xe1F}:\xb9\xbf\xdf\xaf\xce\xe7\
\xb7\x00K\xe7\xe7\xa4\xfa\xd8v\xc2/\xbb3\xb1\x9c\xcc\
\xc0r\xb2$\xdb\xe9}\x9c\x04N:\x1e\x13\x00`\x0d\
A\x16\x00\xe3'\xd8N\xf6\x0a\x0a\xda\x15\x0bi\xf0i\
\xf6\xa9oj<\xca\xc7\x87\xdf\x02\xad\xa0\x5ct@\xc7\
U#u\x05bv\xc2\xact?We\xd6\x9e\x17\xcb\
\x0bu_\xd1P\xf5\xb50\x1b\x0b\x00\xac!\xc8\x02`\
\xbc\xd1w\xf2\x18n_\xb2\xdc/{\xfcp\xc2\x1a\x8d\
c$\xaa\xf5M\x8d\x87\x7f\xfc\xf6:\xd0\xe2\xaa\x99\xd6\
>?\x95\xd0j\xbc\xcf\xd5\xce>Yn\xd6E\xba\xcf\
\xd2i\x80\xa5R/\x8c}\x00\xe0\x1cA\x16\x80\xc04\
T^\x5c\xdd\x88\x06\x9f\xdat\xabq7\xb1w\x8c\x1f\
\xeb\x92\xfa\x8e\xd61\xe2Vx\x11\x95Y\xb0\xaa\xb3\xb2\
t\x86Y\xe9\xeec\xe5\xb3\xd6\xb1\xa4\xd0\xc9g\xa7k\
v\x96\xd3+ \xea\xf8\x1ec-\x80(\x22\xc8\x02\xe0\
Z\xa3\xaf\xf3q\xfcr\x92\xa6\xfb9p\xe2\xc9\xb1\xe2\
\xb7Z \xa4\xa5&u=\x8e\xce\xb06\x8cu\xe9\xd5\
\xd2@'\xf7I\xf69\xfaiI\xa1\xd5\xc7\xd71;\
+\xd5\xf7X6\x08\x00\xfa\x10d\x01\xf0\xacA\xf7\xeb\
\xa6\xc0^\x9dps\x22\x1b\x8e\xfa\xd6\xfdXa\xa9q\
\xea\x9b\xe3\xc4o5\xe1\xc7\x9a\xd4\xb1W\x96\xee\x9f\x9d\
\xeew\xb6\xd5\xef\x8fpslT\x0d\xaf\xd2}_g\
\x88\x15\x95\xda\x06\x00\x9d\x08\xb2\x00\x84\xa2!\x0a\xfa\xc9\
!'\x9d\xe1m\xd2\xa9q\xea\x9b\xda\x8e\xc68\x1e\x84\
\xcf\xdb\xca\xd2\xc4d\x9f\xad\xd5\xfb\xa6\xab\x0d\xaf\x97\x15\
Z\xb9\x8f\xae\x00\xcb\xc9\xcfb\xfc\x04\x80\xe4\x08\xb2\x00\
x\xd6\x0c\x05\xa9!\x22\xc0\xa2\xc6\xc3\x5c\xe3&\xeb\x90\
\x1a\x0fwm\x07)\xcc\x0aJ-\xea\x9a\x95\xa5\x1af\
\xa5\xbb\xaf\x95\xf1\xcc\xee\xd2B\xaf\x97\x15Z\xb9]P\
B,\xc6\x5c\x00Q@\x90\x05\xc0\x17\xcd\x8b\x17W3\
\x0a\xca\x895\xc2U\xe3~j\xfc\xa9qj;\x8cc\
wT\xea\xd0t ee\x0f,\x95\x90\xca\x8fWh\
u\xb2\x7f\x95\xa9\x10\x0b\x00\x90\x1cA\x16\x00\xdf4\xfa\
~h\xf8\xdd8\xb1\xe4\xe4\x95c\xc7\xcb\xc6\x9f\x1a\x87\
\xdb{,y}\x9cE\xfd3R\xd9\xe4\xdd\xce\xfd\xed\
\x8eg\xe9>\x1b\x95+\x1e\x9a\xa8\x11+?G5\xc4\
2U\xc3\x8c\xbd\x00\xa2\x82 \x0b\x80o\x9b\x16\xdd\xfb\
h\xf8\xe1\xa4\x8f\x93L\xea;U=\x98\x0a\x17\xa8q\
x\xf5\xf9\xfbic\xef(\x8fS:\xc2\xact\x9f\xa7\
\xae\x90\xde\xeb\xa5\xceNo\xa3\xe3g0\x8e\x02@j\
\x04Y\x00|\xdf\xec\xab\x9c\xdc\x0d\x0f\x0f\xfb\xeeD\x90\
\x13\xd3\xe06\xe5n\xd5x\xaa\x1a\xb1zE0\xea\x1b\
~\xaam\x93\xc1V\xd8kNGHe\xf5v\xba\xf7\
\xbe\xf22\xd0T\xa9\x11\xd3{h\xd9\xb9\x1dc)\x00\
\xa4G\x90\x05\xc0\xb5\x93\xed\xa86\xd5\x9c\x94\x22\xecu\
D\x8d#\x8a\xb5\xe2F\x18\xe8f\x98e\xf7\xf7\xb9\x93\
}\xb2F\xf3r\xf6\x96\x9d\xfb\xbb\x11bql\x01\x80\
5\x04Y\x00\x5c=\xd9\xa6a\x03\x0d+5\x0ej;\
L\xf5nz\xf6\x91\x17a\x96\x9d\xd7\xe1\xf4\xf5\xbb9\
\x8e\x98\xd8wJ\xd7rE'\xef\x05c1\x80\xa8!\
\xc8\x02\xe0\xfa\xc96\x0d>\xa8qj\x1c\xd4vXk\
\xdd\xeb\x0b\x96\xd8\x99!\xa53\xd0J\xf5~\x05\xed\xc2\
\x16^\x84S\x8c\xa9\x00`\x1dA\x16\x00#'\x8eQ\
m\x888\x11\xa5\xe1\xa7\xc6AmS\xe7\xba\xdfO\xbb\
K\xfet.\x0f\xd4\xb1\x89\xbb\xd3+\x15\xba5\x16\xe9\
\x0c\xb0\xec\xdc\xd6t\xe8\x06\x00aC\x90\x05\x80\x86\x88\
\xe6\x1e\x8a\x9f75\x0e\xc6n\xea\xdc\xad\xf7\xd3T\x98\
egL\xd3ueB\xbf\x8c/&B)\x93\xb7\x05\
\x00\xfc\x05A\x16\x00\x9a}\x9a{\xd0\xf4S\xe3\x88\xd4\
\xd8\xedf\x8d{\x19f\xd9\xfd\x1c\x9dl\xe0\x1e\x94z\
Q]*j\xe2\xf6nnV\x0f\x00aB\x90\x05\x80\
f\x9f\x93G\xd0\xf4S\xdf\x88\xc4\xd8\xf1\xd5\xf3Q\x00\
\x00 \x00IDAT\xedU\x9d{\x15f\xa9\xfel\
\x95\x99W~\xd9\x1bK\xc7glbSx\xc6Y\x00\
\xd0\x87 \x0b\x00\xcd>'\x9d\xa0\xc6\xa9q\x84\xb6\xae\
\xfdR\xe7^\x87Y\xaa\x9f\xa3\x93\xe5\x84V\xde\xeb \
\xed\x8f\xa5\xeb~\xba\xf6`\x03\x80\xa8\x22\xc8\x02\xe0Y\
\x03\x11\xd6e\x08\xa0\xc6\x83\xd6\xf8S\xe3\x08c]\xfb\
\xb1\xc6\xbd\x0c\xb3t|\x8e&~\x87{\xf9\xd9\xb8\xbd\
\xc9\xba\xae\xd7\xca\x98\x0d \xea\x08\xb2\x00\xd0\x18q\x92\
\x88\x086\xfe\xd48\xc2X\xd7A\xa8s\xaf\xc3,]\
\x9f\xa3\x1f\x97\x12\xbaQ\x0bn\xce\xdcb\xec\x06\x80\xf1\
\x11d\x01\xf0\xdd\xc9\xa5\x17'\xc2\x9c\x18\x22\xcc\xf5M\
\x8d\xc3d=\xf9-\xbc\x08B\xad\xeb\x0e\xb3T?\x07\
\xdd\xc1d\xaa\xf7\xde\x8d:1\xf9\xd9{\x1d`1\x8e\
\x03\xc0\xff!\xc8\x02\xe0\xfb\xc6_\xf7\x090'\x82\x08\
s}S\xe3\xf0\xb2\xa6\xf9C\x84\xbd\xe7\xad\xfbw\x9b\
\x9f\x96\x0c\x86\xe1s\xf2\xd3U\x05\x19\xd7\x01\xe0\xff\x10\
d\x01\x88\xc4\xc9$@}\x03\xde\xd42\x7f\x88H\xfd\
zL\xbc?\xba\x96\x0c\x86\xf9\xaa\x95&kLw\x9d\
\xf2;\x02\x00\xaeD\x90\x05\x00\x00\x00ch\xc2\xd3\xbf\
?\xa6fe:}\x5c\xbf,\x8d\x0eJ}\xfa\xe9j\
\x8a\x00\x10f\x04Y\x00\x00\x00\x80\x87L\x84Y#\x8f\
+bv\x0f,\xae\xd0\x1a\xbc\xc7\x05\x80\xa0#\xc8\x02\
\x00\x00\x00B\xcc\xe4\xd5&\xbd\xde\xe0\xdd\xeas\x09\xda\
\xcf#\xc4\x02\x80\xe4\x08\xb2\x00\x00\x00\x00\x8f\x99\x0c\x9b\
\xc6\xfe\x0c\xd3?g\xbc\x9f\x17\xb6\xcf\x89\xf7\x0d\x00\xbc\
C\x90\x05\x00\x00\x00\xf8\x84\xa9e\x86\xe3\xfd\x1c\x91h\
n\xe8\xae\xfa^\x85\xedg\x01@P\x11d\x01\x00\x00\
\x00>\xe2V\x985\xf2\xb3F#\xd8\xf2&L\x22\xc0\
\x02\x00\xeb\x08\xb2\x00\x00\x00\x00\x9fq3\xcc\x1a\xfbs\
G\x8bB\xb0\xe5u\x88D\x88\x05\x00\xf6\x10d\x01\x00\
\x00\x00>\xe4\x87\xe5\x7f\xc9B\x96 \x06\x5c~\x0b\x8c\
\x08\xb0\x00@\x0dA\x16\x00\x00\x00\xe0c^\xcd\xceJ\
\xf7\x9cR\xf1\xc3l2\xbf\x7f\xa6\x00\x005\x04Y\x00\
\x00\x00\x80\xcf\x05msv\x82\x1a\xde\x17\x000\x85 \
\x0b\x00\x00\x00\x08\x08\xae6\x18\xec\xcf\x0d\x00\xe0\x1cA\
\x16\x00\x00\x00\x100\x04Z\xc1\xf9\x8c\x00\x00z\x11d\
\x01\x00\x00\x00\x015:,!\xd4\xf2\xdfg\x02\x00\xd0\
\x8f \x0b\x00\x00\x00\x08\x01fiy\xff\xde\x03\x00\xcc\
#\xc8\x02\x00\x00\x00Bdl\xa8B\xb0e\xfe=\x06\
\x00\xb8\x87 \x0b\x00\x00\x00\x081\x82-3\xef#\x00\
\xc0\x1b\x04Y\x00\x00\x00@\x84\x10l\xd9{\x7f\x00\x00\
\xfeB\x90\x05\x00\x00\x00DX\xaa\xe0&\xcc!\x17\x81\
\x15\x00\x04\x13A\x16\x00\x00\x00\x80q\xd9\x0d{\xbc\x0c\
\xbe\x08\xa6\x00 \x1a\x08\xb2\x00\x00\x00\x00hA\x98\x04\
\x000\xed\x1a\xde\x02\x00\x00\x00\x00\x00\x00\x04\x01A\x16\
\x00\x00\x00\x00\x00\x00\x02\x81 \x0b\x00\x00\x00\x00\x00\x00\
\x81@\x90\x05\x00\x00\x00\x00\x00\x80@ \xc8\x02\x00\x00\
\x00\x00\x00@ \x10d\x01\x00\x00\x00\x00\x00 \x10\x08\
\xb2\x00\x00\x00\x00\x00\x00\x10\x08\x04Y\x00\x00\x00\x00\x00\
\x00\x08\x04\x82,\x00\x00\x00\x00\x00\x00\x04\x02A\x16\x00\
\x00\x00\x00\x00\x00\x02\x81 \x0b\x00\x00\x00\x00\x00\x00\x81\
@\x90\x05\x00\x00\x00\x00\x00\x80@ \xc8\x02\x00\x00\x00\
\x00\x00@ \xbc\x87\xb7\x00\x00\x80\xe4rrr\xe4\xfa\
\xeb\xafO\xfa\xfd\xfe\xfe~\xa9\xaa\xaa\xe2\x8d\x02\x00\x1f\
\xca\xce\xce\x96\x1bn\xb8!\xe5m*++%\x1e\x8f\
\xf3f\x01@@\x10d\x01\x00 \x22\x99\x99\x992u\
\xeaT\xc9\xc9\xc9\x91\xdc\xdc\x5c\xb9\xe1\x86\x1b$''\
\xc7\xf2\xfd[ZZ\xa4\xb9\xb9Y*++\xe5\xcc\x99\
3RRR\x22\xcd\xcd\xcd\xbc\xb1\x00\xe0\x92\xa9S\xa7\
\xca\x94)S$;;[&O\x9e,\xb9\xb9\xb9\x96\
\xef\x1b\x8b\xc5\xa4\xbe\xbe^\x1a\x1a\x1a\xe4\xc4\x89\x13R\
RR\x22\x8d\x8d\x8d\xbc\xa9\x00\xe0C\x04Y\x00\x90\xe2\
d\xd8\x89d3y222$77WJKK\
\xc7\xbd_WW\x97\xd4\xd7\xd7\x8b\x88\xbc{\x9b\x86\x86\
\x06ioo\xe7\x83\xd1,77W\xa6O\x9f.S\
\xa7N\xb5\xd5\xf0\x8c'++K\xb2\xb2\xb2\xae\xa8\x9b\
\x96\x96\x16)))\x91\xe2\xe2b9|\xf8p\xe8\xdf\
\xcf9s\xe6Hff\xa6\x96\xc7*((\x90X,\
\x16\xe8\xf7#33S\xe6\xcc\x99\xa3\xe5\xb1JKK\
\xa5\xa4\xa4\xc4\xb3\xd7\x92\x93\x93#\xd3\xa7O\xb7}\xbf\
\xa2\xa2\xa2w\xc73\xbf\x8e\xdb\xc5\xc5\xc5\x81\x9cUi\
\xf73\x89\xc5bRPP\x10\xaa1';;[f\
\xcc\x98\xa1\xe5wvff\xa6L\x992\xe5\x8a\xc7i\
oo\x97\x92\x92\x12y\xf3\xcd7\xe5\xd5W_\x0d\xfc\
\x98\x04\x00aA\x90\x05\x00\xe3\x982e\x8a\xe4\xe5\xe5\
\x19\xff\x19\xc9$kNJKK\xa5\xa1\xa1AZZ\
Z\xa4\xaa\xaaJ\xea\xea\xea8\xb1\xb6i\xf2\xe4\xc92\
c\xc6\x0c\x99={\xb6dee\x19\xfdYYYY\
2s\xe6L\x999s\xa6\xdc}\xf7\xddr\xe8\xd0!\
9x\xf0`h\x97\x22\xce\x993G\xdb{\x1a\xd4p\
a\xb4\xeb\xaf\xbf^\xdb8\xb2m\xdb6O\x83\xac\xec\
\xecl\xa5\xd7\xd2\xd2\xd2\xe2Z\x90\x95\x9b\x9b\xab\xf4\x1c\
srrd\xd5\xaaU\x81\xab\xafO\x7f\xfa\xd3\xb6^\
oKKK(\x82\xac\xcc\xccL\xf9\xcaW\xbe\x22\xb7\
\xdcr\x8b\xadY\xb3*&M\x9a$3f\xcc\x90\x19\
3f\xc8\xca\x95+\xa5\xa8\xa8H\x0e\x1f>,EE\
E\xfc2\x05\x00\x0f\x11d\x01@\x92\x13~?\x1a\xfb\
\xd7b\x11\x91\xaa\xaa*)..\x0eE\xe3oRN\
N\x8e\xe4\xe5\xe5)\xcd*\xd1\xd5|\xcd\x9e=[f\
\xcf\x9e-\xf5\xf5\xf5\xb2m\xdb6\x9a\xa1\x14&N\x9c\
\x18\xf8\xd70y\xf2\xe4\xd0|\x1e\xaa3B\xdd\x5c^\
\xab\xfa\x1cGfez\x19\x14\xfa\xfd\xbd\xf5\xcb\xf1\x94\
\x97\x97'3g\xce\xf4\xe4\xe7gdd\xbc\x1bj\xb5\
\xb4\xb4\xc8\xb6m\xdb\xa4\xb0\xb0\x90\xc1\x1a\x00<@\x90\
\x05\x00\x01\x97\x9b\x9b\xfb\xeeL\x84X,&EEE\
\xb2w\xef^B\xad\xff\xe5u\x80\x95\xec9m\xd8\xb0\
A\xea\xeb\xebe\xeb\xd6\xadR\x5c\x5c\xcc\x075Fv\
vv\xe0\x82\x85\xf1\x1ao\x04\xc3\xd2\xa5Ke\xde\xbc\
y\xa1~\x8dA\x0d\xbe\xbc\x0e\xb0\xc6\x93\x95\x95%\xab\
W\xaf\x96\xbc\xbc<\x02-\x00\xf0\xc05\xbc\x05\x00p\
\xb5\xfe\xfe\xfe@>\xef\xcc\xccL\x999s\xa6<\xf2\
\xc8#\xb2}\xfbv\x99={\xb6\xb6=\x8b\x82\xf8^\
\xacY\xb3F\x1e{\xec1_\x85X\xa3\xe5\xe4\xe4\xc8\
\xa6M\x9bd\xd3\xa6M2i\xd2\xa4\xc0\xbf\xe7\x19\x19\
\x19\xda\x1e\xeb\x93\x9f\xfcd\xe0\xdf\x8f\xbf\xfd\xdb\xbf\x0d\
\xcd\xf1\xd4\xd6\xd6\xe6\xfb\xe7\xe8$\xa8\xc9\xc9\xc9\xd1\xb6\
\x9f\x19\xbf\xa7\xf4\x8d'yyy\xb2}\xfbv_\x85\
X\xa3\x8d\x04Z\x8f<\xf2\x88\xe3}\x16\x01\x00\xd6\x11\
d\x01\xc08\xc2\xb0\xb1zvv\xb6\xac\x5c\xb9R\xf6\
\xec\xd9#yyy\x91\x0a\xb4f\xcd\x9a%;v\xec\
\xf0m\xf33\xd6\xb4i\xd3d\xcf\x9e=2w\xee\xdc\
@\xbf\xef:\xc3\xb8\xec\xec\xec\xc0\xd7\xe1M7\xdd\x14\
\x9ac*\x1e\x8f+\xdd/H\xb3\x80\xf2\xf3\xf3\x03\x15\
(\xdb\xfd=\xd5\xd5\xd5\x15\x98\xd7\x96\x9b\x9b+\x8f=\
\xf6\x98\xe4\xe5\xe5i\x0d\xc8M>\xdfG\x1eyD\x96\
.]\x1a\xd9?\x1e\x01\x80\x9b\x08\xb2\x00 \xe423\
3%//\xef\xdd\xa0$\x08M\x81\xaaI\x93&\xc9\
\xa6M\x9bd\xf5\xea\xd5\x81\x9b\xe1\x94\x91\x91!\xf9\xf9\
\xf9\xf2\xc8#\x8f\x84bv\x96SA\x0f\x81222\
\x8coD\xed\xa6 \xcc\xfeq\x1a\x9aedd\xc8\xb2\
e\xcbB{L\x05\xe1\xc2 \x19\x19\x19\xb2r\xe5J\
y\xe4\x91G\x02\x19f\xcf\x993G\x1e\x7f\xfc\xf1P\
\x1d\xfb\x00\xe0G\x04Y\x00\x10\xd0\xa6\xcd\xae\xcc\xccL\
\xc9\xcf\xcf\x97={\xf6\xc8\xb4i\xd3B\xf7\xfars\
s\xe5\xf1\xc7\x1f\x0f\xfck\xcb\xcd\xcd\x95\x1d;v\xc8\
\xd4\xa9S\x03\xf5\xbcu\x87o\x99\x99\x99\x81n\x06\xa7\
N\x9d\xaa54\xf6:\xdcT\x9d\xa5\x1a\xb4\xb1td\
3\xef \x08\xd2\x0c++&O\x9e,\x8f<\xf2\x88\
\xcc\x9e=;\xd0\xaf#+++\x14\xaf\x03\x00\xfc\x8c\
 \x0b\x0046mA02ki\xe9\xd2\xa5\xa1\x99\
\x9d5g\xce\x1c\xd9\xb2e\x8b\xb1f\xbf\xa5\xa5EJ\
KK\xa5\xbe\xbe\xde\x95\xd7\x93\x99\x99)\x0f?\xfcp\
\xa0\x96\x1a\x9a\xb8\xca`\xd0\xc2\xbc\xd1>\xff\xf9\xcf\xfb\
\xfe\xfd\x0d\xdbX\xaak\x1f\xafe\xcb\x96\x05by\x98\
\xdd\x19V~^\xe69m\xda4y\xec\xb1\xc7\x8c\x85\
\xd7\xb1XLJKK\xa5\xb4\xb4\xd4\x95\xd732\xb3\
l\xdd\xbau\xa1\x9e\x05\x0d\x00^\xe1\xaa\x85\x00\x10Q\
s\xe6\xcc\x91i\xd3\xa6\xc9\xda\xb5k]\x0bhLX\
\xb3f\x8d\xb6\xbd\xb0\xda\xdb\xdb\xe5\xd0\xa1CRUU\
%\xed\xed\xed\xd2\xd0\xd0\x90\xb4\x11\xcf\xc9\xc9\x91\xeb\xaf\
\xbf^233e\xfa\xf4\xe92}\xfat\xed\xcdo\
~~\xbedgg\xcb\xfa\xf5\xeb}\xff9\x98h\xd6\
\xa6L\x99\x22\x05\x05\x05\x81\xac\xcb \x87p\xa9\x8e\x0f\
?/{U\xdd\xc7k\xacI\x93&\xc9\xb2e\xcb\x02\
q\xdc\x85\xc1\xdc\xb9s%??_\xcbc\x8d\x5c\xb9\
\xb7\xb4\xb4T\x9a\x9b\x9b\xa5\xad\xadM\x1a\x1b\x1b\xc7\xbd\
\xed\xe4\xc9\x93\xdf\xbd\xb2\xe8\x97\xbe\xf4%\xb9\xf9\xe6\x9b\
%++K\xebk\x9b1c\x86dff\xca\xda\xb5\
k\x03\xb1\xb4\x13\x00\x82\x82 \x0b\x00\xc6aw\xc9F\
AA\x81\xc4b1\xa9\xaf\xaf\x97X,&uuu\
)OZsss\xdf\x9da1z\x09Uff\xa6\
L\x9d:\xd5\xb5%U\xd9\xd9\xd9\xb2e\xcb\x16Y\xbb\
v\xad\x14\x17\x17\x07\xea3\xca\xc8\xc8\x90\x0d\x1b68\
^J\x18\x8f\xc7\xa5\xa8\xa8H\x0e\x1f>,EEE\
\x96\xef7:\xfc\x1b\xb9\xdfH\xa0\xa53\xd4\x9a9s\
\xe6\xbb\x8d\x90\xaeF\xdd\x84\x1bn\xb8A\xfbc\x065\
\x0c\x9a<y\xb2\xf6c\xd8\x0f\xb3:\xec\xd6\x9f\x17\xf5\
\x1a\x8b\xc5\xb4\x1c{3g\xce\x94\xc3\x87\x0f\xfb~\x5c\
\xb4\xf3z\xfd\x18\xa4\xe4\xe7\xe7k\x99yZ\x5c\x5c,\
/\xbe\xf8\xa2\x1c:t\xc8r\xdd577\xbf;K\
\xad\xa4\xa4D6o\xde,9992s\xe6L\xad\
\xa1\xd6\xb4i\xd3d\xcb\x96-\xb2x\xf1b\xc2,\x00\
\xd0\x84 \x0b\x004\x9c\xf0\xef\xdc\xb9\xd3\xd6\xb2\x8d\xaa\
\xaa\xaa+\xfe=6@\xc9\xc8\xc8\x90\xa9S\xa7Jn\
n\xaeL\x9d:U\xa6L\x99b\xec\xb5fff\xca\
\x86\x0d\x1bd\xfd\xfa\xf5r\xf8\xf0\xe1@|>\x99\x99\
\x99\xb2n\xdd:G!V,\x16\x93\xad[\xb7\xca\xa1\
C\x87\xb45\x17EEEW\x84ZyyyZ\x02\
\x8d\xe9\xd3\xa7\xcb\x86\x0d\x1bd\xd5\xaaU\xbe\x0d\xb3\xac\
4\xd3\x05\x05\x052g\xce\x1c[\x8f\x99\x93\x93\x13\xb8\
\x19\x83V\xea\xd2\xee{a\x22(4\xcd\x8b%\xda\xba\
\x82,\x91\xbf\xcc\xf6\xfc\xeew\xbf\xeb\xeb\xf0!\xc8A\
\x96\xd3\xd9\xb4\xf1x\x5c\x9ex\xe2\x09\xd9\xbbw\xaf\xb6\
Z\xab\xaf\xaf\x97\xcd\x9b7\xcb\xe6\xcd\x9b%77W\
\xf2\xf2\xf2\xb4\xec\xbb\x98\x93\x93#\x8f?\xfe\xb8,^\
\xbc8PW\xf2\x04\x00\xbfb\x8f,\x00\xf0\xa1x<\
.\xc5\xc5\xc5\xb2m\xdb6Y\xbcx\xb1|\xe1\x0b_\
\x90\xdbo\xbf]6o\xdel\xa4\xa9\xcf\xc8\xc8\x90u\
\xeb\xd6\xc9\xacY\xb3|\xff\xdedff\xca\x96-[\
\x1c5\x17\xc5\xc5\xc5\xf2\xdd\xef~W\xf6\xee\xddk\xac\
\xb9+**\x92y\xf3\xe6\xc9\xe6\xcd\x9b\xb5\xfc\x8ci\
\xd3\xa6\xc9\x86\x0d\x1b|\xfb\xb9\x5c\x7f\xfd\xf5io\xb3\
s\xe7\xce\xabB\xdct\x828++\xddf\xe1--\
-\xb2y\xf3\xe6\xc0\xbd.]{P\x05\xc5\xc8\x12C\
\xe8\xe74\xc4\xaa\xaa\xaa\x92y\xf3\xe6\xc9\xb6m\xdb\x8c\
\x05\xa6UUU\xb2b\xc5\x0aY\xb1b\x85\xb4\xb4\xb4\
8~\xbc\xac\xac,\xd9\xb4iS \xf6_\x03\x00\xbf\
#\xc8\x02\x00\x0dF\xf6\xd90\xa9\xaa\xaaJ\x0a\x0a\x0a\
d\xde\xbcyr\xc7\x1dw\x18\xd9\xb4v\xf5\xea\xd5\xbe\
\xbeb\xd7H\xe0\xa6:\xcb)\x16\x8b\xc9\xfd\xf7\xdf/\
+V\xacpm\xb6HAA\x81|\xf3\x9b\xdf\xd4\xb2\
\xd7\xd3\xb4i\xd3d\xcd\x9a5\xbe\xfcl\xac6gv\
\x97jM\x9f>=PcAff\xa6\xe4\xe6\xe6\xa6\
\xbc\xcd\xa1C\x87|9\xc6\xa4\xe3\xe7\xa5\xad\xa6\xcc\x9c\
93\x94Wy\xf5\xd2\xd2\xa5K\x95C\xacx<.\
[\xb7n\x95\xdbo\xbf=\xe9\xdeW\xba\x8d\xfc\xe1c\
\xeb\xd6\xad\x8e\x8f\x81\xec\xecly\xf0\xc1\x07\xd9\x00\x1e\
\x00\x1c\x22\xc8\x02\x80$\xfc|\xe5\xc2\x92\x92\x12Y\xbc\
x\xb1\xcc\x9b7\xcf\xd6\xbeNV\xacY\xb3\xc6\xb7\xb3\
`\xee\xbe\xfbn\xe5\xa6r\xa4\x19),,t\xfdy\
\xc7b1\xd9\xbcy\xb3\xcc\x9b7\xcf\xf1\x8c\xba\x993\
gj\xdb\x18Y'\xabA\x96\xdd\x006777P\
M\xdf\xcd7\xdf\x9c\xf6\xf9\x8e\x1c\xb3Q\x0c\x86L3\
\xb1lk\xcd\x9a5\xbe\x9dE\xd3\xdf\xdf\xef\xe9{c\
\xd7\x9c9sl-\xa9\x1dmd\x16\xd6\x13O<\xe1\
\xfa\xf3\x1eY\xc6\xf8\xcdo~\xd3\xf1\x1f\x91rss\
}=\xbb\x16\x00\x82\x80 \x0b\x00R\x9c\xb8\xfa]}\
}\xbd\xacZ\xb5J\xbe\xf5\xado\xc9\xc1\x83\x07\xb5<\
\xe6\xc8&\xeanm8oU^^\x9e\xf2_\xf1\x0f\
\x1e<\xe8\xea,\xacT\x9f\xd7\xe2\xc5\x8b\x1d7Bs\
\xe7\xce\xf5\xddL%+W\xb3\xeb\xea\xea\x92\xca\xcaJ\
[K-322\x025#\xe6\xdf\xff\xfd\xdfS~\
\xbf\xa5\xa5\xe5\xdd\xe5\x95v\xea\xd1\xcfW\x0bL\xc6\xaf\
{\x01\xd9\x0d\x93\xfd\xbc\xc4\xd0\xcf\x7fp\x19k\xfa\xf4\
\xe9\xb2t\xe9R\xa5\xfb\x16\x17\x17\xcb\xe2\xc5\x8b]\x9b\
\x85\x95\xea\xfd^\xbcx\xb1\xec\xdd\xbb\xd7\xd1\xe3L\x9b\
6M\xf2\xf2\xf28\xd1\x02\x00E\x04Y\x00\x10\x02\xcd\
\xcd\xcd\xb2~\xfdz\xb9\xfd\xf6\xdb\xb546\x99\x99\x99\
\xf2\xcb_\xfe\xd273af\xcc\x98\xa1|\xd2\x7f\xf0\
\xe0AY\xbf~\xbdo>\xabX,&\xcb\x97/w\
\x1c<\xaeY\xb3\xc6\x17\xcb\xcdFX\xd9#+\x16\x8b\
I<\x1e\x97\x92\x92\x12\xdb\x0dp\x10L\x9a4)\xed\
l\xc6W_}U\xe9\xb1\xfdp,\x86e\x93\xea\xad\
[\xb7\xda\xde\xabm\xe6\xcc\x99\xbe^v\xedw\xd9\xd9\
\xd9\xb2n\xdd:\xa5\xfb\x16\x17\x17\xfb\xeeB\x17\x1b7\
n\x94\xad[\xb7:z\x8c\xbc\xbc\xbc\xc0^\x99\x15\x00\
\xbcF\x90\x05\x00I\xd8Y\xb2\xe1\x17UUU\xf2\xc3\
\x1f\xfe\xd0v\x936\x9e\xac\xac,\xb9\xfb\xee\xbb}\x11\
\x0e\xa8\xce\x86x\xe2\x89'|\x15b\x8d\x88\xc7\xe3\xb2\
~\xfdzGKd233}\xb5_V\xba\xab\xea\
\x8dnB\xdf|\xf3M[\x8f\x1d\x94\x19YV\x96\x15\
\x1e9r\xe4\xdd\xff\xb7\xbby:\xfb\xea\xe8\x19\xb7o\
\xb8\xe1\x06\xa5co\xd9\xb2e\x81\x9c\x19\xe7\xf5\xef\xb4\
\x91\xbd\x0dU\xea\xd7\x8f!\xd6\xe8\xdf/k\xd7\xaeu\
\xf4\xdc\xd6\xad[\xc7\xe6\xef\x00\xa0\x80 \x0b\x00\x92\xb0\
3\xb3\xc9O3ct-}\x10\xf9\xcb,\x04\xaf\xaf\
d\xb8f\xcd\x1a\xa5\xe6q\xdb\xb6m\x8e\xffbn\xda\
\xd6\xad[\xe5\xfe\xfb\xefW\xbe\xff\x94)S|\xb3<\
%\xddg4\xfax\xb2\xbb\xe1\xfb\xa4I\x93\xd2n\xa0\
\xee\x07\xe9\x96\xbe\xb6\xb7\xb7_1\x1b\xcdn\x03\x9c.\
,\x84\xb5q;33S\x8a\x8a\x8a\x94\x96\x18\xfa!\
\xdcw\xe3w\x9aNyyyJK\xd5\xfd\x1cb\x8d\
8|\xf8\xb0\xacX\xb1B\xf9\xca\xb4A\xaf)\x00\xf0\
\x0aA\x16\x00\x84P<\x1e\x97\x8d\x1b7\xca\xc6\x8d\x1b\
\x1d7\x01K\x97.\xf5l\x16\xc2\xec\xd9\xb3\x95f\xe3\
<\xf1\xc4\x13\xb2m\xdb\xb6@|V\x85\x85\x85\xb2y\
\xf3f\xe5\xfb\xcf\x9d;\xd7\x17\xb3D\xd2\x85,\xa3g\
\x83477\xdb\x0e\x11\xfc\xbe\xbcp\xf2\xe4\xc9i\xc3\
\xb6\xb1\xcb\x0a\xbb\xba\xba\x025\xae\xd8}\xbe~}}\
#3`T\xc6\x88\xe9\xd3\xa7{\x1e\xee\x8f\xe6\xf7\xe5\
\x9eS\xa7N\x95\xb9s\xe7\xda\xbe_\x10B\xac\x11%\
%%\xb2j\xd5*\xe5\xfb\xcf\x981\x83%\x86\x00`\
\x13A\x16\x00\x84\xd8\xde\xbd{e\xf1\xe2\xc5\xca\x7f-\
\x1ei\xfa\x16-Z\xe4\xfas\x9f4i\x92\xd2\xc6\xc0\
UUU\x81\x09\xb1F\x14\x14\x14(_}2##\
\xc3\x93\xcf'Y8\x90\xcc\xd8\xd9 vge\xf9=\
\xc8\xb2\xb2\x7f\xd2\x8b/\xbex\xc5\xbf\xed\x1e\x97^/\
A\xb2\xfb|\x9d\x8c;n\xd4\xaa\xca\xac,\x11o\xc3\
\xfd \xc9\xc8\xc8\x90\x95+W\xda\xbe_{{\xbb\xac\
_\xbf>PW\xf5,))q\xf4{Gu\x13|\
\x00\x88*\x82,\x00H\xc2\xee\xfe5~UUU\xe5\
x\x9f\xa8\x993g\xba\xbe\xb4k\xd1\xa2E\xb6\xf7T\
\x19\xd9{*H\x0d\xd0\x88\xf5\xeb\xd7KKK\x8b\xf2\
\xe7\xe3\xe5U&\xad,\xad\x1d\xbb?\x8f\xdd}\xb2\xb2\
\xb3\xb3%;;\xdb\xb7\x9f_\xbae\x85\xb1XL*\
++\xaf\xf8\x9a\xdd\x19KV6\xd4g\xdcn\xb3\xf5\
>\xaa\x84\x0f\x99\x99\x99\xf2\xb3\x9f\xfd\x8c\xdfii\xcc\
\x9e=[\xe9\x98}\xe0\x81\x07\x02u5\xc6\xd1\xb5d\
7\xa0\x1f\x91\x93\x93\xe3\xab\x99~\x00\xe0w\x04Y\x00\
\x90\x84\x9d0\xc4\xef\x9b0\x17\x15\x15IAA\x81\xa3\
\xc7ps\x1f\x8f\x9c\x9c\x9c\xb4\xc1\xc0x\xb6n\xdd\xea\
\xf9\xe5\xd9U\x8d\x5c\xcdP5\x84\xf3r\xaf,+3\
\x85\xc66\xa6\x95\x95\x95\xb6g\xec\xf8\xf5\xaaq\xb9\xb9\
\xb9i\x1b\xf6\xa2\xa2\xa2\xab>\xdb\xa0\xcd\xc8\x0a\xcb\xb8\
=z6UQQ\x91\xd2l\xc8)S\xa6\xc8\xec\xd9\
\xb3C\xfb;\xcd\xa9I\x93&)-)<x\xf0\xa0\
\xf2\xecT?X\xbbv\xad\xf2\x1f$\xf2\xf3\xf3\xb9\xa0\
\x03\x00XD\x90\x05\x00\x9aN\xda\xfdn\xeb\xd6\xadR\
ZZ\xaa|\xff\x9c\x9c\x1c\xd7\x96w\xa9\x84f\xa5\xa5\
\xa5\x8e\xc3:\xaf566\xca\xc6\x8d\x1b\x95\xee;}\
\xfat\xcffeY\xd9\x84|\xec\xec\xa3x<~\xc5\
\xc6\xe7V\xf8\xf5\xea\x85V\x02\xb6\xc3\x87\x0f;\x0e\x16\
\x98\x91\xa5\xc7\xc4\x89\x13\xaf\xf8\xf7\xe6\xcd\x9b\x95B\x9e\
\xa5K\x97\xfaz\x96\xa0\x97T\xf6\xeekii\x91\x87\
\x1ez(\xd0\xaf;\x16\x8b\xc9}\xf7\xdd\xa7TO\x93\
&M\xf2\xfd\x12j\x00\xf0\x0b\x82,\x00\x88\x88x<\
.\xf7\xddw\x9f\xa3%\x1bs\xe6\xcc1\xfe<\xa7O\
\x9fn{\x19c,\x16s\xbc|\xd2/\x0a\x0b\x0b\xe5\
\xe0\xc1\x83J\xf7\xbd\xe5\x96[<y\xceV\x82\xac\xf1\
f\x1f\x1d9r\xc4\xd6\xcf\xc9\xcd\xcd\xf5\xd5\x15BG\
|\xe5+_I\xfb\xda\xc7\x0b\xed\xec\x1e\x8b\xec\xcb\xa4\
\xc7\xd8\xf7\xb1\xb9\xb9Y)\x04\xcf\xc8\xc8\x905k\xd6\
\xf0\x86\x8e\xf3\xfe\xaa\xccV[\xbf~\xbdo\xf7U\xb3\
\xc3\xc9>\x8d*\xb3\xd8\x00 \x8a\x08\xb2\x00 B\xda\
\xdb\xdbe\xed\xda\xb5\xca\xf7\x9f2e\x8a\xf1Y?*\
K\x0a\xb7m\xdb\xe6\xfb\xabw\xd9\xf1\xc4\x13O(\xdd\
o\xd6\xacY\x9e\x84\x1dYYYio3^\x83z\
\xf4\xe8Q\xdb?\xcbo3\x16\xa6M\x9b\x96\xf6=?\
t\xe8\xd0\xb834\xec\xeeY\xe4\xf5\xb2#\xbbK\xa6\
\xfcz\xd5\xc2\xb13\xb2F\xc6\x10\x95\x90?77\xd7\
\xd3e\xbd~\xdc\xcbq\xce\x9c9\xb6k\xf5\xe0\xc1\x83\
\xb6gh\xfaYAA\x81R=\xe5\xe4\xe4\xb8\xbe\x1f\
%\x00\x04\x11A\x16\x00DLII\x89\xa3%x&\
g\xfd\xa8,\xad\x88\xc5b\xb2w\xef\xdeP}F\x8d\
\x8d\x8dJ\xfb\xc4ddd\xa4\x9d\x1dd\xeas\xb3\xf2\
9\x8d\xd5\xde\xden{\xb9\xab\xdf\xf6\xc9\xb2\x12\xbc\x8e\
\xbdZ\xe1\x08\xbb\xcb\x8f\x826#\xcb\xefW-\x1c\xfb\
Y<\xf0\xc0\x03J\x8f7w\xee\x5c\xcf\xc2\x07\xbf]\
\xd8\x22##Ci\xd3\xf2\xa0/\x0b\x1f\xefsQ}\
Mn\xcc|\x06\x80\xa0#\xc8\x02\x00M'\xefA\xf2\
\xc4\x13O(7@_\xf9\xcaW\x8c\xbd^\x95\x13\xf8\
\xc2\xc2\xc2@^\xa50\x1d\xd5\xa5)^\x04=V\xf6\
nJ6s\xc4\xeeU\xbe\xfc\xb4\xbc0333m\
\xf0\xda\xde\xde\x9et\xa6\x89\xddY\x84\xe3\xcd$\xc2\x95\
\xac\xcc\x1aK\xb6i\xbe\xea\xc6\xef#K\x0c\xfd\xfc{\
@u\x03r\xbb\xac\xccP\x1co\x0c\xa8\xaf\xaf\x0f]\
-\xaa\xfen\x9a>}:\x9b\xbe\x03@\x1a\x04Y\x00\
\xa0\x81\x95=\x82\xfc\xa4\xbd\xbd]y\x16Sff\xa6\
L\x9d:U\xfbsR\xfdK\xbe\xea2<\xbf\xab\xaf\
\xaf\x97\xaa\xaa*\xdb\xf7\xf3\x22\xe8\xb1R\xff\xc9\x1a\xba\
\xf16AO\xc7/\xb3\xb2f\xcd\x9a\x95\xb6\xe1<t\
\xe8P\xd2\xef\xd9]z\xe7\xc7\xfd\xc1\x82*Y\x98\xf5\
\xc0\x03\x0f(\x85\x0f\xd9\xd9\xd9\xb2t\xe9\xd2\xc8\xbf\xaf\
*\x7f\x8c\xd8\xb7o_(\xdf\x0b\xd5\xdf\xb3\x19\x19\x19\
\xbe\xbd\xb0\x05\x00\xf8\x05A\x16\x00$\x11\xa6=\x97\xc6\
\xe3dV\x96\x89 a\xea\xd4\xa9\xb6\xff\x92_TT\
\xe4h\xf3\xfa |F~\xf9|R\xb1\x12\xb0$;\
\x9e\x9a\x9b\x9b\xa5\xb1\xb1\xd1\xd6\xcfS\xd9G\xcd\x04+\
\xcf#UPgw\xe9\x1d\xb34\xf4I6\x8b\xb0\xbd\
\xbd]y6\xe4\xec\xd9\xb3#\x1d@L\x9a4I\xa6\
L\x99b\xeb>\xaa\xcb\xa8\xc3>\x86s\xf5B\x00H\
\x8d \x0b\x00\x22\xca\xc9\xac,\x13K\x1f\xbe\xf4\xa5/\
\xd9\xbe\xcf\xce\x9d;C\xfd\x19\x15\x15\x15)-\xb9q\
\xbb\x09\xb2\x12@\xf6\xf7\xf7'\xfd\x9e\xddYY\xd9\xd9\
\xd9\x92\x9d\x9d\xed\xe9g\x93\x93\x93\x93\xf6\xc2\x07--\
-ig\xd5\xd9\x09\xb3\x826\xf3\xd3\xcfR\x8d_\x05\
\x05\x05\xcaK\xdd\xd6\xacY\x13\xd9\xabK\xde|\xf3\xcd\
\xb6\xef\x13\xd6\xd9X\xa3\x7f\xcf\xaa\x04u,/\x04\x80\
\xd4\x08\xb2\x00 \xc2Tgeeffj\x0f\x12\xec\
6A\xf5\xf5\xf5\xa1\xba\xcaU2\x07\x0f\x1e\xb4}\x9f\
\xdc\xdc\xdc\xa4K\xa7t\x9b4i\x92\xa5\x86+\xd5\xcc\
9\x95\xe5\x85^\xcf\xca\xb2\xf2\xf3S-+\x1ca'\
\xc8r\xeb3\x8d\x82T\xa1\xa0\x93\x8d\xdf'M\x9a$\
k\xd6\xac\x89\xe4{j\xf7\x8f\x11\xf1x<t\x17\xea\
\x18\x8f\xca\x1f\x5c233\x8d_!\x18\x00\x82\x8c \
\x0b\x00\x22\xcc\xc9\xac,\x9d\xfbd\xe5\xe6\xe6\xda\x9e\xc5\
\xa0\x12\xf0\x04\x91jX\xf7\xe9O\x7f\xda\xf3@`D\
\xba\xb0\xa6\xb1\xb1\xd1\xf6\xf2B/\xae\xce8\xc2\xea\xd5\
!\xad\x04tv\xf6\xc9\xf2:\xc8J5\xab\xce/t\
=\xc7\xaa\xaa*\xe5ea\xd3\xa6M\x93\xd9\xb3g\x87\
\xf2}IU\x9bv\x7f'\x14\x15\x15\x85\xf2B\x1dc\
UVV*\xbd\xce\x9bn\xba\x89\x93\x14\x00H\x82 \
\x0b\x00\x22N5\x10\xd2y\xb9y\x95\xa5pa\xbc\xca\
U\xb2\xd7\xa9\xd2\x04\xb9\xf5\xd7|\x1dA\x96\x88\xfdY\
YYYYZk\xd0n\xbd\xa6\x0b^\x1b\x1b\x1b-\
\xd5\xa8\xdd}\xb2\xbc\x5c\xb6fw?:\xb7\xae\x94\xa7\
\xf2\x1c\xad\xcc\x22\xdc\xb6m\x9b\xf2kX\xbat\xa9+\
\xcb_\xad>?\xd3{\x09N\x9d:\xd5\xf6R8\x95\
\x8bY\x04Q<\x1e\xb7\x1d\xd4\xeb\xfe\x1d\x0b\x00aC\
\x90\x05\x00\x11W__\xaf\xd4\xac\xe9\xfck\xb1\xdd\xc7\
\x8a\xc7\xe3RYY\x19\x99\xcfH\xa5\xe1\xb3\xbb\xe9\xb2\
*+AV[[[\xda\xdb\x04iy\xa1\x95\xd96\
V_\x8f\x95\xf7f\xb4\x89\x13'2h\xb9T\xb7\xf1\
x\x5c\xd6\xaf_\xaf\xf4\xf8\x19\x19\x19\xb2n\xdd\xba\xc8\
\xecs\xa42\xdeDai\xb8\x93\xd7\xca\x8c,\x00H\
\x8e \x0b\x00\xa0t\x92\x9d\x95\x95\xa5m\xa9\x93\xdd\xd9\
CUUU\x91X\x92\xe2\xe4\xf3qkiaVV\
\x96\xa5@ \x9d\xc6\xc6F\xdb\x81\xdd\xcd7\xdf\xecz\
P\x90\x93\x93c\xa9i\xb7\x1ad\xd9\xadc+W\x88\
\x84\xdecOu\xf9uNN\x8e\xe4\xe5\xe5E\xe2}\
\xb2;\xde\xc4b\xb1\xc8\xcc\xaa\x15\x11)--\xf5\xf4\
w,\x00\x84\x0dA\x16\x00@\x8a\x8b\x8b\x95\xee\xa7\xa3\
\xa9\xce\xce\xce\xb6}\xb2^WW\x17\xa9\xcfG\xb5\x09\
r#\xe4\xb1\xb2\xd4\xad\xb9\xb9\xd9\xd2c\xd9\xbd\xba\xd7\
\xa4I\x93\xb4\xee\xd5f\x85\x95Y`UUU\x96\x97\
\x12Y}oFp%3\xf7m\xdd\xbaUyi\xde\
\xdc\xb9s]\xafQ/\xd8]\x06\x17\xa5\x10KD}\
\xf6\x99\xd7Wg\x05\x00\xbf\x22\xc8\x02\xf0\xff\xdb\xbb\xfb\
\x10+\xcf3\x7f\xe0W\x96\xee\x84I\xa7\x0b\x1dCp\
\x88\xd6t\xb3\x13Ct-\x19d;\xedo3S\x88\
R\x18+\xc4\x86\x8d\xadE\xdc\x22\xc1\xb5I1\xd6V\
\x13b-I\x14\x13\x8by\xa1v]7;\xa4\xae4\
Y\x0bb\xc1\x8c \x9a\xb2\xa3\xcbv\xba\x84q\xd7h\
\x1a3[\xe2\xc4\x093H\xc6@{\xd2\xd9\x1e\xd8\xee\
\xef\x8f0\xc1\xc4s\xc6\xf3<\xe7\xf5\x99\xf9| \x04\
\x9f3\xe7\xe5y9g\xe6\xfe\x9e\xfb\xban\xa8k\x90\
\x95\xa6|\x22M\xb0\x93ei\x83\xbbZ\xcc\xde)\xe5\
9Jmh\xde\xd7\xd7\x97\xf8\xf9kY^\xd8\xd4\xd4\
\x14\xcb\x96-\xbb\xe6\xcf%\xe9;\x97\xb4GV)%\
q\x5c[\x92^c\xb9\x5c.u\x89aD\xc4\xd6\xad\
[\xa7\xf5\xcc\x9a\xf6\xf6\xf6\xc4\x01\xebL*+\x9c\xbc\
\x86\xd2\x94\xf0\x9b\x81\x09P\x98 \x0b\x80\xc8\xe5r\xa9\
\xfa0U\xe2\x8f\xec\xbf\xf8\x8b\xbfH|\x9f\x998\x08\
J3\x83\xa1\x16\x83\xa0J5{\x8f\xf8\xa0!u\xd2\
\x90\xb2\xab\xab\xabf\xb3\x94\x96.]z\xcd@\x22\x9f\
\xcf\xc7\xf1\xe3\xc7\x13\x9d\xdb$\xea\xd9\xec}:Iz\
\xcd\x0c\x0c\x0c\xa4^\x18c\xf6\xec\xd9\xf1\xd0C\x0fM\
\xdbc\x99\xa6\x8cy\xa6}\x19\x91\xf6\xf7\x96 \x0b\xa0\
0A\x16\x00\x1f\x0e\xd4\xd2\x0c\xd0\xca\x95\xb4tbl\
l,\xf1\xe0\x7f:h\xd4 \xab\x94\xe7H2\x13!\
i\xd3\xf7\xa6\xa6\xa6X\xbatiM\xce\xc1=\xf7\xdc\
S\xd2\xfb(\xc9\xf5\x99\xb4\xd9\xbb\x9e9\xf5\xf3\xec\xb3\
\xcf\xa6.1\xec\xe9\xe9\x89%K\x96L\xcb\xe3\xf2\x99\
\xcf|&\xf1}fZyxD\xf22\xe2J\xfd\x8e\
\x05\x98\x8e\x04Y\x00DD\xa4*{\xf8\xd4\xa7>U\
\xf6\xf3&\x0d[\xd2\x0c\x06\xa6\x83?\xfc\xe1\x0f\x0d7\
\x08jii))X)\xb5\xb40\x22\xe2\xf8\xf1\xe3\
\x89\x1b\xa0\xdf}\xf7\xddU?\xfe\xed\xed\xed%\xf5\x01\
J:k'\xc9\xb1\x89PZXO\xe5\x96\x18n\xde\
\xbcyZ\xce\xa8K\xfa\x19\x9e\xcf\xe7g\xe4\x97\x11J\
\x0b\x01*G\x90\x05@D$\x9f\x19R\xafAP\xd2\
\x81\xfft\x91f&H\xb5C\x8fR\x1f?\xc9\xa05\
\x97\xcb%\x9e\x1d\xd8\xd9\xd9Y\xf5\x80\xa0\x94\xd9X\x97\
/_N\xfc\xda\x93\x9eW\xa5\x85\xf5UN\x89aK\
KK<\xf1\xc4\x13\xd3\xee\x98$\xfd\x0cO;\xab-\
\xeb\xd2|\x19q\xfd\xf5\xd7{\xd3\x01\x14 \xc8\x02 \
\x22\xd2\x05D\xe5\xf6&jmmM\xfc\x183\xf1\x9b\
\xfcF\xdd\xefR\x07\xb0Ig\xd1%-/\x8c\x88\xaa\
\x96\x17\x96\xda\xe4=\xcdl\xb2\xa4\xef;\x03\xdb\xfa+\
\xa7\xc4\xf0\xce;\xef\x8c\x15+VL\xab\xe3\xe1\xcb\x88\
\xd2\xa4\xb9f\x94\x12\x03\x14&\xc8\x02 \xf5\x1f\xd9\xe5\
\xce\xf8IS61S\x07AY\x0e\xb2\x92\x9e\xb3\x93\
'O&\x0e\x84\xaa\xb9z\xe1\xb2e\xcbJ\x0a\x5c\xd3\
\xcc\xd4Iz^\x95\x1a5\xc6{\xb1\x9c\x12\xc3\x0d\x1b\
6L\x9b\xf3\xd8\xd4\xd4\x94x\x96\xe0L\xfd2\x22\xcd\
\xef\xaeJ\x94\xef\x03LG\x82,\x00\x22\xa2>\xa5\x85\
i\x06s3u\x10\x94\xe6\xfcT\xbb\x0c\xad\xd4\xc7O\
z\xce\xf2\xf9|\xe2YY\xed\xed\xed\x89\x17\x0e(U\
)e\x85CCC\xa9\x1a\xf2'=>fh4\x86\
rJ\x0c\x9b\x9a\x9ab\xeb\xd6\xad\xd3\xe28\xa4\xf92\
\xc3\x97\x11\x00\x94K\x90\x05P\xc3\x01}#K:\x03\
&\x22]\xcf\x8f+\xa5)\x93\x9a\xa9\xfdU\xd2\x9c\x9f\
j\x97\xa1Uz\xc5\xc2+\xa5\x09\x09\xaa1+\xab\xbd\
\xbd=\xda\xdb\xdb\xab\xf2z\xd3\x0cp\x05Y\x95Qn\
YtD\xc4\xae]\xbbR_\xdf\xd3\xb1\xc4\xb0\x1a\xd7\
\xfbtR\xaf>\x94\x00\xd3\x91 \x0b\xa0\x02\xa6K\xdf\
\x9a\xa4\x83\xb2z\x84Ji\x02\x9d\xe9\xa0\x11Wk,\
%\xc8J;x\x1b\x1c\x1cL|}\x95\xd2\xc7*\xa9\
\x95+W\x96tM\x1e?~\xbcf\x03\x5c\xe5\x85\xe5\
\xab\xc4B\x08\xf9|~\xc6\x97\x18\xa6y\xfd35\xd0\
\x99\xa9\xbf\xbb\x00\xaaA\x90\x05@\xa6\xf8V;[\x83\
\xd8r\xca\x88\xfa\xfa\xfa\x12\xfd|kkkttt\
Tl\xffZZZb\xc9\x92%\xd7\xfc\xb9\x81\x81\x81\
\xb2B\xdd\xa4\x03\x5c\xb3\xb2\x1a\xc7\xe0\xe0`\x1c8p\
 \xd5}\xa7S\x89a5\xaf\xf7\xe9$\xed\x0c>\x00\
>J\x90\x05@\xdd\xcc\x9e=\xdb \xa8\x8a\xaa=\x8b\
\xab\x94\xf3WN\xc0S\xef\xf2\xc2j6y/\xe7<\
i\x00\xddXz{{S\xf7G\x9b\xc9%\x863Q\
%JZ\x01\x10d\x01p\x85\xa4\xbd\xbe\xb2\xd2 \xde\
\x00\xa8~\xe7\xa1\x9ckdxx8q@\xd0\xd5\xd5\
U\xb1cUJ(v\xf9\xf2\xe5\x18\x18\x18(\xeby\
\x92\xf6\x9a\x9b\x0e=\xf9\xa6\x93\xc9\x12\xc3\xb4!\xfbt\
Z\xc5\x10\xef]\x80Z\x10d\x01\x10\x11\x1f\x04%I\
\x03\x80z\x94I\xcc\xd4o\xb4+\xd1\xd3\xa7\x92J]\
!\xb0\xdc\xc6\xceIg;\xb5\xb4\xb4T\xa4\xbc\xb0\xd4\
&\xef\xc7\x8f\x1f/{\x96`\xd2Ykfd5^\
P044\x14\xbd\xbd\xbd\xa9?\xd3\xaa]b\xd8H\
\x01\xcaL\x0d\xed\xd2\x94\x047boD\x80F \xc8\
\x02 \x22\xd2\x05%\xe5\xfe\x91\x9d&\x00\x98\xa9\xdfh\
\xa7\x19\x04\x95\xbb\xaad%\x06\xa3\xe5.\x08\x90&(\
*\xa5\xaf\xd5\xb5\xdcs\xcf=%\xfd\xdc\xcf\x7f\xfe\xf3\
\xb2\x9f+\xe9\xfe\xd5\xeb=\x90\xf4\x1a\xacG/\xafz\
.\xbcq\xe0\xc0\x818w\xee\x5c\xaa\xfbV\xbb\xc4\xb0\
\x91\x16$\x99\xa9_F\x08\xa0\x01*G\x90\x05@\xea\
Ag\xb9AV\x9a\x90c\xa66\xbaN3\x08\xaa\xe6\
\x8c\xb9R\xfb\x9bU\xe2\x1aIZ\xba\xb7d\xc9\x92\xb2\
\x06\xcbMMM\xb1t\xe9\xd2k\xfe\xdc\xe9\xd3\xa7c\
xx\xb8\xecc\x99\xf4}P\xaf +\xe958\x13\
\xdf\xab\xdb\xb6mK=\x0bq\xc3\x86\x0d\x89\xcfm9\
\x8b)\xd4K\xa3\xcd.m\xe4\xdf\xb1\x167\x01(L\
\x90\x05@\xaaAjD}\xca\x1ef\xea\xb7\xda\x8dV\
\x96R\xea\x8c\xacJ\x0c\xb4\x93\x96\x17655EW\
WW\xea\xe7[\xbatiI\xc7\xbb\xdc&\xefi\x8f\
\x91\x99\x1d\x8dktt4\x9e{\xee\xb9T\xf7MS\
bXn\xe9n\xad\xaf\xdd\xb4\x9fe~\xc7\x02p%\
A\x16\x00\x11\x91|\x96\xc7\xf0\xf0p]V\x10TZ\
\xd8\x18\x83\xa0R\x83\xacJ\x0c\xb4\x07\x06\x06\x12\xcfZ\
*'\xc8*\xa5\xc9{.\x97\x8b\xe3\xc7\x8fW\xe4X\
&=F3uFKV\xf4\xf5\xf5\xc5\x89\x13'R\
\xdd\xb7\xb3\xb33\x96-[\x96\x99}M\xf3\xfe\x9e\xa9\
Al\x9a\xdf]\xf5\xe8C\x09\x90\x05\x82,\x00\x22\xa2\
\xf4\xe6\xdd\x93\xd2.7\x7f\xa54e\x13\x8d\xd4\xeb\xa5\
\xd1\x07A\x8d\x10dU\xe25\xe4\xf3\xf9\xc4\xa1Q\xda\
\xd5\x0b\xdb\xda\xda\xe2\xce;\xef\xbc\xe6\xcf\xf5\xf5\xf5U\
,\xc8M:\xab\xc5\xcag\x8do\xd7\xae]\xa9\xfb\xc3\
\xad_\xbf>3\xe78M\x1f\xbe\x99z\xfd\xa6\xf9\xdd\
eF\x16@a\x82,\x00\x22\x22\x12\xaf\xf4\x96\xb6\xa9\
q\xb9\x7f\xa4\xcf\xd4\x15\xaf\x92\xce\xc2\xc9\xe7\xf3e7\
Z/\xa6\xa9\xa9\xa9\xa4\xc1h%\xcb\x9e\x92\xcepI\
[^X\xcal\xac\x88\xca\x95\x15\xa69NJ\x0b\x1b\
_.\x97\x8bm\xdb\xb6\xa5\xbaokkk<\xf4\xd0\
CU\xfb\x0c\xad\xa4\xcb\x97/'\x0etgj\xb3\xf7\
R\xfb\x0a6\xd2\xf9\x05hT\x82,\x00\xa2\xa9\xa9)\
\x16,X\x90\xe8>g\xcf\x9e-\xfby\xd3\xfc\x91\xde\
\xda\xda:#\x07BI\x83\xc6J4!/\xa6\x96e\
\x85\x93\xce\x9d;\x97x\x9f\xd2\x04Y\xa5\x94u\x0d\x0d\
\x0dUdFb\xda\xf7\x81\x19Y\x95\xf9\xcc\xab\xb6\xc1\
\xc1\xc18x\xf0`\xaa\xfb.Y\xb2$:;;3\
q,\xd3|\x8e\xb7\xb7\xb7\xfb\x0c\xbf\x86|>/\xc8\
\x02(B\x90\x05P\x01Y\x1fX.\x5c\xb80\xd1\xc0\
.\x9f\xcfWd \x9ff\xd6PSSS,\x5c\xb8\
pF]_mmm\x89{dU2h)\xf4z\
\xaa5\xc0\x9dJ\xd2YPI\xcb\x0b;::J\x9a\
5\xf1\xf3\x9f\xff\xbc\xe2\xc74\xe9\xac\x96\x99:3\xb1\
Rj\xd5gl\xef\xde\xbd\xa9C\xe5\xcd\x9b7g\x22\
\xb4O\xf3>O\x1a\xeaL\x07I\xc3\xbbz\xf5\xa1\x04\
\xc8\x02A\x16@\x05d\xbdoS)=\x81\xae48\
8X\xb1?\xb0\xd3\x0c\x82\x92\xbe\xde\xacK3\xe8\xab\
f\x90Uj\x08P\x89\x15\x0b\xaf\xd4\xd7\xd7\x97\xe8\xe7\
\x93\x96\x17\x96RV\x98\xcf\xe7\x13\xbf\x8eR$\x0dt\
g\xea\xcaoY\x93\xcf\xe7c\xdb\xb6m\xa9>/g\
\xcf\x9e\x1dk\xd7\xae\xad\xe9{\xccgxu\xb4\xb7\xb7\
'~\xcf\x0e\x0e\x0ez\x01\xe8\xfav\x00\x00 \x00I\
DAT\x03\x01\x14!\xc8\x02 qPr\xea\xd4\xa9\
\xba\x0e\x82fZYJ\x9aA_%J?\xa7\x1a`\
\x97\xa2\x92\xa5\x85\x11\x1f\x84=\x03\x03\x03\x89\xeeSj\
\x90\xd5\xd4\xd4\x14K\x96,\xb9\xe6\xcf\x9d8q\xa2*\
\xb3$\x92\x06\x12\xfad\x15\xd6\x88\xb3c\x87\x86\x86\xa2\
\xb7\xb77\xd5}W\xaf^=\xe5\xe7]\xa9\xef\xb1j\
\x06\x9fo\xbf\xfdv\xe2\xfb\xdcv\xdbm~\xc7^\xc3\
\x7f\xff\xf7\x7f{C\x03\x14!\xc8\x02\x98\xe1\xd2\xf4\xc7\
\xea\xef\xef\xaf\xd8\xf3\xa7i\x1a?\xd3\xcaR\xd2\x04w\
\x8dPZ\x98fU\xcaky\xe5\x95W\x12\xfd|\xa9\
\xe5\x85\xa5\xfe\xdc\xe1\xc3\x87\xabrL\x93\x86~J\x0b\
\x8b\x7f\x9e5\xa2\x03\x07\x0e\xc4\xe9\xd3\xa7S\xddw\xf3\
\xe6\xcde?\x7f5\x83\xac4\x9f5\xb3g\xcf\x9eQ\
\xd7p\xd2\xdf\xb1\x11\x11o\xbe\xf9\xa674@\x11\x82\
,\x80:\xfc\xe1\xdfH:;;\x13\x0d\xfe\xce\x9d;\
W\xd1\xd5\xf0\xd2\xcc\x1cjii\x991\xb3\xb2\xd2\xec\
\xeb\xd0\xd0PU{\xab\xd4\xa3\xd9\xfb\xa4\xe3\xc7\x8f'\
\xda\xb7\xa6\xa6\xa6\x92\x82\xcfRfc\x0d\x0d\x0dUd\
\xb5\xceB\x92\x86~\x1a\xbeg\xcf\xf7\xbf\xff\xfdT\xef\
\x89\x05\x0b\x16L\xb9\x08\xc1\xd8\xd8X]\xf7+m\xe0\
2\x93\xbe\x90H\xda\xd71\x97\xcbU\xf5\xcb\x08\x80\xac\
\x13d\x01\x141SJw\xee\xb9\xe7\x9eD?\x7f\xe2\
\xc4\x89\x8a>\x7f\xda?\xd6g\xca (\xcd~\x9e<\
y\xb2\xaa\xaf\xa9\xd4 \xab\x92\x81\xe7\xa4|>\x9f\xf8\
\x1a\xbcVH\xd5\xd2\xd2R\xd2\x0aqI\x9b\xcd'\xdd\
\xaf$\xf4\xc8\xca\x9e\xcb\x97/\xc7\xf6\xed\xdbS\xddw\
\xfd\xfa\xf5\x0d;\xdb,m\xe82S\xfad\xb5\xb5\xb5\
\x95\x5c\x8e]\xab\xcfp\x80\xac\x13d\x01\xcc`\xed\xed\
\xed\x89\x96x\xafF\xa3\xeb\xb4+ \xce\x94AP)\
\x0d\xc8k=\x08*uPV\xadF\xd4I\x03\xa5k\
]\xe3\xdd\xdd\xdd\xd7\x0c\x09\xaa\xd5\xe4=\xed\xb1\xaa\xd5\
\xaa{WJ:\x0b\xcc\xac\xb1\xc2\xef\xcd4\x81hk\
kk\xac_\xbf\xbe\xe0m\x7f\xf8\xc3\x1f\xea\xbe_i\
>\xc3g\xca\x97\x11\xa5\xcc\xf6\xac\xf5g8@\xd6\x09\
\xb2\x00f\xb0\x95+W&\xfa\xf9\xbe\xbe\xbe\xaa\x94\x8b\
%m\xe0\x1d\xf1A81\xdd\x07\xca\xad\xad\xad\x89\x82\
\xc6\x88\x0f\xca\x8c\x1a\xa1?VDuJ\x0b#>X\
\xcd+I9Ukk\xeb\x94\x83\xe6\xbb\xef\xbe\xbb\xa4\
\x81e\xb5\xf6'\xcd\xb1\xaaG\x7f\xa1\xa43\x82\xb2\xbe\
\x9ak\xb5\xec\xda\xb5+\x86\x87\x87\x13\xdfo\xc5\x8a\x15\
\x05\xcb\x8c\xab1\xf31\xa94\xfd\xbff\xcf\x9e=\xed\
\xc3\xac\xa6\xa6\xa6\xc4\xbfg\xf3\xf9|\xaa\xdf\x89\x003\
\x89 \x0b\xa0\x0e\x03\xbcF\xd0\xda\xda\x9a\xf8\x9b\xe2\x9f\
\xff\xfc\xe7Uy-i\xbe}njj\x8a\xd5\xabW\
O\xeb\xebj\xe5\xca\x95\x89\xaf\xadJ6\xe2/$I\
\x80\x92fE\xcaR%\x9d\x1dUl\x06_KKK\
I\x83\xe9j]\xfbW\x0e^\x93PZ\x98]\xf9|\
>\xb6o\xdf\x9e\xf8\x9c755\xc5\xda\xb5k\x1br\
\x9f\xfa\xfb\xfbS\xf5\xe5\xbb\xef\xbe\xfb\xa6\xf5\xb9N\xf3\
\x85\xcb\xc0\xc0@U{\x1c\x02L\x07\x82,\x80\x0a\xc8\
\xe2\xcc\xa0\x15+V$\x0aIN\x9f>]\xb5\x99>\
i\x1b\xc8/]\xba4\x93!b\xa9\x83\xd6\xa9\x1a<\
\x17S\xcd>N\x11\xc9\x82\xacj\x96<%\xdd\xcf\xae\
\xae\xae\x82\xdbK)+\x1c\x1e\x1e\x8e\xc1\xc1\xc1\xaa\x1e\
\xd7\xa4\xd7\xffL\xe9\xe17]\x9d;w.z{{\
\x13\xdf\xaf\xab\xab\xeb\xaa\x15\xf0\xaa\xb1:hR\xb9\x5c\
.\xd5{\xa4\xab\xabkZ/\xdc\x91t6V->\
\xc3\x01\xa6\x03A\x16\xc0\x0c\xd4\xd4\xd4\x14+V\xacH\
t\x9f\x03\x07\x0eT\xf55\xa5\x99I\xd4\xda\xda\x9ax\
?\xb2b\xe9\xd2\xa5\x89\x03\xd2\xa1\xa1\xa1\xaa\xaft\x95\
\xa4iq5K\x9eFGG\x13\xad \xd8\xde\xde^\
\xf0x\x96RVX\xed\xd9X\x11\xc9C\xbf\xa4\xcd\xa3\
i<\x07\x0e\x1cHU\x92\xb7y\xf3\xe6\x8f\xfc\xbbQ\
f\xef\xbc\xf2\xca+\xa9\xee\x97&\xec\xc9\x82\xf6\xf6\xf6\
\xc4\xbd\x1c/_\xbe\xac\xac\x10\xa0\x04\x82,\x80\x19h\
\xc3\x86\x0d\x89B\x92\x93'OV\xfd\x8f\xeb\xb4\x83\xa0\
\xd5\xabWO\xcbYYiJn\xaa\x1d6F\xd4w\
\xc5\xc2\x8fK:s\xe1\x0b_\xf8\xc2G\xfe]JY\
a>\x9f\x8f\xe3\xc7\x8fW}_\xd2\x1c/\xe5\x85\xd9\
\xb7}\xfb\xf6\xc4\xfd\xd1\xda\xdb\xdb?2\xc3\xb0\x11f\
dE\xa4//\x5c\xb2d\xc9\xb4\xecw\x98tE\xe0\
\x88\x88\xc3\x87\x0f++\x04(\x81 \x0b\xa0B\xb2\x12\
\xa6tvv&\x9e\xc5\x94\xa6\x04&\xa9\xc1\xc1\xc1T\
\xb3\x89\xd24Dot\x1d\x1d\x1d\x89\xcbm._\xbe\
\x5c\x93\x95\xaeJ\x0d\xb2\xaa\xb5ba9\x03\xe7\x8f\xcf\
\x8e\xe8\xec\xec\xbc\xe6\xfbv``\xa0!\x9ai\x17R\
\x8f\x95\x0b\x1b]\xa9\xe1^=\x9a\xe5\x172::\x1a\
\xcf=\xf7\x5c\xe2\xfb]\xd9+\xab\xd4\xf7@\xb5\x83\xcf\
\x5c.\x17'N\x9cH\xf5\xbbs\xba\xf5;lmm\
M\x5c\x1a\x9e\xcf\xe7\xe3\xf0\xe1\xc3\xde\xc4\x00%\x10d\
\x01Th\xa0\x93\x85AeKKKl\xdd\xba5\xd1\
}N\x9e<Y\xf5r\xb5IiK\xb8\xd6\xae];\
mfe555\xc5\xf7\xbe\xf7\xbd\xc4\xf7;p\xe0\
@M\xbe\xc9o\xa4\x19Y\x97/_N\xd4\x97\xe7\xe3\
\xb3\xafJ\x09@k\xd5\xaf&\xcd\xac\x1aA\xd6\xd5\xb2\
\xd8;\xac\xaf\xaf/\xf1uv\xe5\xac\xacRW\xf0\xac\
\xc5\xb19x\xf0`\xaa\xfb\xadX\xb1bZ\xcd\xca\xda\
\xbauk\xe2\xdfI\x8d\x1c\x9a\x034\x1aA\x16\xc0\x0c\
\xb2y\xf3\xe6D\x83\x85|>\x9fj\xb6@9\x03\xba\
4\x7f\xc8\xb7\xb7\xb7\xc7\xfa\xf5\xeb\xa7\xc59\xda\xb0a\
C\xcc\x9b7/\xd1}._\xbe\x5c\xb3o\xf2K\xed\
\xcdT\xcdF\xefWJR\x92:{\xf6\xec\x8f\xcct\
\xbbVYa\xadf\xb9M\xbe\xd7\x92\xaa\xf5\xc0?\xe9\
\xf3)},\xdd\xb3\xcf>[r 5\xa9\x11W0\
\x1c\x1a\x1aJ\xd4\xbbnRSSS<\xf1\xc4\x13\xd3\
\xe2\x5c\xaeX\xb1\x22\xf1,\xe1|>\x1f{\xf7\xee\xf5\
F\x00(\x91 \x0b`\x86X\xb2dI,Y\xb2$\
\xd1}z{{ctt\xb4f\xaf1\x9f\xcfG_\
__\xaa\xfb\xae\x5c\xb92\xf1\xfe5\x9a\x8e\x8e\x8eT\
\xcd\xebk5\x1b+I\xc0V\xab\x99\x05\xc7\x8f\x1fO\
\xb4\xef\x93\xe1\xd5\xbcy\xf3\xae\x19\xca\xa5\xbd\x16\xd3H\
\x13\xfc\xd5z\xf6\xd1\xf5\xd7_\xdf\xd0\xaf/\xa2\xf4\x12\
\xefF\x9b\xc1\x99\xcb\xe5b\xfb\xf6\xed\x89\xee\xd3\xde\xde\
\x1e\x0b\x16,\xa8\xe9gt\xa9\x9fGi\xdcy\xe7\x9d\
\x99\xffB\xa2\xad\xad-6l\xd8\x90\xf8~\x87\x0f\x1f\
\x8e\xe1\xe1a\x7f\xa8\x00\x94H\x90\x05P\xe3\x01T\xbd\
\xfe\xb8~\xe8\xa1\x87\x12\xddghh\xa8&\xcd\xc3\x0b\
\x0d\x82\xd2\x86 [\xb7nM<\x9b\xa9\x91\xae\x9f\xa4\
e\x9f\x93\xe7)m9O\x9a\xeb\xa8\xd1\xe4\xf3\xf9D\
\xb3\xa6>\xf3\x99\xcfD\xc4\xb5gcE\xd4f\xb5\xc2\
Ii\xae\xf9\xe9\xd8 \xbb\x5c\xa5\x96[6\xe2\xb1\x1b\
\x1c\x1cL\xfc\x99\xbbb\xc5\x8a\x92C\xd0Z\xbd\x7f\xcb\
)G_\xbdz\xf5G\x1a\xd9g\xcd\xe3\x8f?\x9e\xf8\
o\x81\xcb\x97/\xd7\xe5w-@\x96\x09\xb2\x00*\xf4\
G\x7f\xa3\xf6\xabioo\x8f\x1f\xff\xf8\xc7\x89\x07n\
Ig\x07TJ.\x97K\xfdG}SSS<\xf9\
\xe4\x93\x99\xec\x97\xb5y\xf3\xe6\x92\xcb\xf6\xaeT\x8bF\
\xfci\xde\x13\xb5\x9c%\x92\xa4\xc1\xf4\xc2\x85\x0b#\x22\
b\xc1\x82\x05S\xfe\xdc\xe9\xd3\xa7\x1bn\xa6\xcb\xc7\xd5\
:\x8c\x99\x8e\xab\x836\x9a\xde\xde\xdeD!\xd0\x92%\
K\xe2\x96[ni\xb8\xfd\xd8\xb5kW\xea\xfbn\xdd\
\xba\xb5!C\xf3kY\xbbv\xed5?W\x0a)\xe7\
\xcb\x1b\x80\x99J\x90\x050\x8dM\x86XI\x03\x92\xa4\
\x83\xa9J;x\xf0`\xea\xe7\x9f7o^l\xde\xbc\
9S\xe7i\xd9\xb2e\xd1\xd3\xd3\x93\xf8~G\x8f\x1e\
\xadY\x0f\xa7\x88H\x15\xb4\xd5\xc2\xc0\xc0@\xe4r\xb9\
\x92\xaf\x8f\xc9\xf7\xc6\xb5\x8em\xad%-\x0f\xadu\xe9\
^\xd2\xb0^\x8f\xact\xd7\xc0\xb6m\xdbJ\xbe\x16\x9a\
\x9a\x9a\xe2\xd1G\x1fm\xb8\xfd8w\xee\x5c\xea\xcf\xa6\
\x96\x96\x96T3\x9b\xea\xa9\xb3\xb33\xd5\xca\x8b\xa7O\
\x9f\xae\xd9\x8cZ\x80\xe9D\x90\x050Mutt\xc4\
\x8f\x7f\xfc\xe3\xc4\x83\xc9\x81\x81\x81\x9a\xce\xf2)\xa6\x9c\
\xc6\xb7===\xa9\xfa\x94\xd4\xc3\xb2e\xcbR\x0dD\
\xc7\xc6\xc6\xca\x9a\xf5\x90F\x92Y\x12\xb5\x9ca\x90\xcf\
\xe7\xe3\xf8\xf1\xe3%\x0f\xfc[ZZ\xa6,AM\xf2\
x\x95\x94\xf4\x985\xfa\xaa\x85\xf5\xe8\x91\x95\xe4\x1am\
\xd4\xa0mxx\xb8*\x9f\xc1\xb5\xde\xdf]\xbbv\xa5\
\xee\xdd\xb7`\xc1\x82\xcc\x84Y\x9d\x9d\x9d\xa9f\x02\xa7\
\xe9\x8b\x06\xc0\x07\x04Y\x00\x15\xd2H\x7fpwvv\
\xc6\xd3O?\x9dx\xe0266\x16\xdb\xb6mk\x88\
}\x18\x18\x18(\xeb\x9b\xea\x95+W6|\x99a\xda\
\x10+\x9f\xcf\xc7\xf7\xbf\xff\xfd\x9a4xO\x1b\x12\xd4\
\xfa\xb5%Y\xbd\xb0\xb3\xb3s\xca\xeb\xe2\xc4\x89\x135\
\x7f\xfdY\x08&\xa6\x9bz\x04m\xa5:p\xe0@\x9c\
>}:\xd3\xfb{\xf9\xf2\xe5\xf8\xe1\x0f\x7f\x98\xfa\xfe\
]]]\xf1\xfc\xf3\xcf7t/\xb8\xb4!VD\xc4\
s\xcf=\xd7\xf0\xe5\xcb\x00\x8dJ\x90\x05PD\xd22\
\xaaF\x99\x1d\xb1b\xc5\x8aT\x7fXO\x86#\xa5\x96\
h\xd5\xc2\xde\xbd{\xcbZ\xc9\xa9\xab\xab+\xd5\xac\xb4\
ZH\x1bbM\x0er\xd3,q_\xae$A\xd6\xf8\
\xf8xM_\xdb\xe0\xe0`\xc93\x9a\x1e\x7f\xfc\xf1)\
o\xafGYa\x1a\xb5\xfe\xcc\xc9b\xdf\xa2,\xdb\xbe\
}{C}\x1e\xa7\xd1\xd7\xd7\x97\xa8\x87\xdd\xc7\xb5\xb7\
\xb7\xc7?\xfd\xd3?]\xb3\x14\xb8\x1e\xca\x09\xb1N\x9c\
8Q\xd3UQ\x01\xa6\x1bA\x16\xc04\xd1\xd9\xd9\x19\
/\xbd\xf4R|\xef{\xdfK\xf5\x87\xf5\xf6\xed\xdb\xeb\
\x12\x8eL%\x9f\xcf\xc7\xc3\x0f?\x5c\xd6\xec\x98\x05\x0b\
\x16\xc4?\xff\xf3?7\xd4j\x86\xe5\x84X'N\x9c\
\xa8[\xe9g\x92\x99\x11\xf5\x98\xd1\xd4\xdf\xdf_\xf6c\
\x8c\x8d\x8d\xc5\xe0\xe0`]\x8e\xef\xef~\xf7\xbb\xaa\x9d\
\x8fz\xa8G\x80\xdc\xa8}\xdc\xd2\x18\x1d\x1d\x8d\xe7\x9e\
{\xaeb\x8fW\xaf\xd9\xa9\xbbv\xed\x8a\xb1\xb1\xb1\xb2\
\xce\xe9\x8f\x7f\xfc\xe3\xe8\xec\xecl\xa8\xdf\xb7iC\xac\
\xa1\xa1!%\x85\x00e\x12d\x01d\xdcdC\xf7\xa7\
\x9f~:uX\xb3c\xc7\x8e\xb2\xbe5\xaf\xa6\xe1\xe1\
\xe1\xb2\xff\xe8\x9f={v<\xff\xfc\xf3u\x1f\x085\
55\xc5\xfa\xf5\xebS\x87X\xa7O\x9f\xae\xdb\x00(\
\xe9l\x9cZ\xcf\xc8\x8aHV^XL=zcM\
J3\xfb\xa6\x91\xc3\xacF/}l\xf4 0\xe2\x83\
\x19M\x95Z\xd0\xa1^\xfb\x9b\xcb\xe5b\xcb\x96-e\
\x85\xdb---\xf1\xe4\x93O\xc6\xca\x95+\xeb~N\
\x96-[\x96:\xc4\x1a\x1b\x1b\x8b\x8d\x1b7f\xa2t\
\x19\xa0\x91\x09\xb2\x00*\xa4\xd6\xdfv\xb7\xb6\xb6\xc6\xd6\
\xad[c\xff\xfe\xfdq\xe7\x9dw\xa6~\x9c\xe7\x9e{\
\xae\xe1K\x1cN\x9c8Q\xf6\xcc\x84\x96\x96\x96x\xfa\
\xe9\xa7\xe3\xe9\xa7\x9f\xaeK\x89\xd4\xbcy\xf3\xe2\xf9\xe7\
\x9fO\xb5\xb2U\xc4\x07\x81^\xb9\x83\xc1r$=f\
\xf5x\x9dI\xca\x0b\x8b\xc9JY\xe1\xa4Z\x96\x17N\
\xb7\x9e\x5c\xd7_\x7f}&^\xe7\xae]\xbbj\xbax\
B5\x0c\x0d\x0d\x95=\xbb\xb6\xa9\xa9)6l\xd8\x10\
\xfb\xf7\xef\x8f\x05\x0b\x16\xd4|\x1fZ[[\xe3\xe9\xa7\
\x9f\x8eG\x1f}4\xd5\xef\xfb\x5c.\x17\x1b7n\xcc\
\xfc\xb9\x04h\x04\x82,\x80\x0a\x0c\xda'\xff\xc8\xad\xb6\
\xf6\xf6\xf6X\xb9re<\xfd\xf4\xd3\xf1\xf2\xcb/G\
OOOY\x8f\xd7\xdb\xdb\x9b\x99\xa5\xbf\x0f\x1e<X\
\x91\x92\xba\xc9\x12\xcc\xf5\xeb\xd7\xd7l`\xbez\xf5\xea\
\xd8\xbf\x7f\x7f\xea>/ccc\xf1\x9d\xef|\xa7\xae\
\xfdr\x92^\xdf\x7f\xf8\xc3\x1f\xea\xf2:\xcb)/\x1c\
\x1a\x1a*\xab'[=\xd4\xb2\x81\xb7\x19V\xf5q\xf9\
\xf2\xe5\x9a\xafPZ\x0d\x03\x03\x03\x15\x99Q\xda\xde\xde\
\x1e\xcf?\xff|<\xfe\xf8\xe35;\xe7\xcb\x96-\x8b\
\x7f\xf9\x97\x7fI=\xab7\x97\xcb\xc5\x03\x0f<\x90\xb9\
\xcf\x17\x80F\xf5\x09\x87\x00\xa02\xda\xda\xda\xa2\xa5\xa5\
\xa5\xa2aCKKKtvv~\xf8_\xa5\xfeh\
\xcf\xe7\xf3\xf1\xc3\x1f\xfe0s\xcdf{{{\xa3\xad\
\xad\xad\xec\x00\xaf\xa9\xa9)V\xaf^\x1d\xcb\x96-\x8b\
\xbd{\xf7V\xed8,X\xb0 \x1ez\xe8\xa1\xb2f\
\x0fL\xced\xa8\xf7\xeaVI\xc3\xddz\xcd:8u\
\xeaT\xacX\xb1\x22\xd5}\xeb]^;::\x9ax\
ve\xa37`\xaf\xf4g\xe2T\xb22\xc3*\x8d\x93\
'O\xc6\xd1\xa3G\xcb\xfa\xeck\x84\xa0\xef\xc4\x89\x13\
q\xfd\xf5\xd7\xa7.\xaf\xbe\xd2\x92%K\xa2\xb3\xb33\
\x0e\x1c8\x10\x87\x0f\x1f\xae\xcau6o\xde\xbc\xd8\xb0\
aCYe\xe9\x93!\xd6\xd0\xd0\x90?\x94\x00*D\
\x90\x05P!===\xd1\xd3\xd3\x13\xf9|>\xce\x9d\
;\x17\xa3\xa3\xa31::\x1a\xe7\xce\x9d\x9b\xb2\x9c\xa2\
\xa9\xa9\xe9#A\xc7\x82\x05\x0b\xe2\xfa\xeb\xaf\x8f\x96\x96\
\x96\xaa\xac\xd44Y\xde\xd0h\x8d\xddK\xb5}\xfb\xf6\
\x18\x1f\x1fO]\xa2\xf7\xf1\x81\xdd\xa3\x8f>\x1a\x1b6\
l\x88\x93'O~\xf8_9&\x83\xb6e\xcb\x96\x95\
\xddxzhh(\x1ex\xe0\x81\x86X\xb9,+M\
\xb4\x07\x07\x07#\x9f\xcf\xa7^I,k\xea\xd5\xc0\xbb\
T\x9f\xfa\xd4\xa7\x1av\xe5\xbd\xac\xad\xc2\xf8\xec\xb3\xcf\
FGGG\xea\xf7b\xa3\x04}\x93_\x1c\xa4]\x98\
\xe4J---\xb1~\xfd\xfaX\xbf~}\x9c<y\
2N\x9d:\x15\xfd\xfd\xfde]s\xad\xad\xad\xd1\xdd\
\xdd\x1d\xf7\xdcsO\xd9\xbf\x83\xc7\xc6\xc6\xe2\x81\x07\x1e\
\xa8\xfb\x17\x11\x00\xd3\x8d \x0b\xa0\xc8\x1f\xb2\xe5\x0c,\
\xef\xbc\xf3\xce\xb2\xfaVUK\xa3\xcc\xee)\xd7\xde\xbd\
{cll,\xbe\xf7\xbd\xefU\xe4\xf1ZZZ>\
\x0c\x22s\xb9\xdc\x87\x81V.\x97\x8b\x0b\x17.L9\
\xbbh\xde\xbcy1k\xd6\xac\x987o^\xf4\xf4\xf4\
T\xacw\xcb\xe9\xd3\xa7c\xcb\x96-\x0d\x13\x02de\
\xd0\x9f\xcf\xe7c`` \xba\xba\xba\x12\xddo2|\
\x9eI\x9fU\xd3\xed\xfcO\xb7\x1e^\x1f\x97\xcb\xe5b\
\xfb\xf6\xed\xb1g\xcf\x9e\xcc\xefK___\x8c\x8f\x8f\
\xa7n\x9a^HWWWtuu\xc5\xa3\x8f>\xfa\
a\xa85\xf9\x85\xd2T\xef\xed\xb6\xb6\xb6hkk\x8b\
\xd6\xd6\xd6X\xb2dI\xe2\xcf\x8e\xe9\xfe\xfb\x16\xa0\x11\
\x09\xb2\x00\x0a\x98\x8e%*\x07\x0e\x1c\x88\xde\xde\xdei\
\xb3Z\xd2\xe1\xc3\x87\xe3w\xbf\xfb]l\xdd\xba\xb5\xa2\
\xb3R\xae\x0c\xb5\xae49\xd3nR{{{\xd5\x06\
\xce\x07\x0f\x1e,\xbb\xb9}\xa5%\x092\xc6\xc6\xc6\xea\
\xfaZO\x9d:\x95x0Z\xa9\x95\xe1jm\xba\x87\
7I\xd4\xb2_X\xbd\x0c\x0e\x0e\xc6\xc1\x83\x07S\xad\
\xde\xd7h\xb3\xf7\x06\x06\x06\xe2\xfe\xfb\xef\x8fg\x9ey\
\xa6\xe2\x81\xecd\xa8\xf5q\xa7O\x9f\xfe\xc8gZ\xb5\
f\x9a\x9e8q\x22\xb6o\xdfnuB\x80*\x11d\
\x01Ls\xc3\xc3\xc3\xb1}\xfb\xf6\xcc\x96\x12^k\xb0\
044\x14O>\xf9d\xcc\x9b7\xaf\xaa\xcf59\
\xd3\xae\x9a\xf2\xf9|l\xdf\xbe\xbd!K\xdc\xb2T\x86\
588\x98jP\x9dE\x8d\x1e\xde\x08\xda*o\xef\
\xde\xbd\xd1\xd9\xd9\x99\xf83\xaf\x96+\x5c\x96jhh\
(\xbe\xf6\xb5\xaf\xc5\xe3\x8f?^V\x1f\xaaR\xd5b\
\xa6\xf4s\xcf=\x97\x99ET\x00\xb2\xca\xaa\x85\x00\x05\
4z\xdf\x99R\xe4r\xb9\xe8\xed\xed\x8d5k\xd6L\
\xcb\x10k\xd2\xf0\xf0p\xacY\xb3&\x8e\x1e=\x9a\xf9\
\xfd\xb8\xff\xfe\xfb\x1b2\xc4jmm\xcd\xd4{bt\
t4\xd1\xac\xb0\xb1\xb1\xb1\xcc6b\xaeU\xc0\x986\
\x90\xaae\xd0\x96\xf4\x1a\xcdJ\xdf\xb7\x8f\x9b\x0c\xbc\xa7\
\x8b\x5c.\x17\xdf\xf9\xcewb\xef\xde\xbd\x99\xde\x8f\xcb\
\x97/\xc7\x83\x0f>(\xc4\x02\xa8\x01A\x16@\x01\x8d\
\xf8\xcdu\x92AAooo|\xf5\xab_\x9dV\xa5\
\x84\xa5\x0c\xec\x1e~\xf8\xe1\xba\xad\x96W\xcek\xdf\xbb\
wo\xacY\xb3\xa6a\xc3\x94\xac5\xc5\x8eH6+\
\xeb\x97\xbf\xfceC\xbc\xe6\xf1\xf1\xf1\xc4\xf7\xa9U\x8f\
\xac,\x94\xede\xf9s;\xa9s\xe7\xce\xc5\x81\x03\x07\
\xa6\xd5>\x1d8p \xee\xbf\xff\xfe\x18\x1e\x1e\xce\xe4\
k\xff\xda\xd7\xbe\x96j6(\x00\xc9\x09\xb2\x00\xa6\x89\
\xb1\xb1\xb1\x8f\x04X\x8d\xbaRX5\x9d<y2\xbe\
\xf6\xb5\xaf\xc5\xe1\xc3\x873\xf1zO\x9f>\x1dk\xd6\
\xac\x89\x03\x07\x0e4t\xe0\x984\xc8j\x84\xe6\xc6I\
f!^\xd97\xa7\x9e\xd2\x5c\x033\xa1/\x14\x85\xf5\
\xf6\xf6&\x9ayX\xab\xd0\xb3\xdc\xf7\xed\xd7\xbf\xfe\xf5\
\xd8\xbbwo&\xbe\x84\x19\x1a\x1a\x8a\xfb\xef\xbf?\xf6\
\xee\xdd;#\x7f\xe7\x02\xd4\x8b\x1eY\x00\x196\xb9\xc2\
\xde\xd1\xa3G}\x13|\xc51\xf9\xe1\x0f\x7f\x18G\x8f\
\x1e\x8do}\xeb[\x0d\xbbzdooof\x1a\x8c\
gqF\xd6\xd9\xb3g\x13\x0d\x9e\xb3\xaaV\xe1D\xda\
\xd2\xd2F\xee\x91\x95\xf5\x12\xf2|>\x1f\xbbv\xed\x8a\
\xa7\x9f~\xba\xa4\x9f\xcf\xd2\x22&\x07\x0e\x1c\x88\x93'\
O\xc6\xea\xd5\xab\xafZx\xa3\x11L~q\xd4\xd7\xd7\
\xe7\x97.@\x1d\x08\xb2\x00\x0ah\xe4\xde)\xc3\xc3\xc3\
188\x18\xa7O\x9f\x8e\x93'OZ\x15\xa9\x88s\
\xe7\xce\xc5\x03\x0f<\x10\x1d\x1d\x1d\xb1v\xed\xda\x86\x08\
\xb4\xb2\x16`e\xe1\xfdPL\xa9\xb3\xc2r\xb9\x5cC\
\xcc +GSSS\xd5?\x07\xd2\x96\xed\xd5r\xc6\
X\xd2\xebt:\x94\x22\x0e\x0c\x0c\xc4\xc9\x93'\x13\xaf\
\xd2\x99\x05\x93\x0b\x95\xf4\xf6\xf6\xc6\xda\xb5k\x1b\x22\xd0\
\x12`\x014\x06A\x16@\x01\xa7O\x9f\x8e\xc3\x87\x0f\
\xc7-\xb7\xdc\xf2\x91\xed\xed\xed\xed5\x9da066\
\x16\xa3\xa3\xa3q\xe1\xc2\x858}\xfat\x0c\x0e\x0ef\
\xae\x07T\xbd\x0d\x0e\x0e\xc6\xe0\xe0`\xb4\xb7\xb7\xc7=\
\xf7\xdc\x13\xdd\xdd\xdd5-\xb1\xc9\xe5rq\xfc\xf8\xf1\
8z\xf4hfg\xfe\xfc\xeaW\xbfJt\xdd%)\
w\xaa\xe6q\xef\xed\xed-\xe9\xe7\x1a\xe9s\xa7\x94\xd7\
\xfcq\xb5\x08\xb2\xde|\xf3\xcdT\xaf\xed\xcd7\xdfl\
\xd8\xe3\x97\xd5\x06\xff\x1f\xb7w\xef\xde\x92\xf6%\xab\xa5\
o\xa3\xa3\xa3\x1f\x06Z===\xb1l\xd9\xb2\x9a\x86\
\xeb\xf9|>N\x9c8\x11'N\x9c\xc8\xec\xea\xa6\x00\
\xd3\xcdu\x9f\xff\xfc\xe7\xcf_w\xddu\xb7Mn\xd8\
\xb9sgtwwW\xe4\xc1\xdf{\xef\xbdX\xb6l\
\x99\xa3\x0cLk\xf3\xe6\xcd+\xf8\xcd\xfe\xbcy\xf3\x12\
\x05&\xb9\x5c\xee\xc3\xc1\xc8\xf8\xf8x&\x1b\xdefE\
WWWtuuEGGGU\x06Dccc\
188\x18\x03\x03\x03\x0d\xb9\x0a!@\x96-X\xb0\
 zzz\xa2\xa3\xa3#\xe6\xcd\x9bW\xf1\xc7\xcf\xe5\
r100\x10\xbf\xfa\xd5\xaf\xa2\xbf\xbf_\xff+\x80\
\x04\x1ex\xe0\x81\xf8\xc67\xbeQ\xb1\xc7[\xbati\
\xbc\xff\xfe\xfb\x1f\xfe\xfb\x8f\x7f\xfc\xe3\xff3#\x0b\xa0\
L\xc3\xc3\xc3\x05C'=\xab\x1a\xd7\xc9\x93'?,\
\xefkkk\x8b\x8e\x8e\x8e\xb8\xe3\x8e;\xe2\x96[n\
I<\xebn2\x80\xbcp\xe1B\xbc\xfd\xf6\xdb10\
0 \x84\x04\xa8\xa2s\xe7\xce}8\xc3\xb5\xb5\xb55\
:::\xa2\xbd\xbd=\x16.\x5c\x18mmm\x89\xbe\
\xa0\xc8\xe7\xf3q\xee\xdc\xb9\x18\x1f\x1f\x8f\xa1\xa1\xa1\x18\
\x18\x18\x986\xb3\xf5\x00\xa6+A\x16\x003\xda\xe8\xe8\
h\xf4\xf5\xf5}\xa4\xe7ISSS,\x5c\xb8\xf0\x9a\
\xf7\x15V\x02\xd4\xd7\xe5\xcb\x97?,\xfd\xbb\xd2\x82\x05\
\x0b\xae\xd9\xe0\xfe\xec\xd9\xb3\xfaL\x02d\x90 \x0b\x00\
>&\x9f\xcf\x0b\xa9\x002,\xcb\xab\x91\x020\xb5?\
q\x08\x00\x00\x00\x00\xc8\x02A\x16\x00\x00\x00\x00\x99 \
\xc8\x02\x00\x00\x00 \x13\x04Y\x00\x00\x00\x00d\x82 \
\x0b\x00\x00\x00\x80L\x10d\x01\x00\x00\x00\x90\x09\x82,\
\x00\x00\x00\x002A\x90\x05\x00\x00\x00@&\x08\xb2\x00\
\x00\x00\x00\xc8\x04A\x16\x00\x00\x00\x00\x99 \xc8\x02\x00\
\x00\x00 \x13\x04Y\x00\x00\x00\x00d\x82 \x0b\x00\x00\
\x00\x80L\x10d\x01\x00\x00\x00\x90\x09\x82,\x00\x00\x00\
\x002A\x90\x05\x00\x00\x00@&\x08\xb2\x00\x00\x00\x00\
\xc8\x04A\x16\x00\x00\x00\x00\x99 \xc8\x02\x00\x00\x00 \
\x13\x04Y\x00\x00\x00\x00d\x82 \x0b\x00\x00\x00\x80L\
\x10d\x01\x00\x00\x00\x90\x09\x82,\x00\x00\x00\x002A\
\x90\x05\x00\x00\x00@&\x08\xb2\x00\x00\x00\x00\xc8\x04A\
\x16\x00\x00\x00\x00\x99 \xc8\x02\x00\x00\x00 \x13\x04Y\
\x00\x00\x00\x00d\x82 \x0b\x00\x00\x00\x80L\x10d\x01\
\x00\x00\x00\x90\x09\x82,\x00\x00\x00\x002A\x90\x05\x00\
\x00\x00@&|\xc2!\x00\x80\xc60\x7f\xfe\xfc\x88\x88\
X\xb8pa\xc1\xdb\xdfz\xeb\xadx\xff\xfd\xf7\xe3\xdd\
w\xdf\x8d\xf1\xf1q\x07\xac\x81\xcc\x9a5+n\xbc\xf1\
\xc6\xab\xce].\x97\x8b\x0b\x17.\xc4\xdbo\xbf\x1d\x13\
\x13\x13\x0e\x14\x00@\x99\x04Y\x00P\x07\xcd\xcd\xcd\xb1\
x\xf1\xe2\xf8\xdc\xe7>\x17]]]1g\xce\x9c\xc4\
\x8f\xd1\xdf\xdf\x1f\x8f?\xfex\xcd\x02\x92\xb9s\xe7\xc6\
\x0d7\xdcP\xf4\xf6\x9bn\xba)n\xba\xe9\xa6)\x1f\
c2\xd8\xf9\xfd\xef\x7f\x1f\x17/^\xcc\xf49\xec\xe8\
\xe8\x88/~\xf1\x8b\xb1j\xd5\xaa\x92~~dd$\
\xfa\xfa\xfa\xe2\x17\xbf\xf8EC\xed\xfb\xfc\xf9\xf3\x8b\x86\
\xa7\xff\xfa\xaf\xffZ\xd5\xd0\xf4\xde{\xef-\xb8\xfd\xec\
\xd9\xb3q\xfe\xfc\xf9\x9a\xec\xfbT>\xf9\xc9O\xc6g\
?\xfb\xd9k>\xce\xa5K\x97\xe2\xd2\xa5K\x02K\x00\
\xa8\x01A\x16\x00\xd484\xf8\xeaW\xbf\x1a\xcb\x97/\
/\xfb\xb1\xba\xbb\xbbk:h\xfe\xd6\xb7\xbe\x15\xdd\xdd\
\xdd\x15}\xcc\xfe\xfe\xfex\xf5\xd5W\xab\x1e\x98TJ\
sss\xf4\xf4\xf4\xc4\xa6M\x9b\x12\xdfw\xce\x9c9\
\xb1n\xdd\xbaX\xb7n]\x8c\x8c\x8c\xc4\x8f~\xf4\xa3\
8u\xeaT\xdd\xf7i\xe1\xc2\x85E\xf7\xe7\xec\xd9\xb3\
U=/\xc5\x9ew\xf7\xee\xdd5\x09\xb2^x\xe1\x85\
\x8a?f\xa3\x06\x96\x000]\xe8\x91\x05\x0050\x7f\
\xfe\xfc\xf8\xd9\xcf~\x16/\xbc\xf0BEB\xac\x88\x0f\
B\xa0Zz\xe3\x8d7*\xfe\x98\xdd\xdd\xdd\xb1i\xd3\
\xa68r\xe4H\xec\xdc\xb93\xe6\xce\x9d\xdb\xb0\xe7\xb0\
\xa3\xa3#^y\xe5\x95T!\xd6\xc7\xcd\x993'\x9e\
z\xea\xa9\x86\xdf\xe7j\xab\xf55\xfcqg\xce\x9c\xa9\
\xf8cN\x06\x96\x07\x0f\x1e\x9c\xf1\xe7\x17\x00\xaa\xc1\x8c\
,\x00\xa8\xa2\xe6\xe6\xe6x\xe8\xa1\x87*\x16^]\xe9\
\x9dw\xde\xa9\xe9\xbe\xe4r\xb9\xaa>~wwwt\
ww\xc7\xee\xdd\xbb\xe3\xd0\xa1C\x99:\x87###\
q\xf2\xe4\xc9\x18\x1d\x1d\xfdp\xdbm\xb7\xdd\x16w\xde\
y\xe7\x94e\xa3\x93\xfb\xfc\xd8c\x8f\xc5\xb1c\xc7\xbc\
aj\xec\xbd\xf7\xde\x9b\x91\xd74\x00d\x99 \x0b\x00\
\xaad\xee\xdc\xb9q\xf0\xe0\xc1\x92~\xb6\xbf\xbf?\xde\
y\xe7\x9d\x8f\x04!\x11\x11---q\xfb\xed\xb7\x7f\
8(\xbe\xd2\xc7\x7f\xb6\x9e&g\xd6\xbc\xfa\xea\xab\x05\
o\xbf\xed\xb6\xdbb\xde\xbcy\xb1h\xd1\xa2k>\xd6\
\xa6M\x9b\xa2\xa5\xa5%\xf6\xef\xdf\xdf\x10\xe7p\xf7\xee\
\xddE\xc3\xa8}\xfb\xf6\xc5\xcb/\xbf<e\xf9\xdd\xac\
Y\xb3\xe2K_\xfa\xd2\x943\xb9~\xf0\x83\x1fD{\
{{\xec\xd9\xb3\xa7\xa1\xae\xe1Z\x94\xf75\xaa\xc9k\
\xba\xd0\xfbr\xf2\x9a\xfe\xb3?\xfb\xb3\x92\xcam7m\
\xda\x14mmm\x0dw~\x01 \x8b\x04Y\x00P\x05\
w\xdduW<\xf5\xd4SEo\x1f\x19\x19\x89\xde\xde\
\xdex\xfd\xf5\xd7\x13\xf7\xd1\x99?\x7f~\xdct\xd3M\
\xf1\xfa\xeb\xaf7\xc4\xbe~\xf1\x8b_,\xf9g'\x9b\
\xdc\xf7\xf4\xf4L\x19\x00\xac[\xb7.^{\xed\xb5\x18\
\x1c\x1c\xac\xdb~M\x15D\x1e9r$\xfe\xf1\x1f\xff\
\xb1\xa4\xfeQ\xe3\xe3\xe3q\xe8\xd0\xa18z\xf4\xe8\x94\
\xfd\xb5V\xadZ\x15\x0b\x17.\x8c\x8d\x1b7\xd6\xb4\xf7\
\xd9[o\xbd\xe5\x0d{\x85\xfe\xfe\xfex\xe4\x91G\x12\
\xdd\xa7\x94\xc6\xff\xabV\xad\x8a\xd1\xd1Q3\xb3\x00\xa0\
Lzd\x01@\x85M\x15b\x8d\x8c\x8c\xc4\x96-[\
\xe2\xbe\xfb\xee\x8bc\xc7\x8e\xa5j\x06}\xfe\xfc\xf98\
u\xeaT&\x9a\xa3\x7f\xdc\xc4\xc4D\x9c:u*\x1e\
y\xe4\x91x\xf0\xc1\x07\xa7\xfc\xd9\x87\x1f~\xb8n\xaf\
s\xaa\x10\xeb\xb1\xc7\x1e\x8b\x9d;w&>\xfe\x13\x13\
\x13q\xe8\xd0\xa1X\xb9re\x8c\x8c\x8c\x14\xfc\x99E\
\x8b\x16\xc5\xb6m\xdbj\xba\xaf\xef\xbf\xff\xbe7\xed\x15\
\xd2,h088\x18{\xf6\xec\x89\xe5\xcb\x97O\xd9\
\xf7k\xd3\xa6M1k\xd6,\x07\x19\x00\xca \xc8\x02\
\x80\x0a\x9a?\x7f~\xd1\x10k\xdf\xbe}\xb1f\xcd\x9a\
\x86X\xa9\xae\x11\x0c\x0e\x0e\xc6\xca\x95+\x8b\xde>g\
\xce\x9c\xe8\xe8\xe8\xa8\xf9\xeb\x9a5kV\xd1\x10k\xcb\
\x96-e\xf7\xb2\xbax\xf1b\xacY\xb3\xa6h\xa3\xf1\
\xee\xee\xeek\x86|4\xa6\xf1\xf1\xf1x\xe4\x91G\xe2\
\xc5\x17_,\xfa3_\xff\xfa\xd7\x1d(\x00(\x83 \
\x0b\x00*d\xd6\xacY\xf1\xc2\x0b/\x14\xbcm\xcb\x96\
-\xb1\x7f\xff\xfe\x9a\x96\x8cU\xda\xa5K\x97\x8a\xeew\
Z\x17/^\x8c-[\xb6\x14\xbd\xfd\xb3\x9f\xfdl\xcd\
\xf7s\xc7\x8e\x1dE\xcfa\xa5B\xc8\x89\x89\x89\xd8\xb8\
qc\xd10k\xd5\xaaUu\x09\xf1\x1aE\xb5\x17\x16\
\x98T\xad\x05\x13\xf6\xec\xd9Stf\xd6T\xe5\x87\x00\
\xc0\xb5\x09\xb2\x00\xa0Bj\x11\x80\xd4S\xb1 \xeb\xc6\
\x1bo,\xebqO\x9d:U\xb4\xd4n\xf1\xe2\xc55\
\xdd\xc7{\xef\xbd\xb7`C\xfa\x17_|\xb1\xe2\xe7p\
2\xcc*f\xcf\x9e=\xd1\xdc\xdc<#\xdfK\x17.\
\x5c\xa8\xc9\xf3Ts\xc1\x84\x9f\xfc\xe4'Eo\x9b?\
\x7f\xbe\x0fL\x00HI\x90\x05\x00\x15P,\x00\xd9\xb7\
o\x9fR\xc2\x12\xf4\xf5\xf5\xd5\xfd5\xcc\x9a5\xab`\
#\xf6\xc9\xc6\xfc\xd5011\x11\xdf\xfc\xe67\x8b\xde\
\xde\xd3\xd33\xad\xcf{\xb1U.\xa7\x83\xf3\xe7\xcf\x17\
\x9dqw\xcb-\xb7x\xd3\x03@J\x82,\x00(S\
\xb1\x00\xe4\xcc\x993\xb1\x7f\xff~\x07\xa8\x04\xaf\xbd\xf6\
Z\xdd_C\xb1\xdeEO>\xf9dUKB\xcf\x9f\
?_\xb4\xa7\xd2\xa6M\x9bf\xec\xac\xac\xe9\xe0\xf8\xf1\
\xe3\x05\xb7\xb7\xb4\xb488\x00\x90\x92 \x0b\x00\xcaT\
,\x00y\xe6\x99g\x1c\x9c\x12\xd5{\xe5\xbcY\xb3f\
\x15\xec]t\xe6\xcc\x99\x18\x1c\x1c\xac\xfa\xf3\xbf\xf4\xd2\
KEo\xeb\xea\xear\x81dT\xb1r\x5c\x00 =\
A\x16\x00\x94\xa1X\x00\xd2\xdf\xdf\x1f\xe7\xcf\x9fw\x80\
\xca\xf4\xdb\xdf\xfe\xb6&\xcf\xf3\x95\xaf|\xa5\xe0\xf6\x9f\
\xfe\xf4\xa75y\xfe\xf1\xf1\xf18r\xe4H\xc1\xdbV\
\xacX\xe1B\xc8\xa8bAV\xad\x9a\xd9\x03\xc0t$\
\xc8\x02\x802\x14\x0b@\xa6j\xf4L\xe9\xde|\xf3\xcd\
\x9a<\xcf\xb2e\xcb\x0an\xafe\x7f\xb3c\xc7\x8e\x15\
\xdc\xbeh\xd1\xa2\xb2V\x86\xa4\xf1\xd4\xaa\x99=\x00L\
G\x82,\x00(\xc3\xbau\xeb\xae\xda622b6\
VB\xc5\x9a_\xff\xc7\x7f\xfcG\xd5\x9f{\xee\xdc\xb9\
1g\xce\x9c\xab\xb6\x17\x9b!U-S\x950\xdeq\
\xc7\x1d5?'\xfd\xfd\xfd.\xcc2-\x5c\xb8\xb0\xe0\
\xf6w\xdf}\xd7\xc1\x01\x80\x94\x04Y\x00\x90RGG\
G\xc1\xed\x8d\xb0\x02\xdft8\x96###q\xf1\xe2\
\xc5\xaa?\xf7_\xfd\xd5_\x15\xdc^\x8b\xdeX\x1fW\
,<\xfa\xf3?\xffs\x17I\x06\xb5\xb5\xb5\x15\xbc\xae\
\xc7\xc7\xc7\x1d\x1c\x00HI\x90\x05\x00)\xfd\xe5_\xfe\
e\xc1\xed\x03\x03\x03\x0eN\x02\xb3f\xcd\x8a\xe5\xcb\x97\
_\xb5\xfdG?\xfaQM\x9e\x7f\xf1\xe2\xc5\x05\xb7\xbf\
\xfe\xfa\xeb5?\x16\xaf\xbe\xfaj\xc1\xed\xb7\xdf~\xbb\
\x0b%c\x9a\x9b\x9b\x0b\xf6\xcf\x13t\x03@y\x04Y\
\x00\x90R\xb1p\xe1\xed\xb7\xdfvp\x12\xf8\xeew\xbf\
{\xd5\xb63g\xce\xd4\xac?\xd5\xad\xb7\xdeZp{\
-f\x83}\x5c\xb1\xe6\xe0\xdd\xdd\xdd.\x94\x8c\xe9\xe9\
\xe9)\xb8\xfd\xe5\x97_vp\x00\xa0\x0c\x82,\x00H\
\xa9X\xb8011\xe1\xe0\x94\xe8\xc1\x07\x1f,x\x1c\
w\xec\xd8Q\xb3\xd7P\xa8?\xd6\xc8\xc8H]\x8eG\
\xb1 \x8bl\x99?\x7f~l\xda\xb4\xe9\xaa\xed\xfb\xf6\
\xedSV\x08\x00e\xfa\x84C\x00\x00\xc9\x15[EN\
\x83\xec\xd2\x07\xfa\x1b7n\x8cE\x8b\x16]u\xdb\xca\
\x95+k6\x1bj\xee\xdc\xb9\x05\xb7\xff\xe67\xbf\xa9\
\xcbq\xf9\xfd\xef\x7f\xef\xe2\xc8\xb8\xbb\xee\xba+\x9ez\
\xea\xa9\xab\xb6\x9f9s&~\xf6\xb3\x9f9@\x00P\
&A\x16\x00\xa4p\xe3\x8d7:\x08\x09577\xc7\
\xe2\xc5\x8b\xa3\xa7\xa7\xa7\xe0,\xac3g\xce\xc4\x8e\x1d\
;jZ\xd2w\xc3\x0d74\xd41\xaaG9#\x95\
1w\xee\xdc\xf8\xd6\xb7\xbeUt\xa6\xe6\x8e\x1d;\xcc\
\xd6\x04\x80\x0a\x10d\x01\x00eY\xbati,\x5c\xb8\
\xb0\xe0m---q\xfb\xed\xb7\xc7\xad\xb7\xdeZ\xb0\
\x84o\xd2\xee\xdd\xbb\xe3\xe8\xd1\xa3\x06\xfad\xca\xdc\xb9\
s\xe3\x8e;\xee\x88\x15+V\x14\x9c]\x18Q\x9f\x80\
\x16\x00\xa63A\x16\x00P\x96B+\xb3\x95j\xdf\xbe\
}\xf1\xf2\xcb/\xeb\x1bDC\xb9\xf7\xde{\x8b\xde6\
\xb9\xcae)\x0d\xf8\x8f\x1c9\x12\xcf>\xfb\xac\x80\x16\
\x00*H\x90\x05\x00\xd4\xcd\xbau\xeb\xe2S\x9f\xfaT\
\xbc\xf4\xd2K\xc2,\x1aF\xa1F\xedI\xf4\xf7\xf7\xc7\
O~\xf2\x938\x7f\xfe\xbc\x83\x09\x00\x15&\xc8\x02\x80\
\x0a\xfa\xf4\xa7?]\xd5\xc7\x9f?\x7f~\xc12\xbeK\
\x97.\xc5\xa9S\xa72y\xccV\xadZ\x15\xabV\xad\
\x8a\xc7\x1e{,\x8e\x1d;6\xa3\xaf\x9f\xf9\xf3\xe77\
\xcck)e\xc6\x11\x1f\xf5\xe2\x8b/\xc6\xf1\xe3\xc7\x05\
X\x00PE\x82,\x00\xa8\xa0b}r*e\xe1\xc2\
\x85\x05g\x8b\x1c9r\xa4nA\xd6\x8b/\xbe\x18\xa3\
\xa3\xa3S\xfeL[[[\xdc|\xf3\xcdS\x86#?\
\xf8\xc1\x0f\xa2\xbd\xbd=\xf6\xec\xd9S\xf7\xf3x\xeb\xad\
\xb76\xd4uu\xe6\xcc\x99\xaa=\xf6\xbb\xef\xbe\xeb\x8d\
[\xc6y\xf9\xe5/\x7f\x19\xaf\xbd\xf6Z\x0c\x0e\x0e:\
 \x00P\x03\x82,\x00Ha\xaa\x19\x17s\xe7\xce\xad\
Zc\xe7\x5c.Wp\xfb\x9bo\xbeY\xb7c\x91t\
\x06\xca]w\xdd\x15\xdf\xfe\xf6\xb7\x0b6\x7f_\xb5j\
U\xfc\xd7\x7f\xfdW\xcdB\xb9b!\xceT\x8d\xe9\xab\
\xe9\x96[n)\xb8}xx\xb8j\xcfY\xcf\x92\xce\
\xb6\xb6\xb6\xc4\xef\xafZ(\x16\xce^\xbat).]\
\xba\x14\xbf\xff\xfd\xef5o\x07\x80:\x11d\x01@\x85\
\xddq\xc7\x1dU\x1b\xe4^\xb8p!\xf3\xc7\xe7\xd4\xa9\
S\xf1\xea\xab\xaf\xc63\xcf<Sp\x06\xdbSO=\
\x15\xcb\x97/\xafI\xc02\xd5sT3\x90,f\xf6\
\xec\xd9\x05\xb7\xd73\xa8\xac\xa6\x9bo\xbe\xb9!_\x97\
\xf2@\x00h\x5c\x7f\xe2\x10\x00@:G\x8e\x1c)\xb8\
\xbd\xa3\xa3\xc3\xc1\xb9\x86\x89\x89\x89\xd8\xb8qc\xd1\x92\
\xb9\xef~\xf7\xbb5{-\xfd\xfd\xfd\x05\xb7\x17\x9b\x1d\
UM_\xf8\xc2\x17\x0an?{\xf6l]\xce\xd3\xdc\
\xb9sk\xfe\x9c###\xde \x00@Q\x82,\x00\
H\xa9XO\x9c\xe5\xcb\x97\xc7\xacY\xb3\x1c\xa0k\x98\
\x98\x98\x88\x1d;v\x14\xbc\xad\xbb\xbb\xbbf\x8d\xcf\xdf\
x\xe3\x8d\x82\xdb?\xf7\xb9\xcf\xd5\xf4x477\x17\
\xed\xb1V\xed\xd9A\xc5\xc2\xbc\x1bn\xb8\xa1\xaa\xcf[\
\xa8g\xdao~\xf3\x1bo\x0e\x00\xa0(A\x16\x00\xa4\
\xf4\xfa\xeb\xaf\x17\xbd\xedK_\xfa\x92\x03T\x82\x8b\x17\
/\xc6\xbe}\xfb\x0a\xde\xf6\xb7\x7f\xfb\xb75y\x0d\xaf\
\xbd\xf6Z\xc1\xed\xabV\xad\xaa\xe9\xb1X\xbcxq\xc1\
\xed\xc5f\xfeU\xd2;\xef\xbcSp{=f\xa5\xbd\
\xfa\xea\xab\xde\x18\x00@Q\x82,\x00H\xe9\xe2\xc5\x8b\
EK\xe36m\xda\x14\xcd\xcd\xcd\x0eR\x09~\xf6\xb3\
\x9f\x15\xdc\xde\xdd\xdd]\x93\x99m\xbf\xfe\xf5\xaf\x8b\xde\
V\xcb2\xd1\x9e\x9e\x9e\x82\xdb\x8f\x1d;V\xf5\xe7.\
\xb6\xead\xb1\x9e]\x95Pl\xc6\xdd[o\xbd\xe5M\
\x01\x00\x14%\xc8\x02\x802\xfc\xf4\xa7?-z\xdb}\
\xf7\xddW\xf1\xe7+\xb6\xca^=\xddt\xd3Me\xdd\
\x7fbb\x22^|\xf1\xc5\x82\xb7}\xfd\xeb_\xaf\xfa\
\xeb\x9f\xea\xf9\xff\xe6o\xfe\xa6&\xc7p\xfe\xfc\xf9\x05\
\xcb\xecFFF\x8a\x96\xb0VR\xb1\x1e\x5c\xc5zv\
UB\xb1\xd9^S\x05\x8b\x00\x00\x82,\x00(\xc3T\
eP\xeb\xd6\xad\xabx\xb3\xecZ\xac\xe4\x97T\xb9A\
VD\xc4K/\xbdTp\xfb\xaaU\xabj2\xb3\xed\
\xf8\xf1\xe3\x05\xb7\xd7\xaaWW\xb12\xca\x1f\xfd\xe8G\
59\x87\xfa\xad\x13\xad\x00\x00\x0b7IDAT\xc5\
zp-Z\xb4\xa8j\xc7\xbf\xd0l\xb73g\xce\xc4\
\xc4\xc4\x84\x0f\x16\x00\xa0(A\x16\x00\x94abb\x22\
\x1e{\xec\xb1\xa2\xb7\xef\xde\xbd[\x89a\x09\xc6\xc7\xc7\
\x8b\x96i\x16+\xb9\xab\xa4\xf3\xe7\xcf\x17mx\xfe\xc4\
\x13OT\xf5\x1cvtt\x14\x9d\x8du\xea\xd4\xa9\x9a\
\x9d\x83b\xbd\xb8\x8a\xf5\xee*Gsss,_\xbe\
\xfc\xaa\xed\x87\x0f\x1f\xf6f\x00\x00\xa6$\xc8\x02\x802\
\x1d;v\xach\x083g\xce\x9c\xd8\xb6m\xdb\xb4\xd8\
\xcfO~\xf2\x93U}\xfcbe\x9a+W\xae\xac\xc9\
\xfe\xfd\xfd\xdf\xff}\xd1s\xb8v\xed\xda\xaa<\xe7\xac\
Y\xb3b\xcf\x9e=\x05o\xfb\xfe\xf7\xbf_\xd3\xf3\xfb\
o\xff\xf6o\x05\xb7\x7f\xfb\xdb\xdf\xae\xf8suuu\
\x15\xdc\xae\xd1;\x00p-\x82,\x00\xa8\x80\x1d;v\
\x14\xbd\xad\xbb\xbb;\x1e|\xf0\xc1\xcc\xef\xe3g?\xfb\
\xd9\xaa>~\xb1\x10c\xce\x9c95i\xba~\xf1\xe2\
\xc5\xd8\xbd{w\xc1\xdbV\xadZU\xf1s\xd8\xdc\xdc\
\x5c\xf4\xba\xd9\xb7o_\xd1r\xbfj)6\xfb\xab\xd2\
\xc7\xbf\xb9\xb9\xb9`0\xf8\xe2\x8b/\xd6\xbct\xb6\x1a\
\xb3\xcd\x00\x80\xea\x12d\x01@\x05\x5c\xbcx1\xb6l\
\xd9R\xf4\xf6U\xabV\xc5#\x8f<\xa2\xccp\x0a\x8d\
\xd0t\xfd\xd0\xa1CEg\xd7U2\xccjnn\x8e\
g\x9ey&\x16-Zt\xd5mg\xce\x9c\x89\xfd\xfb\
\xf7\xd7\xe5\x1c\x14\x0b\xf2\x1e~\xf8\xe1\x8a]\xbb==\
=1g\xce\x9c\xab\xb6\x17\xeb\x93V\x0f\xc5\x1a\xd1\x03\
\x00\xf5'\xc8\x02\x80\x0a9u\xeaT\xd1 &\x22b\
\xf9\xf2\xe5\xb1\x7f\xff\xfe\xb2\x9b\x87\x17\x0bZ\xa6\x83\x7f\
\xff\xf7\x7f/\xb8\xbd\xbb\xbb;f\xcd\x9aU\x93\xd7\xb0\
q\xe3\xc6)\xc3\xacr\x03\xc9k\x85X\x1b7n\xac\
\xdb\xf1?z\xf4h\x8c\x8c\x8c\x5c\xb5}\xce\x9c9\xf1\
\xd0C\x0f\x95\xfd\xf8w\xdduWl\xda\xb4\xe9\xaa\xed\
\xbbw\xefn\xa8\x85\x0cZZZ|\xa0\x01@\x83\x12\
d\x01@\x05\xed\xd9\xb3g\xca0k\xce\x9c9\xf1\xc2\
\x0b/\xc4#\x8f<\x92zE\xc3\xf7\xde{o\xda\x1e\
\xbf\xc1\xc1\xc1\xa2\xb7}\xe5+_\xa9\xc9k\x98\x98\x98\
\x982\xcc\x9a\x0c$\xd3\x94\xdbutt\xc4+\xaf\xbc\
2e\x88U\xcfU\xfb&&&\x8a\xf6\xe6Z\xbe|\
y\xec\xdc\xb93u\x88\xf7\xe5/\x7f9\x9ez\xea\xa9\
\x82\xfb}\xe8\xd0!\x1f\x1e\x00@I\x04Y\x00Pa\
{\xf6\xec)Z\xa2ue(p\xf0\xe0\xc1\xf8\x87\x7f\
\xf8\x87\xf8\xf2\x97\xbf\x9c(\xd4z\xe3\x8d7\xa6\xf5\xf1\
\xdb\xb7o_\xc1\xed\xeb\xd6\xad\xab\xd9k\xb8V\x985\
g\xce\x9c\xd8\xb3gO\xec\xdc\xb93\xee\xba\xeb\xaek\
\x86;\x1d\x1d\x1d\xb1s\xe7\xce\xa2\x8d\xdd\x8f\x1c9R\
\xf7\x10k\xd2\xf9\xf3\xe7\x8b\xae\xc4\xd9\xdd\xdd\x1d\xaf\xbc\
\xf2J\xdc{\xef\xbd%\xcf\x90\x9b\xdc\xf7\x1f\xfc\xe0\x07\
W\xdd622R\xd7\x19h\x00@\xf6|\xc2!\x00\
\x80\xca;t\xe8P\x9c={6\x9ex\xe2\x89\x82\xfd\
\x80&-Z\xb4\xe8#\xb3s\xfa\xfb\xfb\xe3\xb7\xbf\xfd\
m\xbc\xf9\xe6\x9b\x1f\xf9\xb9\xb6\xb6\xb6\xb8\xf9\xe6\x9b\xe3\
\xd6[o-\xf8xmmmu\xdb\xd7J\x97a\xfd\
\xe2\x17\xbf(\x1aZ\xddu\xd7]E\x9b\x92W\xdad\
\x98u\xdf}\xf7\x15}=\xdd\xdd\xdd\xd1\xdd\xdd\xfd\xe1\
\xb9{\xe7\x9dwbtt\xf4\xc3\xdb\x17/^\xfc\xe1\
\xed\xc5\xec\xde\xbd\xbb\xe1f$\x1d;v,f\xcf\x9e\
]t\xbf7m\xda\x14\x9b6m\x8a3g\xce\xc4\xf0\
\xf0p\xd1\xebu\xaa}?s\xe6L<\xfa\xe8\xa3\x0d\
\x11\xde\x01\x00\xd9!\xc8\x02\x80*9\x7f\xfe|\xacY\
\xb3&zzz\x0a\xf6\x05*\xe4Z\xa1G17\xdf\
|s\xd5\xf7\xa7X`u\xfb\xed\xb7W\xf4y.^\
\xbc\x18###\x05\x03\xbb\xbf\xfe\xeb\xbf\xaeY\x90\x15\
\xf1A\x98\xb5\x7f\xff\xfex\xed\xb5\xd7\xe2\xe1\x87\x1f\x9e\
2\x94Lz\xee\xce\x9c9\x13;v\xec\x88\x8b\x17/\
6\xe4\xf5;\xb9\xdf\xc5f\x91E\x5c\x1d\xc4\x96\xea\xc8\
\x91#\xf1\xec\xb3\xcf\x0a\xb1\x00\x80\xc4\x94\x16\x02@\x15\
MLL\xc4\xa1C\x87\xe2\xee\xbb\xef\x8e\xc7\x1e{\xac\
`#\xedJ\xa8E\xb9a\xa5\x03\xab\xa9\xf4\xf5\xf5\x15\
\xdc\xbe|\xf9\xf2\x9a5}\xbf\xd2\xe0\xe0`\xdcw\xdf\
}\xb1{\xf7\xee\xb2\xcf\xe1\xc8\xc8Hl\xd9\xb2%\xfe\
\xee\xef\xfe\xaeaC\xac+\xf7\xfb\xee\xbb\xef\x9e\xb2\xef\
[\x12\xfd\xfd\xfd\xf1\xcdo~3v\xee\xdc\xd9\x10!\
V\xb1\xf0q\xf1\xe2\xc5>\xbc\x00\xa0A\x99\x91\x05\x00\
5011\x11\xc7\x8e\x1d\x8bc\xc7\x8e\xc5\xdc\xb9s\
\xe3\x8e;\xee\x88\x8e\x8e\x8eX\xbe|y\xea@\xe0\x8d\
7\xde\x88\xd7^{-~\xfd\xeb_\xd7$\x148z\
\xf4h\xbc\xfa\xea\xabWm\xbft\xe9R\xc5\x9f\xeb\xe5\
\x97_\x8e\x5c.W\xf0\xb6\x1bn\xb8\xa1n+\xdc\x1d\
:t(\x0e\x1d:\x14\x1d\x1d\x1d\xf1\xc5/~1V\
\xadZU\xd2\xfdFFF\xa2\xaf\xaf/~\xf1\x8b_\
4|xU\xe8\xda\xdd\xb3gO\xf4\xf6\xf6FWW\
W|\xe9K_J4\xfb\xac\x91\xf7\xbdX/\xbbj\
\x5c\xd3\x00@e\x5c\xf7\xf9\xcf\x7f\xfe\xfcu\xd7]w\
\xdb\xe4\x86\x9d;w\xa6.k\xf8\xb8\xf7\xde{/\x96\
-[\xe6(\x03\xc0\x14\x9a\x9b\x9b\xe33\x9f\xf9LD\
D,\x5c\xb8\xb0\xe0\xcf\xbc\xf5\xd6[\xf1\xfe\xfb\xef\xc7\
\xbb\xef\xbe[\xb7\x10\x87\xc2f\xcd\x9a\x157\xdex\xe3\
U\xe7.\x97\xcb\xc5\x85\x0b\x17\xe2\xed\xb7\xdf\x9e\x96%\
ts\xe7\xce\x8d\x1bn\xb8\xa1\xe05{\xe9\xd2\xa5\xb8\
t\xe9\xd2\xb4\xddw\x00\xa0\xb0\x07\x1ex \xbe\xf1\x8d\
oT\xec\xf1\x96.]\x1a\xef\xbf\xff\xfe\x87\xff\xfe\xe3\
\x1f\xff\xf8\xff\xcc\xc8\x02\x80:\x9b\x98\x98\x88\xf3\xe7\xcf\
GD|\xf8\x7f\xb2c||<\xc6\xc7\xc7g\xdc\xb9\
\x9b\x9c]\xe5\x9a\x05\x00jI\x8f,\x00\x00\x00\x002\
A\x90\x05\x00\x00\x00@&\x08\xb2\x00\x00\x00\x00\xc8\x04\
A\x16\x00\x00\x00\x00\x99 \xc8\x02\x00\x00\x00 \x13\x04\
Y\x00\x00\x00\x00d\x82 \x0b\x00\x00\x00\x80L\x10d\
\x01\x00\x00\x00\x90\x09\x82,\x00\x00\x00\x002A\x90\x05\
\x00\x00\x00@&\x08\xb2\x00\x00\x00\x00\xc8\x04A\x16\x00\
\x00\x00\x00\x99 \xc8\x02\x00\x00\x00 \x13\x04Y\x00\x00\
\x00\x00d\x82 \x0b\x00\x00\x00\x80L\x10d\x01\x00\x00\
\x00\x90\x09\x82,\x00\x00\x00\x002A\x90\x05\x00\x00\x00\
@&\x08\xb2\x00\x00\x00\x00\xc8\x04A\x16\x00\x00\x00\x00\
\x99 \xc8\x02\x00\x00\x00 \x13\x04Y\x00\x00\x00\x00d\
\x82 \x0b\x00\x00\x00\x80L\x10d\x01\x00\x00\x00\x90\x09\
\x82,\x00\x00\x00\x002A\x90\x05\x00\x00\x00@&\x08\
\xb2\x00\x00\x00\x00\xc8\x04A\x16\x00\x00\x00\x00\x99 \xc8\
\x02\x00\x00\x00 \x13\x04Y\x00\x00\x00\x00d\x82 \x0b\
\x00\x00\x00\x80L\x10d\x01\x00\x00\x00\x90\x09\x82,\x00\
\x00\x00\x002A\x90\x05\x00\x00\x00@&\x08\xb2\x00\x00\
\x00\x00\xc8\x04A\x16\x00\x00\x00\x00\x99 \xc8\x02\x00\x00\
\x00 \x13\x04Y\x00\x00\x00\x00d\x82 \x0b\x00\x00\x00\
\x80L\x10d\x01\x00\x00\x00\x90\x09\x82,\x00\x00\x00\x00\
2A\x90\x05\x00\x00\x00@&\x08\xb2\x00\x00\x00\x00\xc8\
\x04A\x16\x00\x00\x00\x00\x99 \xc8\x02\x00\x00\x00 \x13\
\x04Y\x00\x00\x00\x00d\x82 \x0b\x00\x00\x00\x80L\x10\
d\x01\x00\x00\x00\x90\x09\x82,\x00\x00\x00\x002A\x90\
\x05\x00\x00\x00@&\x08\xb2\x00\x00\x00\x00\xc8\x04A\x16\
\x00\x00\x00\x00\x99 \xc8\x02\x00\x00\x00 \x13\x04Y\x00\
\x00\x00\x00d\x82 \x0b\x00\x00\x00\x80L\x10d\x01\x00\
\x00\x00\x90\x09\x82,\x00\x00\x00\x002A\x90\x05\x00\x00\
\x00@&\x08\xb2\x00\x00\x00\x00\xc8\x04A\x16\x00\x00\x00\
\x00\x99 \xc8\x02\x00\x00\x00 \x13\x04Y\x00\x00\x00\x00\
d\x82 \x0b\x00\x00\x00\x80L\x10d\x01\x00\x00\x00\x90\
\x09\x82,\x00\x00\x00\x002A\x90\x05\x00\x00\x00@&\
\x08\xb2\x00\x00\x00\x00\xc8\x04A\x16\x00\x00\x00\x00\x99 \
\xc8\x02\x00\x00\x00 \x13\x04Y\x00\x00\x00\x00d\x82 \
\x0b\x00\x00\x00\x80L\x10d\x01\x00\x00\x00\x90\x09\x82,\
\x00\x00\x00\x002A\x90\x05\x00\x00\x00@&\x08\xb2\x00\
\x00\x00\x00\xc8\x04A\x16\x00\x00\x00\x00\x99 \xc8\x02\x00\
\x00\x00 \x13\x04Y\x00\x00\x00\x00d\x82 \x0b\x00\x00\
\x00\x80L\x10d\x01\x00\x00\x00\x90\x09\x82,\x00\x00\x00\
\x002A\x90\x05\x00\x00\x00@&\x08\xb2\x00\x00\x00\x00\
\xc8\x04A\x16\x00\x00\x00\x00\x99 \xc8\x02\x00\x00\x00 \
\x13\x04Y\x00\x00\x00\x00d\x82 \x0b\x00\x00\x00\x80L\
\x10d\x01\x00\x00\x00\x90\x09\x82,\x00\x00\x00\x002A\
\x90\x05\x00\x00\x00@&\x08\xb2\x00\x00\x00\x00\xc8\x04A\
\x16\x00\x00\x00\x00\x99 \xc8\x02\x00\x00\x00 \x13\x04Y\
\x00\x00\x00\x00d\x82 \x0b\x00\x00\x00\x80L\x10d\x01\
\x00\x00\x00\x90\x09\x82,\x00\x00\x00\x002A\x90\x05\x00\
\x00\x00@&\x08\xb2\x00\x00\x00\x00\xc8\x04A\x16\x00\x00\
\x00\x00\x99 \xc8\x02\x00\x00\x00 \x13\x04Y\x00\x00\x00\
\x00d\x82 \x0b\x00\x00\x00\x80L\x10d\x01\x00\x00\x00\
\x90\x09\x82,\x00\x00\x00\x002A\x90\x05\x00\x00\x00@\
&\x08\xb2\x00\x00\x00\x00\xc8\x04A\x16\x00\x00\x00\x00\x99\
 \xc8\x02\x00\x00\x00 \x13\x04Y\x00\x00\x00\x00d\x82\
 \x0b\x00\x00\x00\x80L\x10d\x01\x00\x00\x00\x90\x09\x82\
,\x00\x00\x00\x002A\x90\x05\x00\x00\x00@&\x08\xb2\
\x00\x00\x00\x00\xc8\x04A\x16\x00\x00\x00\x00\x99 \xc8\x02\
\x00\x00\x00 \x13\x04Y\x00\x00\x00\x00d\x82 \x0b\x00\
\x00\x00\x80L\x10d\x01\x00\x00\x00\x90\x09\x82,\x00\x00\
\x00\x002A\x90\x05\x00\x00\x00@&\x08\xb2\x00\x00\x00\
\x00\xc8\x04A\x16\x00\x00\x00\x00\x99 \xc8\x02\x00\x00\x00\
 \x13\x04Y\x00\x00\x00\x00d\x82 \x0b\x00\x00\x00\x80\
L\x10d\x01\x00\x00\x00\x90\x09\x82,\x00\x00\x00\x002\
A\x90\x05\x00\x00\x00@&\x08\xb2\x00\x00\x00\x00\xc8\x04\
A\x16\x00\x00\x00\x00\x99 \xc8\x02\x00\x00\x00 \x13\x04\
Y\x00\x00\x00\x00d\x82 \x0b\x00\x00\x00\x80L\x10d\
\x01\x00\x00\x00\x90\x09\x82,\x00\x00\x00\x002A\x90\x05\
\x00\x00\x00@&\x08\xb2\x00\x00\x00\x00\xc8\x04A\x16\x00\
\x00\x00\x00\x99 \xc8\x02\x00\x00\x00 \x13\x04Y\x00\x00\
\x00\x00d\x82 \x0b\x00\x00\x00\x80L\x10d\x01\x00\x00\
\x00\x90\x09\x82,\x00\x00\x00\x002A\x90\x05\x00\x00\x00\
@&\x08\xb2\x00\x00\x00\x00\xc8\x04A\x16\x00\x00\x00\x00\
\x99 \xc8\x02\x00\x00\x00 \x13\x04Y\x00\x00\x00\x00d\
\xc2'\xaa\xf9\xe0\x9f\xfe\xf4\xa7\xe3\x95W^q\x94\x01\
\x00\x00\x00\xa6\xb9?\xfd\xd3?\xad\xfas|\xa2\xdaO\
\xd0\xdc\xdc\xecL\x02\x00\x00\x00P6\xa5\x85\x00\x00\x00\
\x00d\x82 \x0b\x00\x00\x00\x80L\x10d\x01\x00\x00\x00\
\x90\x09\x82,\x00\x00\x00\x002A\x90\x05\x00\x00\x00@\
&\x08\xb2\x00\x00\x00\x00\xc8\x04A\x16\x00\x00\x00\x00\x99\
 \xc8\x02\x00\x00\x00 \x13\x04Y\x00\x00\x00\x00d\x82\
 \x0b\x00\x00\x00\x80L\x10d\x01\x00\x00\x00\x90\x09\x82\
,\x00\x00\x00\x002A\x90\x05\x00\x00\x00@&\x08\xb2\
\x00\x00\x00\x00\xc8\x04A\x16\x00\x00\x00\x00\x99 \xc8\x02\
\x00\x00\x00 \x13\x04Y\x00\x00\x00\x00d\xc2'>\xbe\
\xe1?\xff\xf3?\xe3\x7f\xfe\xe7\x7f\x1c\x19\x00\x00\x00\x00\
\xea\xe6\x7f\xff\xf7\x7f\xaf\xdavU\x90u\xf0\xe0AG\
\x0a\x00\x00\x00\x80\x86\xa3\xb4\x10\x00\x00\x00\x80L\x10d\
\x01\x00\x00\x00\x90\x09\x9f\xb8\xee\xba\xeb~\xfd\x7f\xff\xf7\
\x7f\xbfw(\x00\x00\x00\x00hT\x7f\xf2'\x7f\xf2\xfe\
\xff\x07\xd5\x8aI^x\x13\x8f@\x00\x00\x00\x00IE\
ND\xaeB`\x82\
\x00\x00F\xfd\
\x89\
PNG\x0d\x0a\x1a\x0a\x00\x00\x00\x0dIHDR\x00\
\x00\x02\x00\x00\x00\x02\x00\x08\x06\x00\x00\x00\xf4x\xd4\xfa\
\x00\x00\x00\x04sBIT\x08\x08\x08\x08|\x08d\x88\
\x00\x00\x00\x09pHYs\x00\x00\x0b\xd0\x00\x00\x0b\xd0\
\x01w1t\x8f\x00\x00\x00\x19tEXtSof\
tware\x00www.inksca\
pe.org\x9b\xee<\x1a\x00\x00 \x00ID\
ATx\x9c\xed\xddw\x94eU\x99\xfe\xf1oun\
\x9a\x0cM\xb6\x89\x0d4H\x10P@\xb2\x22\x8aJP\
\x04\x11\x15\xe17\x8a\xa3\xc8\x80i@G\x05utD\
q\xc6\x80\x8e\xa2c\xc4\x84\x82\x08bj\x14\x14\x90\x8c\
DEbK\xa6\x09\xddt\x8eU\xbf?\xde\xbaR\x14\
U\xe7\x86\xf3\xeep\xcey>k\xed\x85\xae\xba}\xea\
\xdd\xf7\xd6=\xfb9i\xef>\xfcL\x04v\x07\xf6\x01\
\xb6\x03\xb6\x016\x00\xa6\x00k:\xfe\x1e\x91*\x98\x03\
,\x04\x1e\x01\xfe\x0e\xdc\x01\x5c\x01\x5c\x07\xacHX\x97\
\x88\x08\x00}%\xff\xfd\x04\xe0`\xe0X\xe0U\xc0*\
\xa5+\x12\xa9\xb7\x05\xc0\xc5\xc0\xf7\x81\xdf\x01+\xd3\x96\
#\x22\xd2\x9d)\xc0\xc9\xc0C\xc0\x80\x9a\x9aZOm\
\x16\xf6=\x9a\x8c\x88H\xe6\xfa\x80\xe3\x80\xc7I\xbf\xf3\
TS\xabK{\x10x\x03\x22\x22\x11us\x09`\x1a\
v\xdar\xdf@\xb5\x884\xdd\xaf\x80\xe3\x81\xd9\xa9\x0b\
\x11\x91\xfa\xeb4\x00\x1c\x02|\x07X;\x5c)\x22\x02\
<\x0a\x1c\x03\x5c\x9e\xb8\x0e\x11\xa9\xb9\xb1\x1d\xbc\xe6D\
\xe0\xbb\xe8\x06?\x91\x18V\x03\xde\x02<\x0c\xfc%q\
-\x22Rc\xed\x02\xc0G\x80\xb3(\xff\xb4\x80\x88t\
n\x0cp(\xf0$p}\xe2ZD\xa4\xa6\x8a\x02\xc0\
\xbb\x80\xcf\xc7*DD\x9e\xa3\x0f{\xc4v\x16pK\
\xdaRD\xa4\x8eF;\xb2?\x04\xb8\x10;\x12\x11\x91\
t\x96\x01\x07b\x93\x08\x89\x88\xb8\x19)\x00\xbc\x00\xbb\
\xf6\xb8N\xe4ZDdd\x0f\x03;c\x97\x04DD\
\x5c\x0c?\xc2\xef\x03\xceE\x83\xbfHN6\x06\xceI\
]\x84\x88\xd4\xcb\xf0\x00p\x1cz\xce_$G\xaf\x03\
^\x9b\xba\x08\x11\xa9\x8f\xa1\x97\x00V\x05\xee\x05\xd6K\
T\x8b\x88\x14\xbb\x17\xd8\x16-&$\x22\x0e\x86\x9e\x01\
x'\x1a\xfcEr\xb6%6I\x90\x88Hi\xad3\
\x00\x13\x80\xfb\x81\x8d\x12\xd6\x22\x22\xed\xdd\x89-\xb7=\
\x90\xba\x10\x11\xa9\xb6\xd6\x19\x80W\xa3\xc1_\xa4\x0a\xb6\
\x05\xf6J]\x84\x88T\xdf\xb8\xc1\xff\xbe\xd5y\xbb+\
\xb1y\x04~\x8eMb2\x1bX\xee\xfc;Dr5\
\x01\xbb\x9c\xb6\x1b\xf0z\xe05\xf8\xce\xa6\xf9V\xe0J\
\xc7\xed\x89HCM\x04\x16\xe2\xb7\xb4\xe9\x15\xd8)J\
\x111\xbb\x027\xe1\xf7\x1d{\x14M\xcf-\x22\x0e\xf6\
\xc5o\xc7\xf4C\xec\xe8GD\x9ek\x0a\xf0K\xfc\xbe\
k\xdb\xc7-_D\xea\xe8?\xf0;\xf2\xd7\xe0/2\
\xbaU\x81[\xf1\xf9\xbe\xfdk\xe4\xdaE\xa4f\xc6\xe0\
s\xba~%\xb6CZ\xe6\xb0-\x91\xbaZ\x00\xbc\x03\
\x9f;\xf8g8lCD\x1a\xee\x06\xca\x1f\x8d\xfc,\
z\xd5\x22\xd5u\x19\xe5\xbfs\xbf\x8d^\xb5\x88\xd4\xca\
\x18`C\x87\xed\xfc\xdca\x1b\x22M\xe1\xf1}\xf1\xf8\
\xde\x8aH\x83\x8d\x01Vs\xd8\x8e\xd6+\x17\xe9\x9c\xc7\
\xf7\xc5\xe3{+\x22\x0d6\x0e\xbb;\xb9\xac\xd9m~\
\xbe-ZdH\x9ac&6\xb3\xe6h\x1es\xf8\x1d\
\x0a\x00\x22R\xca8\x9e\xbf\x22`/\xdaM\xf2\xb3/\
\xf0u\x87\xdf#R\x05GQ\x1c\x00<&\xc5\xf2\xf8\
\xde\x8aH\x83i'\x22\x22\x22\xd2@\x0a\x00\x22\x22\x22\
\x0d\xa4\x00 \x22\x22\xd2@\x0a\x00\x22\x22\x22\x0d\xa4\x00\
 \x22\x22\xd2@\x0a\x00\x22\x22\x22\x0d\xa4\x00 \x22\x22\
\xd2@\xe3R\x17 \x22=Y\x03\xb87u\x11\xd2V\
?\xf0nlr(\x91\xac(\x00\x88T\xd3\x18`\x8b\
\xd4EHG.\x06\x8e\x00.I]\x88\xc8P\xba\x04\
 \x22\x12\xd6D\xe0|\xe05\xa9\x0b\x11\x19J\x01@\
D$<\x85\x00\xc9\x8e\x02\x80\x88H\x1c\x0a\x01\x92\x15\
\x05\x00\x11\x91x\x14\x02$\x1b\x0a\x00\x22\x22q)\x04\
H\x16\x14\x00DD\xe2S\x08\x90\xe4\xaa\xf4\x18\xe0C\
\xc05\xa9\x8b\x90\xda\xdb\x17X/u\x11\xd2\x08\xad\x10\
\xa0G\x04%\x89*\x05\x80k\x80#S\x17!\xb5w\
)\xf0\xf2\xd4EHc(\x04H2\xba\x04 \x22\x92\
\x96.\x07H\x12\x0a\x00\x22\x22\xe9)\x04Ht\x0a\x00\
\x22\x22yP\x08\x90\xa8\x14\x00DD\xf2\xa1\x10 \xd1\
(\x00\x88\x88\xe4E!@\xa2P\x00\x10\x11\xc9\x8fB\
\x80\x04\xa7\x00 \x22\x92'\x85\x00\x09\xaaJ\xf3\x00\x88\
\xc8\xb3\xe6\x01/K]D\x03\xcd\x00\xbe\x1f\xf1\xf7M\
\x04~\x0a\x1c\x06\xcc\x8c\xf8{\xa5\x01\x14\x00D\xaai\
%pc\xea\x22$\x8a\xc9\xc0\xc5h\xb2 q\xa6K\
\x00\x22\x22\xf9\xd3\xe5\x00q\xa7\x00 \x22R\x0d\x0a\x01\
\xe2J\x01@D\xa4:\x14\x02\xc4\x8d\x02\x80\x88H\xb5\
(\x04\x88\x0b\x05\x00\x11\x91\xeaQ\x08\x90\xd2\x14\x00D\
D\xaaI!@JQ\x00\x10\x11\xa9.\x85\x00\xe9\x99\
\x02\x80\x88H\xb5)\x04HO\x14\x00DD\xaaO!\
@\xba\xa6\x00 \x22R\x0f\x0a\x01\xd2\x15\x05\x00\x11\x91\
\xb8\x1e\x07n\x0d\xb4\xed\xd6\xda\x01\xaf\x08\xb4}\xa9\x11\
\x05\x00\x11\x91\xb8\x16\x02\xfb\x13n-\x87\xd6\xda\x01:\
\x13 \x85\x14\x00DD\xe2\x9b\x83\x1d\xa5\x87\x0a\x01\xba\
\x1c m)\x00\x88\x88\xa4\xa1\x10 I)\x00\x88\x88\
\xa4\xa3\x10 \xc9\x8cK]@\x17\xf6\x05.M]\x84\
\xd4\xde\x8bR\x17 \x8d\xd3\x0a\x013\x81]\x03l\xbf\
\x15\x02\x8e\x00.\x09\xb0}\xa9\xa8*\x05\x80\xf5\x80\x97\
\xa7.BD$\x00\x85\x00\x89N\x97\x00DD\xf2\xa0\
\xcb\x01\x12\x95\x02\x80\x88H>\x14\x02$\x1a\x05\x00\x11\
\x91\xbc(\x04H\x14\x0a\x00\x22\x22\xf9Q\x08\x90\xe0\x14\
\x00DD\xf2\xa4\x10 A)\x00\x88\x88\xe4K!@\
\x82Q\x00\x10\x11\xc9\x9bB\x80\x04\xa1\x00 \x22\x92?\
\x85\x00q\xa7\x00 \x22R\x0d\x0a\x01\xe2J\x01@D\
\xa4:\x14\x02\xc4\x8d\x02\x80\x88H\xb5(\x04\x88\x0b\x05\
\x00\x11\x91\xeaQ\x08\x90\xd2\x14\x00DD\xaaI!@\
JQ\x00\x10\x11\xa9.\x85\x00\xe9\x99\x02\x80\x88H\xb5\
)\x04HO\xc6E\xfa=3\x81\xa3\x22\xfd.\x91\xd4\
\xaeN]\x804N+\x04\xcc\x04v\x0d\xb0\xfdV\x08\
8\x02\xb8$\xc0\xf6%\x91\x01\x87\xb6V\xf4\xaaE\xaa\
k\x0b\xca\x7f\xe7\x9e\x8e^\xb5\x80\x0d\xaee?\xbb{\
\x03\xd6\xb7\x16p\x83C\x8d\xa3\xb5%\xe8L@m\xe8\
\x12\x80\x88H}\xe8r\x80tL\x01@D\xa4^\x14\
\x02\xa4#\x0a\x00\x22\x22\xf5\xa3\x10 m)\x00\x88\x88\
\xd4\x93B\x80\x14R\x00\x10\x11\xa9/\x85\x00\x19\x95\x02\
\x80\x88H\xbd)\x04\xc8\x88b\xcd\x03\x10\xda\x14`u\
`\xb2\xc3\xb6\x06\x80\xb9\xc03@\xbf\xc3\xf6BX\x03\
\xeb\xefx\x87m-\x03\xe6\x0d\xb6\x1c\x8d\xc5\xfa\xea\xf5\
\xa8\xe9\x22\xac\xaf\x8b\x9c\xb6'R\x05\x9a'@FT\
\xc5y\x00\xa6\x03\xa7\x01\xbf\x06\x1e)Y\xfbhm1\
\xf0\x17\xe0+\xc0!\xf8\x0c\xb6\xbd\xe8\x03\xf6\x05\xce\xc4\
&\x98\x99K\x98\xfe>\x05\x5c\x01|\x12xI\x94\x9e\
\x8dl\x12\xf0\x06\xe0\x1c\xe06\xec\xb9\xe3\x10\xfd}\x00\
\xb8\x18x\x1f0-J\xcf\x9e\xa5y\x00\xaa+\xf7y\
\x00\xda\xd1<\x01\xf2\x1c\x1e\x1fz\xac\x00\xf0j\xe0\x8f\
N5w\xdbf\x03\x1f\x07\xd6\x0e\xdeK3\x098\x11\
\xb8'`\x9f\x8a\xda\x1d\xc0q\xc4\x0b>\x1b\x00\x9f\xc3\
\x8eTb\xf7u%\xf0[`\xbf\xe0\xbd4\x0a\x00\xd5\
U\xf5\x00\x00\x0a\x012\x84\xc7\x07\x1e:\x00l\x0d\xfc\
\xde\xa9\xd6\xb2\xed)\xe0\x04\xec\xc8<\x94\x83\xb1\x9dD\
\xea\xbe\x0e\x00\xb7\x03\xfb\x04\xec\xebX\xe0\x03\xc0\xfc\x0c\
\xfa:\x00\x5c\x08\xbc `\x7fA\x01\xa0\xca\xea\x10\x00\
@!@\x06y|\xd8!\x03\xc0\x9b\xc9gp\x18\xda\
.\x02\xd6t\xee\xeb8\xe0\x0b\xd8\xbd\x07\xa9\xfb7\xb4\
\xad\x00\xce\xc0?\xf4l\x00\x5c\x96A\xff\x86\xb7\xa7\x80\
\xd7:\xf7u(\x05\x80\xea\xaaK\x00\x00\x85\x00\xc1\xe7\
\x83\x0e\x15\x00>D~\x83\xe1\xd0v\x1b\xb0\x91S_\
'c\xd7\xa4S\xf7\xa9\xa8\x9d\x8b\xdf%\x81-\xc9\xe7\
,\xc7Hm\x05\xf0\xafN}\x1dN\x01\xa0\xba\xea\x14\
\x00@!\xa0\xf1<>\xe4\x10\x01\xe0$\xa7\xdaB\xb7\
\xbb\x80\xf5J\xf6u,pA\x06}\xe9\xa4\xfd\x90\xf2\
\x8f\x8fn\x0c\xdc\x9fA_\xda\xb5~\xe0_J\xf6u\
$\x0a\x00\xd5U\xb7\x00\x00\x0a\x01\x8d\xe6\xf1\x01{\x07\
\x80C\xc8\xfb\xc8\x7fx\xfb=6\x88\xf7\xea\x7f2\xe8\
C7\xed#%\xfa:\x91\xb0;\x1b\xef\xb6\x1c\xd8\xbb\
D\x7fG\xa2\x00P]u\x0c\x00\xa0\x10\xd0X\x1e\x1f\
\xaeg\x00X\x1fx\xd2\xa9\xae\x98\xedC=\xf6\xf7`\
\xaa\x15v\x06\xb0\xd3\xe3{\xf6\xd8\xdf\xb32\xa8\xbf\xdb\
\xf6 6\x17\x81\x17\x05\x80\xea\xaak\x00\x00\x85\x80F\
\xf2\xf8`=\x03\xc0\xf7\x9cj\x8a\xdd\x16\x01\x9bu\xd9\
\xd7I\xe4}\x1d\xbc\xa8\xfd\x85\xee\xcfz\xec\x88\x1dQ\
\xa7\xae\xbd\x97\xf6\xdf]\xf6\xb5\x88\x02@u\xd59\x00\
\x80B@\xe3x|\xa8^\x01`[\xec\x99\xec\xd4;\
\xfb^\xdb7\xba\xec\xef\x89\x19\xd4\x5c\xa6\xbd\xb1\xcb\xfe\
\xfe<\x83\x9a{mK\xb0{\x17<(\x00TW\xdd\
\x03\x00(\x044\x8a\xc7\x07\xea\x15\x00\xceq\xaa'U\
[J\xe77\x04\xf6\x91n\x92\x1f\xafv}\x87}\x05\
\xd8\x8aj\x87\xbb\x01\xe0\xbf\xba\xe8o\x11\x05\x80\xeaj\
B\x00\x00\x85\x80F\xc8i1\xa0\xc9\xc0Q\xa9\x8b(\
i\x02pt\x87\xaf\xdd\x1b{\x14\xae\xcav\x03\xb6\xeb\
\xf0\xb5o%\xaf\xbf\xb7^\xbc\x85\xea\xf7A\xa4\x13Z\
@\xa8\x01r\xda\x99\xed\x83-rSu\x9d\xfeA\x87\
\x9ch&\xa6&\xf5w\x13`\xa7\xd4E\x88D\xa2\x10\
Ps\xb9\x05\x80:\xd8\x8b\xcen\x8e\xabK\x7f\xf7\xed\
\xe05\xab\x03;\x87.$\x92\xfdR\x17 \x12\x91B\
@\x8d\xe5\x14\x00:=\x95\x9c\xbb)t\xb6\xba\xdc\x8c\
\xd0\x85D\xd2\xc9\xe7\xb6\x0dy\xfd\xad\x95Q\x97\xcfM\
\xa4S\x0a\x015\x95\xd3N9\xf6\x92\xac!m\xd6\xe6\
\xe7k\xe0\xbf\x8e@*\xd3h\xbfF@\x9d>\xdbM\
S\x17 \x92\x80B@\x0d\x8dK]\xc0\x10\xab9l\
c\x1ev\xa7y\x19\xabR~\xbe\xfbv\x93\xc6x\xf4\
u\x00\x98\xeb\xb0\x9d\xb2Op\x8c\x03V\x01\x16\x16\xbc\
\xc6\xa3\xbf\xcb\xda\xfc\x8eN\x8c\xc7>\xdf2<'\x04\
\x12\xa9\x92V\x08\x98\x89=\x0d\xe1\xad\x15\x02\x8e\x00.\
\x09\xb0}\x19&\xa7\x00\xe0\xb1\xc8\xcc\xcb(\x9fPg\
\x02\x07\x96\xdc\xc6\x84\x92?\xef\xc4\x5c`m\x87\xed\x0c\
8lc\x02\xc5\x83\xb3G\x7f\x7fA\xf9\xa7D\x0e\xc4\
>\xdf2<\xfa\x22RU\x0a\x015\x92\xd3%\x00\x11\
\x11\xc9\x9f.\x07\xd4\x84\x02\x80\x88\x88tK!\xa0\x06\
\x14\x00DD\xa4\x17\x0a\x01\x15\xa7\x00 \x22\x22\xbdR\
\x08\xa80\x05\x00\x11\x11)C!\xa0\xa2\x14\x00DD\
\xa4\xac\x18!\xe0\xa7\x94\x7fBK\x86P\x00\x10\x11\x11\
\x0f\xa1C\xc0d\xe0\x22\x14\x02\xdc(\x00\x88\x88\x88\x17\
\x85\x80\x0aQ\x00\x10\x11\x11O\x0a\x01\x15\xa1\x00 \x22\
\x22\xde\x14\x02*@\x01@DDBP\x08\xc8\x9c\x02\
\x80\x88\x88\x84\xa2\x10\x901\x05\x00\x11\x11\x09I! \
S\x0a\x00\x22\x22\x12\x9aB@\x86\x14\x00DD$\x06\
\x85\x80\xcc(\x00\x88\x88H,\x0a\x01\x19\x19\x97\xba\x80\
!\x969l\xe3\x06\x87mxX\xda\xe6\xe7\x1e}]\
\x0b\x18p\xd8\x8e\x87\x18\xfd=\x92<\xfa\xdb\xae\xaf\x22\
R\xac\x15\x02f\x02\xbb\x06\xd8~+\x04\x1c\x0a\x5c\x1a\
`\xfb\xb5\x91\xd3\x19\x80y\xa9\x0bp\xf4L\x9b\x9f\xd7\
\xa9\xaf\xcb\x81Em^S\xa7\xfe\xd6\xa9/\x22\xa9\xcc\
\x01\x0e\x06n\x0d\xb4}\x9d\x09\xe8@N\x01\xe0\x1f\xa9\
\x0bpt\x7f\x9b\x9f\xcf\x03\x9e\x8eQH\x04\xb3\x9c^\
S\x15\xed>[\x11\xe9\xcc\x13\xd8\x00\xad\x10\x90HN\
\x01\xe0\x8e\xd4\x058\x99\x07<\xd4\xc1\xeb\xea\xd2\xdfN\
\xfa\xf1w`E\xe8B\x22\xf9k\xea\x02DjD!\
 \xa1\x9c\x02\xc0\x1fS\x17\xe0\xe4O@\x7f\x87\xaf\xab\
\x83N>\xb7\x85\x84\xbb\xe9'\xb6\xcbS\x17 R3\
\x0a\x01\x89\xe4\x14\x00\xfe\x0c<\x99\xba\x08\x07\x17w\xf8\
\xba\x8b\x82V\x11\xc7\x00\xcd\xea\xef}\xd4\xe7\xcc\x8dH\
N\x14\x02\x12\xc8)\x00,\x03~\x98\xba\x88\x92\x16\x03\
?\xed\xf0\xb5\xd7Q\xfd\xd3\xc9W\x01\xf7v\xf8\xda\xef\
S\xfd\xcb\x00\xdf#\x8f'\x11D\xeaH! \x81\x01\
\x87\xb6\x96S-\x9bcw\x95{\xd4\x94\xa2}\xa1\xcb\
\xfe\x1e\x9fA\xcde\xda!]\xf6\xf7\x07\x19\xd4\xdck\
[\x00L\xed\xb2\xbf\xa3\xd9\xc2\xa1\x9e\xba\xdcDZ5\
\xbbR\xfe\xb3\xeb447\xd5T\xe0\x16\xc2}\x97\x17\
\xa1\x10\x00@\x1f\xf6\x86\x94\xb56\xf6X\x87\x87\xaf\x00\
\xefv\xdaVL\xcf\x00\xdb\x02\x8fu\xf1o\xc6\x03\x7f\
\x01\xb6\x0fRQXW\x01\xfb\xd0\xdd\xdf\xcft\xe06\
`b\x90\x8a\xc2\xfa\x04p\xba\xd3\xb6\xb6\xa0\xfc 0\
\x07\xfb\xdeI\x5c\xbbR~\xbe\x91\xa7\x81\xcf:\xd4R\
gS\x81\xf7\x12\xee,\xf5b4O\x00\xe0\x93\xa8\xbc\
\xce\x000\xb8\xad\x87\x9d\xea\x8a\xd9N\xec\xb1\xbf\xfb`\
\xa7\xc6S\xd7\xdfM[\x02\xec\xd8c\x7f?\x96A\xfd\
\xdd\xb6\xbb\xb0\xd3\x87^t\x06\xa0\xba<\xce\x00\xa8\xe5\
\xd1t&\x00\x9f7\xd23\x00\x00\xecG\xb5.\x05\xfc\
\x1c;\x9b\xd2\xab\xd33\xe8C7\xed=%\xfa:\x16\
\xbb\x93>u\x1f:m\x8b\x81\x9dK\xf4w$\x0a\x00\
\xd5\xa5\x00P\xaf\xd6\xf8\x10\xe0\xf1&z\x07\x00\x80\xb7\
b\x8f\xd3\xa5\xfe\x03i\xd7\xae\x07V-\xd9\xd7>\xe0\
\xdb\x19\xf4\xa5\x93\xf6\xd5\x92}\x05X\x07\xbb\x012u\
_\xda\xb5\x95\xc0\x1b\x1c\xfa;\x9c\x02@u)\x00\xd4\
\xaf5:\x04x\xbc\x81!\x02\x00\xc0;\xc9\xfb\xf4\xf8\
\x9f\xb1\xc1\xcc\xc3x\xecN\xf9\xd4}*j_\xc6\xef\
\x9a\xdcF\xd8\xdd\xbe\xa9\xfb4Z[\x0a\x1c\xed\xd4\xd7\
\xe1\x14\x00\xaaK\x01\xa0\x9e\xad\xb1!\xc0\xe3\xcd\x0b\x15\
\x00\x00^\x8d\xcd\x0f\x90\xfa\x0fdx\xfb6\xb0\x8as\
_\xfb\x80\x8f\x90_\xe8YB\xb9\xd3\xfe\xa3Y\x13\xb8\
 \x83\xfe\x0do\x0fa\xf7f\x84\xa2\x00P]\x0a\x00\
\xf5m\x8b\x80\x194\x8c\xc7\x1b\x172\x00\x80\x1d-\xfe\
\xc4\xa9\xd6\xb2\xedA\xe0\x88\xb0\xddeO\xec\xe9\x80\xd4\
}\x1d\x00\xae\xa4\xf7\x1b\xfe:\xd1\x87=\x0e9;\x83\
\xbe\xf6\x03\xdf\xc4\xef\xac\xceh\x14\x00\xaaK\x01\xa0\xde\
\xadqg\x01<\xde\xb4\xd0\x01\xa0ew\xec\x86\xbb\x14\
7\x08\xde\x0b\xfc\x1b\xbew\x83\x17\x19\x83\x9d\x82\xbe>\
`\x9fFk\xfd\xc0\x15\xd8s\xfeenn\xec\xc6\xea\
\xc0iX\xc0\x8a\xdd\xdf%\xd8$T!\x83\xceP\x0a\
\x00\xd5\xa5\x00P\xef\xd6\xa8\x00\x90\xe3<\x00\x9dX\x0f\
{\x86\xf3\x00l\xa7=\x1d\xffg\xcb\x1f\x01\xee\xc4\x8e\
\x80\x7f\x0b\x5c\x8d\xcf{\xd5\x8b\xed\x80\xd7`OG\xcc\
\x006\xc3\xf7\xf9\xd8\x15\xd8\x8a}w`w\xe8_L\
\xba\xc9J\xc6`\xfd<\x08;\x132\x03\xfb\xbc=-\
\xc6\x1e\xed\xbb\x05\xf8=\xd6\xdf\x98\x7f\xbf\x9a\x07\xa0\xba\
<\xe6\x01\x90|\xbd\x82\x06\xcd\x0dP\xd5\x000\x92\x89\
\xf8\x5c\x93\xef\xc7&\xf5\xc9\xdd\xaa\xd8\x8d\x83e-\xc5\
\xae}\xe5nM|\xceF,\xc4\xa6\x9dNI\x01\xa0\
\xba\x14\x00\xea\xadQ\x01`\x5c\xea\x02\x1c-\x1dlM\
\xb1 u\x01\x91\xcdM]\x80\x88H\x9d\xe4\xb4\x18\x90\
\x88\x88\x88D\xa2\x00 \x22\x22\xd2@\x0a\x00\x22\x22\x22\
\x0d\xa4\x00 \x22\x22\xd2@\x0a\x00\x22\x22\x22\x0d\xa4\x00\
 \x22\x22\xd2@U\x7f\x0cp\x026\x09\xd0V\xd8L\
r\x1e\xb3\xf4\xb5\xe6\x01x\x0c\xf8\x1b\xb6\x0eA.V\
\x07\xb6\x01\xa6\x0d\xfeo\x8fy\x00\x96\x01\xf3\xb0\x89\x80\
\xfe\x8e='\x9f\x8b\xf5\xb1\x89\x80\xa6\xe27\xdb\xe4B\
\xac\xbfwa\xcf\xe2\xafp\xda\xae4\xc3\x13\xc09\xa9\
\x8b\x90\x11\xbd\x1eX7u\x11U\xe31}b\xac\xa9\
\x80\x19\xfc]\xef\x02fb\x13\xd8\x84\x9e\x1a\xf2N\xe0\
\x8b\xc0\x8bctn\x04[\x01\x1f\x07n\xc4\x96\xa7\x0d\
\xd9\xd7\xe5\xd8\x8c\x87\x1f\x06^\x10\xa3s\xc3\xf4\x01{\
\x03_\x03\xee\xeb\xa0\xde\xb2m>\xf0+\xe08`\xb5\
\xf0\xdd\xfb'M\x05,\xe2\xef\x064\x15p\xd7\xaa\x12\
\x00\xd6\x05\xfe\x1b\x9b\x00'\xf4\xc00Z\xbb\x8ax\x7f\
 ;b+\xe5\x85\x1e\xf4Gk+\x80s\xb13,\
1\x1c\x0e\xdc\x14\xb8OEm\x0e\xf0I\xec\xccJh\
\x0a\x00\x22\xfe\x14\x00z\xe0\xb1\xf3\x0c\x1d\x00\x8e\x05\x9e\
r\xaa\xd5\xa3\x9dG\xb8SM\x13\x81\xb3H\xb3\xe0\xd1\
Hm\x09\xf01`l\xa0\xfen\x0c\xfc&\x83~\xb6\
\xda#X\x18\x09I\x01@\xc4\x9f\x02@\x0f<v\x9a\
\xa1\x02\xc0\x04\xe0[N5z\xb7\x07\x81\xdd\x9c\xfb\xbb\
1>\x7f\xc4!\xda\xe5\xf8/\x93{\x00vM5u\
\xdf\x86\xb7~\xeclS\xa8\x9bd\x15\x00D\xfc)\x00\
\xf4\xc0c\x87\x19\x22\x00L\x02~\xedT_\xa86\x1f\
\x1b\xc4<l\x89\xdd\x88\x97\xbaOE\xed\xaf\xc0FN\
\xfd=\x0c;\xbb\x90\xbaOE\xed'\x84\xb9QV\x01\
@\xc4\x9f\x02@\x0f<v\x94\xde\x01`\x0c\xf0s\xa7\
\xdaB\xb7y\xd8\x0aael\x80\xdd\x91\x9e\xba/\x9d\
\xb4[\xb1\x95\xf9\xca8\x80\xfc\x07\xffV\xfb\xbf\x92}\
\x1d\x89\x02\x80\x88?\x05\x80\x1ex\xec$\xbd\x03\xc0\xe9\
Nu\xc5j\x0f\xd0\xfb\xe9\xf11\xd8\xf2\x93\xa9\xfb\xd0\
M\xbb\x98\xde\x97\xe6\xdd\x98<O\xfb\x17\xb5\x13{\xec\
\xebh\x14\x00D\xfc)\x00\xf4\xc0c\x07\xe9\x19\x00v\
\xc5\xee@O\xbd\xd3\xef\xb6\x9d\xdbc\x7f?\x90A\xed\
\xbd\xb4\xe3{\xecoN7\xfcu\xda\x16\xe3\xfb4\x84\
\x02\x80\x88?\x05\x80\x1ex\xec =\x03\xc0\xd5N5\
\xc5n\xfd\xc0>]\xf6uC\xec>\x82\xd4\xb5\xf7\xd2\
f\xd3\xfd#s\x87gPw\xaf\xed\x97]\xf6\xb5\x88\
\x02\x80\x88?\x05\x80.\xe56\x15\xf0\xab\x80=R\x17\
\xd1\xa3>\xecq\xb9n\xbc\x0fX5@-1L\x05\
\xde\xdd\xe5\xbf\xf9H\x88B\x22y\x0d\xe9&\x83\x12\x11\
q\x97[\x00xO\xea\x02J:\x10xa\x87\xaf\x9d\
\x04\xbc=`-1\xbc\x87\xce\xe7\x07\xd8\x87\xf27K\
\xa6V\xf5\xbfO\x11\x91\x7f\xca)\x00L\x05^\x99\xba\
\x08\x07Gw\xf8\xba\xd7R\xfen\xfa\xd46\x06\xf6\xed\
\xf0\xb5o\x0eYH$\xaf\xc7g\xbd\x09\x11\x91\xe4r\
\x0a\x00/\xa3\xfa\x8b\x13\x01\x1c\xd4\xe1\xeb\xea\x10v\x00\
^\xd1\xe1\xeb\xea\xd0\xdfU\x81\x97\xa6.BD\xc4C\
N\x01`\xcf\xd4\x058\xd9\x05;\xbd\xdfNU\xefu\
\x18\xae\x93\x01q\x03`\xb3\xc0u\xc4\xa2\x00 \x22\xb5\
\x90S\x00\xd8&u\x01N\xc6\xd2\xfe\x91\xb1N^S\
\x15\xdbv\xf0\x9a\xba|\xb6P\xaf\xbe\x88H\x83\xe5\x14\
\x006H]\x80\xa3\xf5\xdb\xfc|-l\xd1\x9f:X\
\x8f\xf6\x7fG\x1b\xc6($\x92:\xfd\x9d\x8aH\x83\xe5\
t\xcd}\x8a\xc36.\xc5\x96u-c_\xda\x0f\xe0\
\xed\xb4{>\xde\xa3\xaf\xcb\x80_8l\xe7\xc8\x92\xff\
\xbe\x0f\xbb6>\xaf\xe05\x1e\xfd}\x08\x9b#\xa2\x8c\
\xf5\xe9\xfc\xa6\xc5\xd1\xacV\xf2\xdf\x8b\x88d!\xa7\x00\
\xe0\xb1\xdc\xeci\xc0\x8d%\xb71\x93\xf2\x01\xa0]_\
<\xfa\xba\x108\xcaa;\x03\x0e\xdb\x88\xd1\xdf\xab)\
\xdf\xdf\x03\xb1\xcf\xb7\x8cP\xcb\x22\x8b\x88D\x95\xd3%\
\x00\x11\x11\x11\x89D\x01@DD\xa4\x81\x14\x00DD\
D\x1aH\x01@DD\xa4\x81\x14\x00DDD\x1aH\
\x01@DD\xa4\x81\x14\x00DDD\x1a(\xa7y\x00\
D\xa4\x9a.\xa3\xfd\xe4W\xed\x1c\x0a<\x5cr\x1b\xe7\
\x023JnC\xfc]\x00|*u\x11\xf2|\x0a\x00\
\x22R\xd6\xce\x94_\xda\xdacj\xec\x19\xd8b\x5c\x92\
\x97\xb2\x93\xb3I \xba\x04 \x22\x22\xd2@\x0a\x00\x22\
\x22\x22\x0d\xa4\x00 \x22\x22\xd2@\x0a\x00\x22\x22\x22\x0d\
\xa4\x00 \x22\x22\xd2@\x0a\x00\x22\x22\x22\x0dT\xb7\xc7\
\x00_\x02\xacUr\x1bk;\xd41P\xf2\xe7\x9d\x18\
\x8f\xado_\x05\x1e\xfd]\x9f\xf2\xfd\xd5#b\x22\x22\
\x83r\x0a\x00\x8b\x1d\xb6\xf1U\x87mxX\xd4\xe6\xe7\
\x1e}]\x15\x98\xe9\xb0\x1d\x0f\x0b\xdb\xfc\xdc\xa3\xbf\xfb\
\x92G\x7f\xdb\xf5UD\xa4\x12r\xba\x040'u\x01\
\x8e\xda\xf5\xe5\x19|\x8e\x8as\xb0\x10X\xd6\xe65s\
c\x14\x12I\x9d\xfeNE\xa4\xc1r\x0a\x00\xf7\xa6.\
\xc0\xd1\xddm~\xbe\x18x$F!\x11\xdc\xe3\xf4\x9a\
\xaa\xa8S_D\xa4\xc1r\x0a\x00\x7fI]\x80\x93\x87\
\x81';x]]\xfa{s\x07\xaf\xb9\x07X\x10\xba\
\x90H:\xe9\xaf\x88H\xf6r\x0a\x00\x97\xa5.\xc0\xc9\
\x1f:|]\x93\xfa\xbb\x02\xf8S\xe8B\x22\x18\xa0>\
\x9f\x9b\x884\x5cN\x01\xe0V\xe0\xce\xd4E8\xf8i\
\x87\xaf;\x1f\xe8\x0fYH\x04\xcb\x80K:|\xed\xcf\
B\x16\x12\xc9\xd5\x94_\xb1ND$\x0b9\x05\x00\x80\
o\xa5.\xa0\xa4G\x80\xdft\xf8\xda\x7f\x90\xc7]\xed\
e\x9c\x0f<\xd5\xe1k\x7fF\xf5o\x06\xfc\xbf\xd4\x05\
\x88\x88x\xc9-\x00|\x0dx:u\x11%|\x0eX\
\xde\xc5\xeb?\x13\xaa\x90\x08\xfa\xe9\xae\xfe\xf9\xc0\xd9\x81\
j\x89\xe1\x01l\xbdy\x11\x91Z\xc8i\x1e\x00\xb0A\
\xe2\x0c\xe0K\x89\xeb\xe8\xc5=X\x80\xe9\xc6\xe5\xc0/\
\x80\xc3\xdc\xab\x09\xef\xdb\xd8e\x9bn|\x168\x1e\xd8\
\xd8\xbf\x9c\xe0N\xa5\xfd\xe3\x8eMu861U\x19\
\x8f:\xd4\xf1.`u\x87\xed\x88\xaf\x87R\x17 \xa3\
\x1bpheg\xdf\x1bj,p\xa5S]\xb1\xda\x0a\
`\xbf\x1e\xfb\xfb\x02\xec4z\xea>t\xd3\x1e\x02\xd6\
\xed\xb1\xbf\x87cg\x0fR\xf7\xa1\x9bvq\x8f}\x1d\
\xcd\x16\x0e5U\xf9L\x99H\x087P\xfe{U\x95\
\xd9U\xddx\xec =\x03\x00\xd8\xa0\xf8\x98Sm1\
\xda\x87K\xf6\xf7\xb5X\x88H\xdd\x8fN\xdaR`\xef\
\x92\xfd\xfd\xef\x0c\xfa\xd1i\xbb\x0fX\xa7d\x7f\x87S\
\x00\x10\xf1\xa7\x00\xd0\x03\x8f\x9d\xa4w\x00\x00\x9b\xb7\xbd\
5c^\xce\xad\xdb\xd3\xfe\xa3\xf9W\xf2?2^\x01\
\x1c\xed\xd0\xd71\xc0O2\xe8O\xbb6\x1b\xd8\xc6\xa1\
\xbf\xc3)\x00\x88\xf8S\x00\xe8\x81\xc7\x8e2D\x00\x00\
x\x11vm0\xf5@0Z;\x0b\xe8s\xec\xef\xf1\
\xd8M\x84\xa9\xfb5R[\x0c\xbc\xde\xb1\xaf\xe3\xb0\xbb\
\xeaS\xf7k\xb4v\x1fa\x06\x7fP\x00\x10\x09A\x01\
\xa0\x07\x1e;\xcbP\x01\x00\xec\x86\xb1?:\xd5\xe9\xd5\
\xe6\x01o\x0e\xd4\xdf\xbd\x81\x073\xe8\xe3\xd0v\x17\xb0\
s\xa0\xfe\x9e\x88\x85\x8b\xd4}\x1c\xda.\xc6\xff\xb4\xff\
P\x0a\x00\x22\xfe\x14\x00z\xe0\xb1\xc3\x0c\x19\x00\xc0N\
\x19\x9f\x00<\xeeTo\xaf\xad\x1f\xf81\xb0I\xd8\xee\
\xb2:v\x9d|I\xc2\xbe\x0e`\xd3\xf7~\x1c\x98\x1c\
\xb6\xbbL\x07~\x99\xb8\xaf\x03\xd8\xa3~o\x0a\xdcW\
P\x00\x10\x09A\x01\xa0\x07\x1e;\xce\xd0\x01\xa0e\x15\
\xec\x88\xf1F\xa7\xba;ms\x80s\x80\x17\x86\xef\xe2\
sl\x0c\xfc\x17\xf1\xcf\x08\xdc\x0b\x9c\x0eL\x0d\xdf\xc5\
\xe7x1\xf0]\xecq\xd0X}\xed\x07\xae\x02\xfe\x05\
\x98\x10\xbe\x8b\x80\x02\x80H\x08\x0a\x00]\xea\xc3:]\
\xd6\xda\xc4_&u3\xe0\x00`G\xec\x08ru,\
 \x94\xd5\x8f\xdd|\xf8\x0865\xf1U\xc05\xa4}\
\x06|\x0cv\x0a~_`;`S\xac\xbfe\x9f\xbd\
\x06\xeb\xd73\xc0,\xe0\x0eln\x82;\xf0\xf9\xbb\xe8\
\xd5d\xe0\xa5\xc0\x9e\xc0\x0c`=`M|\xee\xb7X\
\x88\xf5\xf7.\xe0\x16l-\x83\xd8\xd3\xfbnA\xf9\xd5\
/\xe7`\xdf;\x1117\x00\xbb\x96\xdc\xc6+\x80K\
\x1dj\xa9\x0c\x8f\xa3\xa8Xg\x00D\xea@g\x00D\
\xfc\xe9\x0c@\x97r\x9b\x0aXDDD\x22P\x00\x10\
\x11\x11i \x05\x00\x11\x11\x91\x06R\x00\x10\x11\x11i\
 \x05\x00\x11\x11\x91\x06R\x00\x10\x11\x11i \x05\x00\
\x11\x11\x91\x06\x1a\x97\xba\x80\x12&\x03{\x00;\x01[\
\x02k\x00\x93\x1c\xb6;\x00\xcc\xc5\xa6\x1d\xfe\x1b6\x11\
\xd0\x03\x0e\xdb-k]l\x9d\x80\xed\x80i\xd8D@\
\x1e\x9f\xdfrlb\x9c\x7f`\x13\x00]\x89\xf5?\xb5\
\xad\xb0\xcfw\x066#\xe1\x9aN\xdb]\x84\xad\xe5\xd0\
\x9a\x08\xe8Z\xd2N\xf2T\x07\xdf\x06V-\xb9\x8d\x13\
\xb1\xd5\x17\xcb\xf8\x0c\xb6/\x90\xbc\xcc\xc4fR\x95\x0c\
Ui\x22\xa0>\xe0\xd5\xc0\x05\xc4]@\xe6\xaf\xc0\x87\
\x88?5\xee*\xc0;\x81?\x13o\xa9\xe0\x15\xc0e\
\xc0\xb1\xc4\x9b\x1a\xb7ecl\xed\x81{{\xac\xbd\x97\
\xb6\x10\xf8\x01\xf0\xb2\x08\xfdk\xa9\xdbD@s(\xdf\
\x9f-\x1c\xea\x88=E\xb8Zg-\xd6\xe0\xaf\x89\x80\
z\xe0\xf1\x01\xc7\x08\x00\xaf\x04nu\xaa\xb7\xd7\xb6\x10\
8\x93\xf2G;\xed\x8c\x03N&\xfd\xe2G\x0f\x02\xff\
\x0f\xdf%\x8fG\xb26\xf0\x15\xd2/~t\x0d\xb0W\
\xe0\xbe\x82\x02\xc0HM\x01\xa0\xbeM\x01 c\x1e\x1f\
p\xc8\x00\xb0\x1a\xf0}\xa7:\xbd\xda\x83\xc0~\x81\xfa\
\xbb5\xf9\xed\xc8\xfe\x08\xbc P\x7f\x0f\xc1N\xfd\xa6\
\xeec\xab\xf5\x03g\xe3s9i4\x0a\x00\xcfo\x0a\
\x00\xf5m\x0a\x00\x99\xca\xfd&\xc0M\xb1k\xb4oI\
]\xc80\x9b\x00\xbf\x07Nr\xde\xee+\xb1?\xe2]\
\x9c\xb7[\xd6\xbe\xc0M\xd8\xe2<\x9e>\x06\xfc\x82\xf8\
\x97V\x8a\xf4a\xd7\xa3\xaf\xc0\x16!\x12\x11\xa9\xa5\x9c\
\x03\xc0\xe6\xd8\x0di3R\x172\x8a\xb1\xc0\x97\x80\x0f\
;m\xefP\xe0\x22\xec\x8cG\x8e\xd6\xc5V\xc9\xda\xdf\
i{ga\xd7\xfbC_^\xe8\xd5n\xd8\xdf\xdf\x06\
\xa9\x0b\x11\x11\x09!\xd7\x00\xb06\xf0[\xecH;w\
\x9f\x02\x8e/\xb9\x8d\x97\x02?&\xfeMw\xddZ\x05\
\xb8\x10xa\xc9\xed|\x10x\x7f\xf9r\x82\x9b\x0e\xfc\
\x0a\x9fe\xa6ED\xb2\x92c\x00\xe8\xc3\x1e+\x9a\x9e\
\xba\x90.|\x15{\x1c\xb1\x17\xeb`\x83\xffd\xbfr\
\x82Z\x03\xf8)0\xa5\xc7\x7f\xbf/\xf0i\xbfr\x82\
{\x11vO\x80\x88H\xad\xe4\x18\x00\x8e\xc1N\x87W\
\xc9$\xe0\xff\xb0\xcb\x02\xdd\xfa\x1c\xe1n\xb0\x0be[\
\xe0\xf4\x1e\xfe\xddD\xec\x86\xa0\xaa\xcd?q<\xf6\xf8\
\xa9\x88Hm\xe4\x16\x00&\x01\x9fM]D\x8fv\xc5\
\x9e\x9d\xef\xc6.\xc0q\xfe\xa5Dq\x0a\xdd\xdf\xb9\xfd\
o\xc06\x01j\x89\xe1,\xf2\xfb\xbe\x88\x88\xf4,\xb7\
\x1d\xda\xdb\x80\x8dR\x17Q\xc2\x87\xe8\xee==\x8d|\
o\x82kg<\xf0\xef]\xbc~\x22\xf0\xbe@\xb5\xc4\
0\x03x}\xea\x22DD\xbc\xe4\x16\x00\xde\x99\xba\x80\
\x92\xa6\xd3\xf9]\xf2\xeb\x01\x87\x87+%\x8a\xb7\xd0\xf9\
\xa4H\x87Q\xfd;\xea\xdf\x91\xba\x00\x11\x11/9\x05\
\x80\xe9\xd8\x0dWU\xf7\xc6\x0e_w\x04v\x14]e\
S\x80\x83;|m\xa7\xefK\xce^\x8e=\x0e)\x22\
Ry9\x05\x80\x97\xa7.\xc0I\xa7\xfdhR\x7f\xc7\
\xe07\x7f@Jc\x81\x03R\x17!\x22\xe2!\xa7\x00\
\xb0k\xea\x02\x9clIg+\xd7\xd5\xa5\xbf\x9d\xf4c\
sln\x87:\xc8m\x96F\x11\x91\x9e\xe4\x14\x00\xaa\
\xf4\xdc\x7f;\xed\xfa2\x11[\xd2\xb7\x0e\xb6\xee\xe05\
u\xfal;\xe9\xaf\x88H\xf6r\x0a\x00u9B\x04\
\x9b\xdc\xa7\xc8\x9a\xe4\xf5\xde\x97\xb1:\xed\xefeh\xf7\
~TI\x9d\xfeNE\xa4\xc1r\x9a\x90\xc5c\xba\xd5\
O\x01\x0f\x94\xdc\xc6)\x94_\x7f\xa0\xdd\x9d\xf1\x1e}\
]\x04\xbc\xd7a;_w\xd8\xc6\x14`n\xc1\xcf=\
\xfa{#\xe5W\x15\x9b\x81}\xbee\x84^\x0a\xba\x8a\
N\xc1\xcej\x95\xf1\x84C\x1d\xffI^\x0bK\x89\xf9\
[\xea\x02dt\x1e\xcb=z,\x07|\xafC\x1d\x1e\
\xd7\xd5g:\xd4qd\x9b\xdf\x91\xd3r\xb01>\xff\
\x13\x1c~\xc7y\x0e}=\xd0\xa1\x8e\x1b\x1c\xea\xc8\xe9\
\xf3\x17\xa9\x0b-\x07\xdc\xa5\xba\x9c\x86\x16\x11\x11\x91.\
(\x00\x88\x88\x884\x90\x02\x80\x88\x88H\x03)\x00\x88\
\x88\x884\x90\x02\x80\x88\x88H\x03)\x00\x88\x88\x884\
\x90\x02\x80\x88\x88H\x03)\x00\x88\x88\x884\x90\x02\x80\
\x88\x88H\x03)\x00\x88\x88\x884\x90\x02\x80\x88\x88H\
\x03)\x00\x88\x88\x884\x90\x02\x80\x88\x88H\x03)\x00\
\x88\x88\x884\x90\x02\x80\x88\x88H\x03\x8dK]\xc0\x10\
\xfd\x0e\xdb8\x09x\xac\xe46\xb6r\xa8\xa3]_<\
\xfa:\x19\xf8\x8c\xc3v<\xc4\xe8\xef\x0e\x94\xef\xeff\
\x0eux\xf4\xa5nN\x07V)\xb9\x8d3\x81\xa7K\
n\xe3$`\x93\x92\xdb\x10\x7f\xd7\x02\x17\xa4.B\x9e\
/\xa7\x00\xb0\xc8a\x1bos\xd8\x86\x87\xf9m~\xbe\
\xd0\xe1wL\x02Nu\xd8NY\x03\xc0\x826\xaf\xf1\
\xe8\xef\xb6\x83-\xb5v\x9fm\x13\x9d\x02\xacYr\x1b\
_\xa7|\x008\x0e\xd8\xa5\xe46\xc4\xdf7P\x00\xc8\
RN\x97\x00f\xa7.\xc0\xd1\x13m~>\x07X\x1e\
\xa3\x90\x08\x9e\x06V\xb6yM\xbb\xf7\xa3J\xea\xd4\x17\
\x11i\xb0\x9c\x02\xc0]\xa9\x0bp2@\xfb\xbe\xac\x00\
\xee\x8fPK\x0c\x9d|n\x7f\x0f^E<u\xf9;\
\x15\x91\x86\xcb)\x00\x5c\x97\xba\x00'\xb7\xd3\xd9)\xef\
kC\x17\x12\xc95\x1d\xbc\xe6A\xe0\xe1\xd0\x85DR\
\x97\xcfMD\x1a.\xa7\x00p)\xf5\xb8\xc1\xeaR\xe7\
\xd7\xe5\xae\xd3~\xfc>h\x15q,\x05\xfe\x94\xba\x08\
\x11\x11\x0f9\x05\x80\x87\xa9\xc7\xce\xf5\x87\x1d\xbe\xeeB\
|n|L\xe9):\x0f\x00?\x0aYH$\xbfD\
7\x01\x8aHM\xe4\x14\x00\x00\xfe7u\x01%]\x0f\
\xdc\xd0\xe1k\xe7\x01\xe7\x06\xac%\x86o\x00\xcb:|\
\xedL\xe0\xee\x80\xb5\xc4P\xf5\xbfO\x11\x91\x7f\xca-\
\x00\xfc\x0c\xf8k\xea\x22J\xf8D\x97\xaf?\x93\xce\x07\
\xd0\xdc\xcc\x07\xfe\xa7\x8b\xd7\xaf\x04>\x1d\xa8\x96\x18\xae\
\xa2\x1e\x971DD\x80\xfc\x02@?\xf0n\xecN\xfa\
\xaa\xf9\x1dv\x8a\xb8\x1b\xf7\x01\x9f\x0fPK\x0c\x1f\xa7\
\xfbG7\xbf\x07\x5c\x1d\xa0\x96\xd0\xfa\x81\xf7\xa5.B\
D\xc4Sn\x01\x00\xe0\x8fT\xefT\xeb\x1c\xe0\x9d=\
\xfe\xdbO\x00\x7fq\xac%\x86+\x80/\xf6\xf0\xef\xfa\
\xb1\xc9\x9a\xaav\x1d\xfd?\xa9\xcfS*\x22\x22@\x9e\
\x01\x00\xe0\xfd\xd8)\xd7*X\x0e\x1c\x0d\xcc\xea\xf1\xdf\
/\x01\xde\x08<\xe9UP`\x0fb\xfd]\xd1\xe3\xbf\
\xbf\x1bx;\xd5y\xe2\xe3Wt\x7fiGD${\
\xb9\x06\x80%\xc0\xa1\xe4\x7fd\xbc\x02\x9b~\xf4w%\
\xb7s7\xf0j\xecLB\xce\x1e\x03^\x05<Rr\
;\xe7a\xf3\xb6\xe7~\xa9\xe7J\xe0(\xda\xcft(\
\x22R9\xb9\x06\x00\xb0)f\x0f \xdf\xe7\xe5\xe7\x01\
\x87\xd3\xf9c\x7f\xed\x5c\x0f\xec\x07<\xe0\xb4=ow\
\x02{\xe1w\x93\xe6W\x81\xb7`a/G\xe7\x03\x07\
\xe1\xb3\x8e\x81\x88Hvr\x0e\x00\x00\xcf`G\x9c\xa7\
\x93\xd7\xdd\xf2\xd7\x02\xbb\x01\x978o\xf76\xe0E\xd8\
\xe0\x93\x8b\x01\xe0\xdb\xc0\x8b\xb1\x9b\x16=\xfd\x10\xd8\x03\
\x9b=1\x17\x8b\xb0\xc5m\x8e\x04\x16'\xaeED$\
\xa8\x01\x87\xb6V\x84:\xb7\xc1\x06\xc6\x95N5\xf7\xd2\
f\x01\xffB\x9c\xe0t0pS\xc4\xbe\x8d\xd4\xae\x04\
\xf6\x09\xddQ`<p2\xf0h\xe4\xfe\x0dm\xcb\x81\
\xef\x03\xd3\x02\xf7\x15`\x0b\x87z\xcb\xae\x9c\xe7i\x0e\
\xe5\xfb\xb3\x85C\x1d7:\xd4\xa1\xe6\xdf\xce)\xfa\xd0\
\x1c\xdd\xe0P\xeb\x81\x91j\xcd\x86\xc7\x07\x1c#\x00\xb4\
l\x8b=?\x7f\x8fS\xed\xed\xda\x02\xe0\x17\xd8\x11\xe1\
\xf8\x08\xfd\x1b\xaa\x0fx9\xf6\xf8\xdc\x13=\xd4\xdeK\
{\x14\xfb\xc2\xbe4B\xff\x86\x9b\x04\xbc\x15\xf8\x0dv\
\xf4\x1d\xa3\xbfw`\x8f4n\x1e\xa1\x7f-\x0a\x00\xcf\
o\x0a\x00\xf5m\x0a\x00\x99\xea\xc3\xee\xc6\xee+\xb9\x9d\
\xa9\xa4\xb9\x8b\xfd\x05\xc0N\xc0V\xc0\x1a\xc0d\x87m\
\x0e\x00s\xb1\x1b\xdd\xee\x04n&\x8f\xa5{\xc7\x00\xdb\
\x0d\xb6M\x81\xd5\xf1\x09$\xcb\xb0K-\xb3\xb0\xc1\xf0\
N\x87mz\x98\x04\xec\x0c\xcc\x00\xd6\xc3/d.\xc2\
>\xdf\xbb\x80[\xb0\xc0\x13\xdbt\xca\xaf*\xf84\xb0\
\x8eC-\x1eN\x07V)\xb9\x8d3)\x1fjN\x02\
6)\xb9\x0d\xf1w-pA\x84\xdfs\x03\xb0k\xc9\
m\xbc\x82|\xef;s\xd7\x87\x1d\xe1N)\xb9\x9d\xed\
\xa9\xf6\x0c~\x221\xed\x8d\xcd\xa5P\xc6\x03X\x10\x14\
\x11S\xb5\x00\xb0\x11\xb6/x1vP\xb0\x15\xb0&\
\x16\xa6\xc7`\x8b\x8f\xcd\x05\xfe\x01\xdc\x8b\x1d\x8c^\x89\
\x8d\xb5\x03\x1e\x05\x8c\xc3\xeef/\x1b\x00\xb6E\x01@\
\xa4S3\x1c\xb6Q\xb5\xc9\x94D\xc4.u\xbd\x09\x9b\
\xfbe\x87\x0e^\xbf\x1e\xb05\x16LZ\x1e\xc7\xa6\xcd\
\xff\x09\xe5\x0f$\xb8\x99\xf2\xd7M\xbeS\xb6\x08\x91\x06\
\xb9\x98\xf2\xdf9\xadK \xf2\x5c9\xdf\x03\xb0\x0f\xb6\
\x02\xac\xf7M\xec\xb7`\xb3\xab\xf6|9\xf8<\x87\x22\
\x16\x13\xe7\xeei\x91\xaa\xdb\x01\x9b@\xaa\xecw\xee\xab\
\xb1\x0b\x17\xc9\x5c\x8e\x01`:>cl\xbbv\x17v\
\xa3zW\xc6\xe0s\xd3\xd7$ln\xf8\xb27\x13\x8a\
\xd4\xd9x\xe0l`\xac\xc3\xb6\xfe\xee\xb0\x0d\x11\x09c\
,p\x1a6\xc7I\xd7\x03s\x0fZA\xe3|\xba\xbc\
9\xf8 \xfcR\xc8gQ\x08\x10\x19\xc9X\xe0\x1b\xf8\
}\xd7\xca\xde\xec$R7\xb9\x9c\x01\xd8\x00\xb8\xdc\xa1\
\x96^\xdb\xc3\xd8\xac\xb2\x1d\x99\x82\xddm\xe8\xf5\xcb\xcf\
\xc3\x1e\x0b\x14\x11\xb3\x09\xf0k\xfc\xbecO\xe3s\x16\
A\xa4Nr\x08\x00\xdba\x8fT\xa7\x1a\xfc[m)\
plv7qh\x00\x00 \x00IDAT\xa7E\
\xff\xc6\xf9\x97?\x03\x9c\x85=\xe2P\xf6\x09\x03\x91*\
Z\x0d[\xcb\xe2\xcb\xd8\xdc\x03\x9e\xdf\xaf\x1fD\xec\x87\
HU\xa4\x0e\x00\xbb\xe33)\x96W\xeb\xc7fX\x1d\
U\xebt\xfd\x9b\x81sKt\xbc\x9d\x05\xe41\x99\x8e\
H\x0c\x13\x08\x1b|\x0f\xc6B\xbb\x88<ku\xca\x9f\
\x19\xebu\xac\xda\x15\x98I\xdcYq;1\x00\xfc?\
FyR\xaf\x15\x00V\x01\x1e\x22\xbf\xe2E\xe4\xb9\x1e\
\xc4\xa6-\xd6\x12\xc5\x22y\xd8\x03\x0b\xe4k\xa4.d\
\x14\xcb\x81\xfd\x81?\x0f\xffAkQ\x9bE\xd8\xdd\xc9\
\x22\x92\xb7\xb3\xd0\xe0/\x92\x8b]\x81_\x91\xef\xe0\x0f\
\xf6\xf4\xd1\x8f\x19\xe1\xe9\x80\xa1w\xec\xaf\x03\xdc\x8f]\
\xbb\x14\x91\xfc<\x86\xcd$\xa6e\x8aE\xd2\xcb\xfd\xc8\
\x7f\xb8\x1fb\x97\xfb\xffi\xe8\xf5\x92\xc5\xd8\xc20\x07\
\xc5\xacHD:v\x22\xb6\xe2\x9d\x88\xa4\xb5+\xf0[\
l\xee\xfe\xaa\xd8\x01\xf8#\xf6\x94\x02\xf0\xfcg\xf6\xc7\
a;\x98\x1d\xe3\xd5$\x22\x1d\xf8\x13v\x1do q\
\x1d\x22MW\xb5#\xff\xa1n\x01^\xc4\xe0~d\xcc\
\xb0\x1f\xae\xc0N\x11,\x8a\x5c\x94\x88\x8cn.p\x1c\
\x1a\xfcER\xab\xc25\xff\x22;\x01\xafi\xfd\x9f\x91\
\x1e\x99\x98\x8d\xad6th\xac\x8aDdT\x03\xc01\
\xc05\xa9\x0b\x11i\xb8=\xb0G\xfd\xaat\xda\x7f$\
\x9b0\xf8X`\xd1\xb4\xbd\x9f\x01N\x8dQ\x8d\x88\x8c\
\xea\x83\xd8\x9d\xff9{\x1b0\xb1\xe46~D\xf9%\
\x8e_\x87f!\xcd\xd1\xdfpX\xb66\xb1\x98\xa7\xfd\
\x17bg\xe1\xd7%\xdc\xd4\xfa\xd3\x81{\x8a^\xd0\x87\
\xef\xdc\xe5jjj\xdd\xb5\xcfR\x0d\x1e\xb3\x9fm\xe1\
P\xc7\x8d\x0eu\xa8\xf9\xb7s\x8a>\xb4\x0a\xd8\x03\xbb\
\x0c\x17\xf2=\xba\x14x#\xcf\x9d\x8bg\x1c\xb6\x8c\xf0\
\x97\xf0\x9fM\xf4\xa3\x9dt\xbc\x0f;\x13\x90\xfa\x0fH\
M\xadI\xad\x1f8\x83\xeaP\x00P+jU\x0e\x00\
\xa1\x07\xff\xd9\xc0+;\xa8c#,$x\xfd\xde\xeb\
\xe1\xf97\x01\x0e7\x80-ix\x22\xb6\xb8\x80\x88\x84\
\xb5\x00x\x0b\xd5\x0a\x00\x22u\x14\xfa\xb4\xff=\xc0\x8b\
\xb1\xc7\x09\xdby\x04\x0b\x0a?t\xfa\xdd;\x03\xab\xb7\
\x0b\x00-_\x05\xf6\x02\xeer\xfa\xe5\x22\xf2|7c\
;\x04\xaf/\xb9\x88\xf4&\xf4\xe0\x7f7\xf6X\xef?\
\xba\xf87+\x81\x7f\x01\xfe\xe2\xf0\xfb\xc7\x01\xbbw\x1a\
\x00\xc0N\xaf\xbd\x108\x05\xbbIAD|,\x04>\
\x8e\xad&vg\xe2ZD\x9a.\xf4\xa3~wc+\
\x85>\xdc\xc3\xbf]\x82\x8d\xc1\x1e\xb6\xe9&\x00\x80-\
*\xf0E`\x06vc\x82\xa6$\x15\xe9\xdd|\xe0L\
\xec\xfa\xf7\x19\xd8L\x9c\x22\x92\xce\x1e\xc0\xef\x09\xb70\
^\x99\xc1\xbf\xe5O\xd8\x84>em\xddm\x00hy\
\x10[gxS,\x8dhzR\x91\xce\x0c`\xabr\
\xbd\x0b\x98\x86\xddc3;iE\x22\x02qN\xfb\x97\
\x1d\xfc[~\xe5\xb0\x8d\xf5\xc6\x95\xdc\xc0\x13\xd8\x19\x81\
/b\x93\x0b\xbc\x0c{la;`\x1bFX}H\
\xa4afc\xa7\xf5\xff\x8a%\xf7\xcb\xb0E}D$\
\x1f9\x9f\xf6\x1f\x89\xc7\xfdx\xab\x96\x0d\x00C=\x04\
|o\xb0\xb5\x8c\x07V%\xdc\xe9\x94n\xed\xc5s\xeb\
\xeb\xc5\xed\xc0a\x0e\xb5H}\x0d`\x8f\x0e\xcd\xc7\xa6\
\xd7\x16\x91|\xc5\x98\xe4\xe73\xf8\x0d\xfe\x00\xf3\x1c\xb6\
1\xc93\x00\x8cd9\xf6\x8c\xf0\x9c\xc0\xbf\xa7S\x1e\
\xcf\x1a/\x05\xees\xd8\x8e\x88\x88\xa4\x15k\x86\xbf\xaf\
bS\xec_\xe2\xb4\xbd\xf5\x1c\xb6\xb1\xa8\xd7{\x00D\
DD\xaa,\xe6\xf4\xbe\x13\x81\xf3\x19\xb2\x10OI\xbb\
9lc\xbe\x02\x80\x88\x884M\x8a%}\xbdB\xc0\
\x04\x87m\x00<\xa4\x00 \x22\x22M\x92rI\xdf\x89\
\xc0\x05\x94[m\xf7\x9d\xc0\x06\x0e\xb5\xdc\xa5\x00 \x22\
\x22M\x11\xfa9\xffNL\x00\xce\xa3\xb7\xa3\xf8\xe9\xc0\
'\x9c\xea\xb8C\x01@DD\x9a \xc5i\xff\xd1\xf4\
r9`*\xf0\x0b`M\x87\xdf\xbf\x08\xb8Q\x01@\
DD\xea.\xa7\xc1\xbf\xa5\x9b\x100\x15\xf8\x036\x0b\
\xaf\x87\xab\x80\xe5\xa1\x1f\x03\x14\x91\xfa\xbb\x10\x9b\xef\xa3\
\x8c\x05\x0eu\xccD\x8f\xe8\xe6\xe8\x86\xc4\xbf?\xe55\
\xffvZ\xf7\x04\x1c\x09\x5c4\xcak\xa6b\x97-^\
\xe8\xf8{\x7f\xe6\xb8\xad\xca8\x90\xf2\xeb(\xa7\xfec\
\x16\x11\x91\xce\xec\x0a<M\xf9\xfd~\xe8\xb6\x94\x91o\
\x0c\x9c\x0a\xdc\xea\xfc\xbb\x96\xd1\xd0Yz\x15\x00DD\
\x9a\xa1*\x83\xffh! \xc4\xe0?\x00\xfc\xa0\xb7\xb7\
\xb3\xfa\x14\x00DD\xea\xafj\x83\xff\xf0\x10\x10j\xf0\
\x1f\x00^T\xe2}\xad4\x05\x00\x11\x91z\xdb\x03[\
\x8b#\xd4 }\x17p]\xc0\xed/\x19\xfc\x1d!\xb6\
}a\x89\xf7\xb5\xf2\x14\x00DD\xea+\xf4\x91\xff]\
\xc0\xc6\xd8\x0d\x85\xd7\x04\xfc=\xa1\x82\xc5\xf4\xde\xdf\xda\
\xeaS\x00\x10\x11\xa9\xa7\x18G\xfe\x1b\x0d\xf9}k\x00\
\xd7\x06\xfc}\xde\xedc\xbd\xbc\xa9u\xa2\x00 \x22R\
?\xb1\x8e\xfc\x87\xab\xca\x99\x80?\x01c\xbbzGk\
H\x01@D\xa4^b\x1f\xf9\x0f\xb7&y\x9f\x09x\
\x14\xd8d\xa4\xc25\x11\x90\xd4]\x1f\xf6\xe5\xdd\x1c\xd8\
\x0c{\xfeuh[\x03\xfb\x1e\x8c\xe1\xd9\x89B\x96\x01\
\x0b\x07\xff\xf7\x02\xe0\x19\xe0I\xe0)`6\xf6\x85\x9a\
\x05\xdc\x0f,\x0e\xdf\x05\x11\x19E\xe8I~\xee\x06\x0e\
\x00\x1e)x\xcd\x5c\xe0 \xe0\xb7\xc0\xee\x81\xea\xe8\xd5\
|l\xa6\xc1\x87F\xfa\xa1\x02\x80\xd4\xc5\x18`+`\
\xc7\xc1\xb6\x03\xb0=0\x0d\x9bm+\x94\xc7\x80{\x80\
\xdb\x80[\x06\xff{\x1b\xf6\xc5\x13\x91pbL\xef\xfb\
Q\xe0\xe1\x0e^\xf7\x0c\xf0*,\x04\xbc$`=\xdd\
X\x0c\xbc\x0e\xb8)u!\xb9\xd0%\x80\xfa\x98\x0c\xec\
\x0f\xfc\x07p\x090\x87\xf4\xa7\xdaZm\x05p3p\
6p\x0c\xf0\x820o\x81Hc\xc5z\xce\x7f!v\
\x06\xa0S\xb9\xdc\x13\xb0\x84\xdeV\x1b\xac5\x05\x80j\
\xdb\x028\x01[Js\x1e\xe9\xbfd\xdd\xb4{\x81\xaf\
\x03\x87\x00\x93\xbc\xdf\x18\x91\x06\x89=\xc9O\xd5B\x80\
\x06\xffQ(\x00T\xcf\xf6\xc0\xc7\x81\xbf\x91~\x10\xf7\
j\xf3\x81\x1f\x01\x87\xa30 \xd2\x8dT3\xfcU%\
\x04h\xf0/\xa0\x00P\x0d\x1b\x00\xa7\x01\xb7\x93~\xb0\
\x0e\xdd\x9e\x01\xbe\x07\xec\x87\xdd\xb0(\x22#K=\xbd\
o\xee!@\x83\x7f\x1b\x0a\x00\xf9\x1a\x03\xbc\x12[\xa6\
r\x19\xe9\x07\xe6\x14\xedN\xe0\x03\xd8<\xe0\x22\xf2\xac\
\xd4\x83\x7f\xab\xe5\x1a\x024\xf8w@\x01 ?\x13\x81\
c\x81;H\xff\xe5\xce\xa5-\xc5\xce\x0al_\xe2}\
\x15\xa9\x8b\xd0\xcf\xf9w\xdb\x16`g\xec:5\x1dX\
\x1e\xb0\x9eE\xd8c\x88\xd2\x86\x02@>\xd6\x02\xce\xc0\
\x9e\xabO\xfd\x85\xce\xb5\xf5\x03\xbf\x04\xf6\xee\xed-\x16\
\xa9\xbc\x5c\x8e\xfc\x87\xb7\x85\xc0\xcb:\xa8?\xe4\xaa~\
\x03\xe8\xc8\xbf+\x0a\x00\xe9\xad\x0a\x9cJ^\x8f\xedU\
\xa1]\x09\xec\xdb\xc3\xfb-RU\xb9\x0e\xfe\xad\xd6.\
\x04h\xf0\xcf\x8c\x02@:\x13\xb1\xeb\xdbO\x92\xfe\x8b\
[\xe5v\x11\xb0]\x97\xef\xbdH\xd5\xe4>\xf8\xb7\xda\
h!@\x83\x7f\x86\x14\x00\xd28\x04\x9b-/\xf5\x97\
\xb5.m96\xa7\x80n\x16\x94:\xaa\xca\xe0\xdfj\
\xc3C\x80\x06\xffL)\x00\xc45\x03\xf8=\xe9\xbf\xa0\
umO\x01\xef\xc6\x9e\xa0\x10\xa9\x83\xaa\x0d\xfe\xad\xd6\
\x0a\x01\x1a\xfc3\xa6\x00\x10\xc7x\xec:\xff\x12\xd2\x7f\
1\x9b\xd0\xfe\x8c\x9e\x18\x90\xea\x0b}\xb7\xff\xdd\xc0}\
\x01\xb7\xbf\x00\xf8{\xc0\xed\xebn\xff\x92\x14\x00\xc2{\
\x09a\x13\xb0\xda\xc8m\x09p:\x16\xbeD\xaa&\xf4\
\x91\xff\xfd\xd8j\xa0/\xa0\x9a\x97#u\xe4\xef@\x01\
 \x9c\xb1\xd8Q\x7fS'\xf1\xc9\xa5]\x0fl\xdd\xe6\
\xb3\x12\xc9I\xac\xc1\xbf\xa5j!@\x83\xbf\x13\x05\x80\
0\xa6\x01\x7f$\xfd\x17E\xcd\xda\x22\xe0\xe4\xc2OL\
$\x0f\xb1\x07\xff\x96\xaa\x84\x80\xa0\x83\xff\xb8P\x1b\x96\
\xc68\x0c\xf8.a\xd7\xe4\xf6\xb0\x18\x98\x85\xed\x10\x1e\
\x02\x9e\xc0n\xa2{j\xf0g\xfd\xd8\xbc\xfc\x00\x13\x80\
)\x83\xff{\x9d!m=`\xf3\xc1\xb6a\xa4\xba{\
1\x19\xf8\x02\xb0'\xf0v\xec\xda\xa4Hnv\x05f\
b\x93\x82\x850\x0b\x9b\xb6w\xd6\x08?{p\xf0g\
\x97\x01[\x06\xfa\xfde-\x05\x8e\xc0\x96;\x17\x07:\
\x03\xe0g\x0c\xf0\x9f\xd8\xc0\x99:%\x0fo\xb3\xb0\xd5\
\xf6N\x03^\x8d\xa5}o\x93\xb1\x1d\xd8q\xc0\xe7\x81\
?aG\xde\xa9\xfb>\xbc\xdd\x8e.\x09H~R\x1d\
\xf9\x0f\x97\xeb\x99\x00\x9d\xf6\x0f@\x01\xc0\xc7Z\xc0o\
H\xff%i\xb5\x07\x80s\x80\xa3\x80\x8d\x03\xf6\xbb\x9d\
\xf1\xd8\x9d\xcc\x1f\xc4\x1e\x7f\x5cJ\xfa\xf7f\x00\xbb\xb3\
\xfa\xd0\x80\xfd\x16\xe9F.\x83\x7fKn!@\x83\x7f\
 \x0a\x00\xe5m\x0e\xfc\x95\xf4_\x92[\x81\xff\x00^\
\x18\xb6\xbb\xa5\xac\x0a\xbc\x0e\xf8\x010\x8f\xb4\xef\xd7J\
\xe0\xbda\xbb+\xd2Vn\x83\x7fK.!@\x83\x7f\
@\x0a\x00\xe5\xbc\x04x\x8ct_\x8e\x87\xb1\xcb\x0e3\
Bw4\x80\xc9\xd8\xf5\xbc_\x02+H\xf7\x1e~\x19\
{bC$\xb6\x5c\x07\xff\x96\xd4!@\x83\x7f`\x0a\
\x00\xbd{\x0d6\xdbU\xec/E?\xf0k\xec\x14v\
]nZ\xdd\x04{f\xff\x11\xd2\xech~\x01L\x0a\
\xdeK\x91g\xe5>\xf8\xb7\xa4\x0a\x01\x1a\xfc#P\x00\
\xe8\xcd\xa1\xc4\x9f\xd5o)\xf0=\xf2>\xc5_\xd6\x04\
\xe0X\xd2L\x9ct9\xb0Z\xf0\x1e\x8aTg\xf0o\
\x89\x1d\x024\xf8G\xa2\x00\xd0\xbdc\xb0\xc5gb}\
\x19\x96a\x0b\xdd\xa4\xbc\x99/\x85\x03\x81\x9b\x88\x1b\x02\
\xae\x03\xd6\x8e\xd19i\xac\xaa\x0d\xfe-\xb1B\x80\x06\
\xff\x88\x14\x00\xbas\x1cv\xf3X\x8c\xc1h%\xf0\x1d\
`\xd3\x08\xfd\xca\xd5\x18\xe0M\x84\x9d\xaf|\xa4\x10\xb0\
z\x8c\xceI\xe3\xec\x81\xcd\xad\x11\xeao\xf7n\xecr\
Z(\xbb\x12\xf61g\xcd\xed\x1f\x99\x02@\xe7^O\
\xbc#\xffk\xb1Ik\xc4L\xc0f\xf2\x0b\xb9\xf3\x1c\
\xda\xfe\x8c=\xb1 \xe2\xa5\xaaG\xfe-S\x81[\x02\
\xd6\xaf#\xff\x04\x14\x00:s(q\xe6\xf4\x7f\x12\xbb\
\x06\xde\x17\xa7[\x95\xb3\x11p\x01qB\xc0\xef\x80\x89\
q\xba%5\xa7\xc1_\x83\x7f\x96\x14\x00\xda\xdb\x07\x9b\
\x1a7\xf4\x80\xf3clj]i\xef\x08\xe2<1\xf0\
3\xec2\x84H\xaf4\xf8k\xf0\xcf\x96\x02@\xb1-\
\x81\xd9\x84\x1dd\xe6\x02o\x8e\xd5\xa1\x1aY\x13\x9b\xde\
8t\x08\xf8\x5c\xac\x0eI\xedh\xf0\xd7\xe0\x9f5\x05\
\x80\xd1\xad\x8b\xddT\x13rp\xb9\x8c0\xf3\xf27I\
kq\x9f\x90\x9f\xd3\xbb\xa2\xf5F\xeaB\x83\xbf\x06\xff\
\xec)\x00\x8cl<p\x05\xe1\xfe\xf8\xfb\x813\xd1\x0c\
t^v\x00\xee\x22\xdc\xe7\xb5\x1cxE\xb4\xdeH\xd5\
i\xf0\xd7\xe0_\x09\x0a\x00#\xfb\x12\xe1\xfe\xf8\xe7\x03\
o\x88\xd7\x95\xc6X\x13\xb8\x88p\x9f\xdb\x134\xfb\x91\
L\xe9\x8c\x06\x7f\x0d\xfe\x95\xa1\x00\xf0|\xc7\x10\xee\x8f\
\xff\x11`\x97x]i\x9c>\xe0\x0c\xc2}~\x7f\x01\
V\x89\xd5\x19\xa9\x1c\x0d\xfe\x15\x1f\xfc\xeb2\xb7\xba\xf4\
\xe6\x85\xc07\x02m\xfbV\xec\x8f\xff\xa1@\xdb\xef\xc5\
\x0e\xc0GKn\xe3>\xe04\x87Z<\x0c`\x01\xe0\
\x09\xe0\x8b\xf8_b\xd9yp\xbb\xefp\xde\xaeT\xdf\
\xae\xc0Lli\xf0\x10f\x01\x07\x0c\xfe7\x84\xa9\xc0\
\xa5\xc0\x8e\x81\xb6\xbf\x14{z\xe7\x92@\xdb\x97\x1e\xe8\
\x0c\xc0\xb3&\x027\x13&\xf9\xe6:\xc5l\x9d?\xff\
\x90\xeb5\xbc1b?$\x7f:\xf2\xaf\xf8\x91\x7fS\
\xd5y\x00\xe8\xd6\x17\x08\xf3\xc7\x7f9\xf9.2S\xf7\
\xcf\xff`lzQ\xef\xcft\x0e0-b?$_\
\x1a\xfc5\xf8WV\xdd\x07\x80N\xbd\x920s\x5c\xff\
\x8e\xbc\x97\x99m\xc2\xe7\x7f a&r\xfa\x03\x9a$\
\xa8\xe94\xf8k\xf0\xaf\xb4&\x0c\x00\xed\xac\x06<\x80\
\xff\x1f\x7f\x15\xe6\x93o\xca\xe7\x7f\x10a.\x07\xbc;\
f'$+\x1a\xfc5\xf8W^S\x06\x80\x22g\xe3\
\xff\xc7\x7f=\xd5XQ\xaeI\x9f\xffQ\xf8\xaf\xe4\xf8\
\x0c\x9a\xc8\xa9\x894\xf8k\xf0\xaf\x85&\x0d\x00#\xd9\
\x03\xffA\xe1~`\x83\x98\x9d(\xa1i\x9f\xff\xfb\xf0\
\xdf\xd9\xe9\xae\xe6f\xd1\xe0\xaf\xc1\xbf6\x9a6\x00\x0c\
5\x0e\xb8\x1d\xdf?\xfe9\xc0v1;QR\x13?\
\xff\x10g|^\x1f\xb5\x07\x92\x8a\x06\x7f\x0d\xfe\xb5\xd2\
\xc4\x01\xa0\xe5$|\xff\xf8Wb7\x13VI\x13?\
\xff\xb1\xd8\xf3\xda\x9e\x9f\xfd}\xe4}\xb3\xa7\x94\xa7\xc1\
_\x83\x7f\xed4q\x00\x00\x9b\xac\xe3I|\xbf\x00\x1f\
\x8e\xda\x83\xf2&a\x8b\xdc\x94\xed\xf7]To\x8a\xdc\
\xb5\xb1A\xdb\xf3\xf3\xffP\xd4\x1eHL\x1a\xfc5\xf8\
\xd7RS\x03\x80\xf7\x5c\xff\xbf\xc0\xa6\xa1\xcd\xd9x`\
\x7fl\x11\xa2k\x81e\xf8\xbe\x07\x8f\x02\xe7\x03'\x00\
\x9b\xc4\xe9R)\xbb\xe1\xfbd\xc0<`\xc3\xa8=\x90\
\x184\xf8k\xf0\xaf\xad&\x06\x80M\xb1i)\xbd\xbe\
\x00\x0f\x03\xebD\xedA\xe7\xc6\x00\xfb\x01\xdf\xc4\xeeO\
\x08\xb5\x13\x18\xa9]\x8b]f\x99\x1a\xbc\x97\xbd{?\
\xbe}>;n\xf9\x12\x98\x06\x7f\x0d\xfe\xb5\xd6\xc4\x00\
\xf0-\xfc\xbe\x00\xfd\xd8ls\xb9\x99\x08\x1c\x0b\xdcA\
\xdcA\x7f\xa4\xb6\x148\x0f{\xe2\x227}\xc0\xaf\xf0\
\xeb\xeb2`\xf3\xa8=\x90P4\xf8k\xf0\xaf\xbd\xa6\
\x05\x80\xad\xb1\xb5\xdd\xbd\xbe\x04_\x88[~[\x93\xb0\
G\xdd\x9e \xfd\xc0?R\xbb\x04[P''\x1b\xe1\
{v\xe4\x9bq\xcb\x97\x004\xf8\x177\x0d\xfe5\xd1\
\xb4\x00\xf0}|\xbf\xc4S\xe2\x96_\xe8u\x84\x99\xd1\
\xd0\xbb\xad\x04\xbeK^\x97\x06\xde\x81_\xff\x96\x03[\
\xc6-_\x1ci\xf0/n\x1a\xfck\xa4I\x01`\x13\
|o|\xcb\xe5\x91\xbf\xf5\x81\x0bI?\xb0w\xdb\x9e\
\x04\xde\x1c\xe0\xfd\xe8E\x1f\xb6\x14\xaaW\xdft/@\
5i\xf0/n\x1a\xfck\xa6I\x01\xe0,\xfc\xbe\x08\
?\x8e\x5c\xfbh\x0e\x00\x1e!\xfd`^\xa6}\x8f<\
\xd6L\xd8\x16\xbf\x80\xb8\x90|o\x0c\x95\x91i\xf0/\
n\x1a\xfck\xa8)\x01`5`.>_\x84E\xe4\
\xf1\xdc\xfbI\xf8Oc\x9c\xaa\xddF\x1es\xea{.\
\x09\xfd\xd1\xc8\xb5K\xef\xf6\xc4\xd6u\x08\xf5\xf7}?\
\x1a\xfc%CM\x09\x00'\xe3\xf7e\xf8d\xe4\xdaG\
r&\xe9\x07m\xef\xf6\x000\xc3\xf3M\xea\xc1Z\xf8\
\xdd@\xf9(6\xf7\x82\xe4M\x83\x7fq\xd3\xe0_c\
M\x09\x00^s\xfe?\x81\x9dMH\xe9\xd3\xa4\x1f\xac\
C\xb5\xc7\xb0S\xf1)y.\x18\xa45\x02\xf2V\x87\
\xc1\xff\xd6\x80\xf5k\xf0\xaf\xb9&\x04\x80\xbd\xf0\xfbB\
| r\xed\xc3}\x10\xbf\xbe\xe4\xdaf\x01\xeb9\xbd\
_\xbd\x98\x04<\x84O_~\x1d\xb9v\xe9\x9c\x06\xff\
\xe2\xa6\xc1\xbf\x01\x9a\x10\x00\xbe\x83\xcf\x17\xe2Q`\x95\
\xb8\xa5?\xc7+\x80\x15#\xd4U\xc7v%0\xc1\xe7\
m\xeb\xc9{F\xa9\xab\xdb\xb6\x92<\xee\x17\x91\xe7\xd2\
\xe0_\xdc4\xf87D\xdd\x03\xc0\x14\xec\x8el\x8f/\
\xc5\xa9\x91k\x1fj=`\xf6(u\xd5\xb5\xa5\xbc\xd7\
b\x12\xf0\xf8(uu\xdbt3`^4\xf8\x177\
\x0d\xfe\x0dR\xf7\x00\xf0&|\xbe\x14\x0b\xb0\x15\xe4R\
9o\x94\xba\xea\xdc\x96\x03/\xf2x\xf3z\xf4\xb1Q\
\xea\xea\xb6\xfd-v\xe12*\x0d\xfe\xc5M\x83\x7f\xc3\
\xd4=\x00\x5c\x80\xcf\x17\xe3\x8b\xb1\x0b\x1fb\x9f\x82\xba\
\xea\xde\xaepx\xffz\xb5.~g\x8f\xb6\x8f\x5c\xbb\
<\x9f\x06\xff\xe2\xa6\xc1\xbf\x81\xea\x1c\x00V\xc3\x9e\xd9\
\xf7\xf8r\xa4|<\xed\xca\x82\xbaB\xb7e\x84\xddi\
v\xd2R.\xb6\xe4\xb5p\xd4'b\x17.\xcf\xa1\xc1\
\xbf\xb8i\xf0o\xa8:\x07\x80\xa3\xf0\xf9r\x5c\x1e\xb9\
\xee\xa1\xf6\x18\xa5&\xcf\xb6\x10\xbb[\xfd3\xc0\xd1\xd8\
\xd1\xea\x06<\xf7\x86\xc7>\xec\x19\xf9\xcd\xb0\xe5\x85O\
\xc6\x06\xc7\x18\xab\x0d^\xda\xfb\xdbW\xda\x9e\x05uu\
\xd3n\x8f]\xb8\xfc\x93\x06\xff\xe2\xa6\xc1\xbf\xc1\xea\x1c\
\x00\xbe\x8d\xcf\x17\xe4\x98\xd8\x85\x0f\xe1\xb9t\xf1\xd0\xb6\
\x148\x17[@\xa8\xec\x93\x0d[\x03\xa7\xe17\xd7\xc2\
\xf0\xd6\x0fL/Yc\x19^\xfd\x9a\x16\xbbp\xd1\xe0\
\xdf\xa6i\xf0o\xb8\xba\x06\x80>|\xe6\xc8\x9f\x07L\
\x8e\x5c{\xcb8|\x97\xa9\x1d\xc0.\x89|\x01[\x18\
\xc9[\x1fp8p\xbds\xcd\x03X\xc0H\xe5\xdf\x0b\
\xea\xea\xa6\x9d\x10\xbb\xf0\x86\xd3\xe0_\xdc4\xf8Km\
\x03\xc0\xce\xf8|I\xce\x8d]\xf8\x10{\x17\xd4\xd5K\
\xbb\x1a\xd8&B\xdd}\xd8`7\xdf\xb1\xf6\xcb#\xd4\
=\x9ai\xd8Y\x88\xb2}8?v\xe1\x0d\xa6\xc1\xbf\
\xb8i\xf0\x17\xa0\xbe\x01\xe0\x03\xf8|Q\x0e\x8d]\xf8\
\x10^G\x9e\x03\xc0\x97\x80\xb1q\xcbg;\xe0a\x87\
\xda\x07\x80\xc5\xc4\xaf\x7f\xa8kF\xa9\xab\x9b6\x17\x18\
\x13\xbb\xf0\x06\xd2\xe0\xaf\xc1_:T\xd7\x00\xf0s\xca\
\xf7k\x0101v\xe1C|g\x84\x9azigc\
G\xe5)L\xc7oB\x9d\xad#\xd7>\x94W\x18\xdb\
)v\xe1\x0d\xa3\xc1_\x83\xbft\xa1\x8e\x01\xa0\x0f\x9f\
A\xe7\xa2\xd8\x85\x0f\xf3'\xca\xf7\xe1o\xa4\x0d1\xe0\
7\x19\xd3\xabb\x17>\xc4\x8e\x05uu\xd3\xde\x1d\xbb\
\xf0\x06\xd1\xe0\xaf\xc1_\xbaT\xc7\x00\xb05>_\x98\
w\xc5.|\x98\x9b\xa9~\x1fZ\x1e\xa0|_\x8e\x8e\
^\xf5sy\xf4\xe1\x07\xd1\xabn\x06\x0d\xfe\x1a\xfc]\
\x8cK]\x80\x94\xb6\xbb\xd3v~\xe7\xb4\x9d^y<\
}p\xa7\xc36<|\x00\xd8\xbc\xe46\xfe\xeaQH\
\x09\x97\x02\xc7\x97\xdc\xc6\x9e\x1e\x85\xc8s\xec\x09\xfc\x06\
X=\xd0\xf6g\x01\x07\x0c\xfe7\x84\xa9\xc0\xef\x81\x1d\
\x02m\x7f)p\x04pI\xa0\xedK\x85\xd5\xf1\x0c\xc0\
Y\x94\xef\xd3\xc3\xd1\xab~\xbe\x1b(\xdf\x8f\x93\xa3W\
]_\xc7S\xfe\xf3\xe8'\xdc@\xd5D:\xf2\xd7\x91\
\xbf\x94P\xc7\x00\xf0;\xca\xf7\xe9\xa7\xd1\xab~\xbeK\
)\xdf\x8f\x7f\x00\xab\xc6.\xbc\xa6\xbc.-\xed\x15\xbb\
\xf0\x9a\xd2\xe0\xaf\xc1\xdf\x9d\x1e\xd3\xa9>\x8fSiW\
;l\xa3\xac\x07\x1d\xb61\x0d\xf8_\xd2>BW\x17\
w\x03O8l'\xd4\xa9\xde&\xd1i\xffb:\xed\
/\x1d\xa9\xdb\x19\x80u\xf1I\xcf\xfbG\xae{$\xef\
\xc1\xefh\xe0\x5cl\x8d{)\xe7\xb7\x94\xff,\xce\x8e\
^u\xbd\xe8\xc8_G\xfe\xe2\xa4n\x01`w|\xbe\
D\xeb\xc4.|\x04\xde\x0b\x01\xdd\x01\xec\x16\xb5\x07\xf5\
\xf39\xca\x7f\x0e\xbf\x8e^u}h\xf0\xd7\xe0/\x8e\
\xea\x16\x00\xdeH\xf9\xfex\x9cz\xf70\x16x\x14\xdf\
\x1d\xc4r\xe0\xfbh}\xfa^\x1dK\xf9\xcf \x97'\
3\xaaF\x83\xbf\x06\x7fqV\xb7\x00p*\xe5\xfb3\
3z\xd5\xa3;\x9b0;\x8b\x95\xd8\xe9\xecw`;\
&\xe9\xccK(\xff\xde/F\xf7\x1auK\x83\x7f\xfb\
\xc1\xff\xb5\x01\xeb\x97\x9a\xaa[\x00\xf8*\xe5\xfb\xf3\x8d\
\xe8U\x8fn\x17\xc2\xed4Zm\x05\xb6\x82\xdf9\xc0\
\x89\xc0\xbe\xd8\x19\x82\x8d\xd1\x13\x04\xc3M\xc5\xe7=\xdf\
(v\xe1\x15\xa6\xc1_\x83\x7f4\x9a\x08\xa8\xda6t\
\xd8\xc6\xfd\x0e\xdb\xf0r\x13v\xb7s\xc8ip\xc7b\
\xf7\x06\x14\xdd\x1f0\x1f\x0b\x0a\xcf\x00Ob\xf3$<\
\x80\xbdW7\x0f\xb69\x01k\xcc\xc5\x13\xd8\x1a\x11e\
\x83\xd1\x86\xd8r\xd5RLw\xfb\x17[\x0a\xbc\x01\xf8\
e\xa0\xedK\xcd\xd5\xed\x0c\xc0\x1f)\xdf\x9f\xb7D\xaf\
\xba\xd8K\xf1Y\x8e6t\xbb\x17;{\xf2F\xeci\
\x8c\xba\xba\x9d\xf2\xef\xd5A\xd1\xab\xae\x1e\x1d\xf9\x177\
\x1d\xf9Kiu\x0b\x00\x7f\xa5|\x7f^\x11\xbd\xea\xf6\
\xbeI\xfa\x01\xbe\x9b\xb6\x12\xb8\x128\x81\xfa\xcd|w\
\x19\xe5\xdf\x9fc\xa2W]-\x1a\xfc\x8b\x9b\x06\x7fq\
Q\xb7\x00\xe0\xb1\x0a\xe0.\xd1\xabnom\xfc\x9f\x08\
\x88\xd5\x16\x02_\x01\xb6r\x7fW\xd2\xf8\x19\xe5\xdf\x93\
\x7f\x8b^uuh\xf0/n\x1a\xfc\xc5M\xdd\x02\xc0\
\x22\xca\xf7g\xb3\xd8Ewh\x1f`\x19\xe9\x07\xf4^\
\xdbJ\xe0<`\xba\xf7\x1b\x13\xd9\xd7(\xff^|4\
z\xd5\xd5\xa0\xc1\xbf\xb8i\xf0\x0fL\x8f\xe7T\xdbD\
\x87m\xccs\xd8F\x08W\x00\xa7\xa4.\xa2\x841\xc0\
\x91\xd8\x84D_\x00\xd6L[N\xcf\x168l\xc3\xe3\
\xef\xb4nt\xc3_1\xdd\xf0'\xee\xeat\x06`\x1c\
>);\xf7G\xdf\xce \xfd\xd1\xbcG{\x148\xc4\
\xf7\xad\x89\xe2S\x94\xef\xfb\xe7\xa2W\x9d7\x1d\xf9\x17\
7\x1d\xf9K\x10u\x0a\x00S\xf0\xf9\xb2M\x88]x\
\x0f\xce \xfd\x00\xee\xd1\xfa\x81/\x03\xe3]\xdf\x9d\xb0\
>F\xf9~\x7f)z\xd5\xf9\xd2\xe0_\xdc4\xf8G\
\xa4y\x00\xaa\xcb\xeb\xb3[\xe1\xb4\x9d\x90\xce\x00\x1e\xc2\
n\xae\xabB`\x19M\x1f\xb6\xe8\xd1\xce\xd8\xeae\xb3\
\xd3\x96\xd3\x91e\x0e\xdb\xa8\xf2g\xe6I\xa7\xfd\x8b\x95\
=\xed\xff6`\x83\x925\xfc\x84p\xef\x9f$\xa63\
\x00\xcfoU:\x1a\xdd\x07\x9bP&\xf5\x91\xbcG\xbb\
\x1b\xd8\xc4\xf7\xed\x09Bg\x00|\xe8\xc8\xbf\xb8y\x1c\
\xf9\xdf\xe0P\xc7\x81%k\xa8\x14\xdd\x04X]\x1eG\
fP\xad\x1b\xb4\xae\x00\xb6\xc3\xa6\xf1\xad\xba\xad\xb0g\
\xec7N]H\x1b\x1e\x7f\x1fK\x1d\xb6Qe:\xf2\
/\xa6\x1b\xfe\x12Q\x00\xa8\xae\xe5\xd85\xe5\xb2\xaav\
zv.\xf0N\xe0u\xc0=\x89k)k+l1\
\xa6\x9c'\x0f\xf2\x08\x00^a\xb5\x8a4\xf8\x17\xd3\xe0\
\x9f\x90\x02@\xb5y\xecXWs\xd8F\x0a\x17b\x8b\
\xf8\xbc\x97j\x5cK\x1f\xcd\x0cl\xc9\xe2\x5c\xbf\x8b\x1e\
\x7f\x1fM=\x03\xa0\xc1\xbf\x98\x06\xff\xc4r\xdd\xe9H\
g<\x9e\xe1_\xc7a\x1b\xa9,\xc3\x9e\xb1\xdf\x14;\
+P\xd5\xb5\xe7\x0f\x05\xde\x9f\xba\x88Qx\xacs\xf0\
\x8c\xc36\xaaF\x83\x7f1\x0d\xfe\x19P\x00\xa8\xb6\xa7\
\x1c\xb6Q\xe5\x00\xd0\xb2\x04\xbb/`\x06\xb6\xca\xdf\x97\
\xb0\x95\xec\xaa\xe4\xe3\xc0\x96\xa9\x8b\x18\x81G\x00\xf0\xf8\
;\xad\x12\x0d\xfe\xc54\xf8gB\x01\xa0\xda\x9et\xd8\
\xc6T\x87m\xe4\xe4F\xe0d\xec\x0e\xfb\x97\x01\xff\x05\
\x5c\x8fM\xcd\x9b\xb3\xc9\xd8\x1c\x01\xb9\xf1\xf8\xfbx\xda\
a\x1bU\xa1\xc1\xbf\x98\x06\xff\x8ch\x1e\x80j\xf38\
\xb2\x9a\xe6\xb0\x8d\x1c-\xc3\xee\xb2\xbf\x0c\xf806\xc0\
\xee\x00\xbc\x08\xbbw`\x1av\x07\xfe&\xd8\xcez\x95\
4e>\xc7\xc1\xc0\xee\xc0\xb5\xa9\x0b\x19\xc2\xe3\xef\xa3\
jgcz\xa5\xc1\xbf\x98\x06\xff\xcc(\x00T\xdb\xe3\
\x0e\xdb\xd8\xdca\x1bU\xb0\x18\xb8n\xb0\x8df\x95\xc1\
\xb6:\xb0\x16\xb0\x06v\x7f\xc1\xce\xc0NXx\x08}\
\xc7\xfe\x87\x81\xc3\x02\xff\x8eN\xad\x8f\xcd7QV\x95\
o\xd2\xec\x94\x06\xffb\x1a\xfc3\xa4\x00Pm\xb3\x1c\
\xb6\xd1\x94\x00\xd0\x89E\x83m\xb4K+\x13\xb0\xcb\x0a\
\xaf\x1fl!\xee\x9fx\x0d\xb0!\xb6v@j\x1e\x7f\
\x1b+\x80\x87\x1d\xb6\x93\xb3\xd0\x83\xff?\xd0\xe0/\x01\
\xe8\x1e\x80j\xfb\x87\xc36\xb6u\xd8FS,\xc3v\
\xf4'`g\x06N\xc1\xa6(\xf64\x16\x9b&8\x07\
3\x1c\xb6\xf1 \xd5\x98n\xbaW1\x06\xff\xfd\xd1\xe0\
/\x01(\x00T\xdb\xfd\x0e\xdbx\x01v\xba[\xba\xb3\
\x10\xf8\x22\xb0\xf5\xe0\x7f=&ej9\xd4q[e\
x\x0c\x0a\x1e\x7f\xa3\xb9\xd2\xe0_L\x83\x7f\xe6\x14\x00\
\xaa\xed>\xa7\xed\x84\xda\x014\xc1b\xecL\xc0+\x81\
\xf9N\xdb\xdc\x0d[8(5\x05\x80\xd1i\xf0/\xa6\
\xc1\xbf\x02\x14\x00\xaam6>7X\xed\xec\xb0\x8d\xa6\
\xbb\x14x\x15\xb0\xc0a[k\x91\xfe\xde\x8c>|\xfe\
.nw\xd8Fn4\xf8\x17\xd3\xe0_\x11\x0a\x00\xd5\
w\xab\xc36\xf6r\xd8\x86\xc0\x9f\x81\x8f8mk3\
\xa7\xed\xf4j\x1b|&\x01\xf2\xf8\xfb\xcc\x89\x06\xffb\
\x1a\xfc+D\x01\xa0\xfa<v\xb0{;lC\xcc\xd9\
\xf8\x9c\x95I}_\x86\xd7\xdf\xc4mN\xdb\xc9\x81\x06\
\xffb\x1a\xfc+F\x8f\x01V\x9f\xc7\x0ev#\xec\x88\
s\x96\xc3\xb6z\xf5F\xec\xb9\xfb2.&\xfd\xe3s\
+\x81\x9b\x81\x83Jn\xa7\xec{Q\x96\xc7Y\xa1G\
\xa9\xcf$@\x1a\xfc\x8bi\xf0\x97\xec\x1d\x08\x0c\x94l\
7D\xaf\xba\xd8\xb6\x94\xef\xd3\x00\xf0\x8e\xd8\x85\x0fs\
\x0b\xe5\xfbpB\xf4\xaaGv\x1f\xe5\xfb\xf2\xa6\xe8U\
?\xab\x0f{v\xbfl\x1f\xce\x8f]x {b\x0b\
\x1ay|\xcfFj\xb3\x08{\xc9g*v\xa60T\
\xfdK\x80\xd7\x06\xac\xbfS7P\xbe/\x07F\xaf:\
!]\x02\xa8\xbe\xbf\xe3s\x94u\xb0\xc36\xca\xf0X\
\xd9\xf0D`\xbc\xc3v\xca8\x1c\x9f\x1b\xf8\xe6:l\
\xa3W;bg\x85\xca\xba\xcaa\x1b\xa9\xe9\xc8\xbf\x98\
\x8e\xfc+L\x01\xa0\xfa\x06\x80k\x1c\xb6s 6\xd3\
]*\xf7;lcG\xe0\x93\x0e\xdb\xe9\xd54\xec\x1e\
\x00\x0f\xb3\x9c\xb6\xd3\x0b\xaf0\xf8g\xa7\xed\xa4\xa2\xc1\
\xbf\x98\x06\x7f\xa9\x94:^\x02\x008\x15\x9fSy\xaf\
\x8e]\xf8\x10\xa7\x15\xd4\xd5m\xfb\x14\xf1\x9f\xa3\xdf\x02\
\x9fS\xff\x03\xd8\x8e5\xe5\x99\x8c\xebF\xa9\xab\x9b\xb6\
\x88\xb4\x81\xb2,\x9d\xf6/n\xb9\x9c\xf6\x1fJ\x97\x00\
\xa4P]\x03\xc0n\xf8|\xa9\xbf\x13\xb9\xee\xa1\xf6\x1f\
\xa1\x9e2m&6\xcba\x0cGbK\xdez\xd5\x9e\
\xf2\xd4\xf9\x16\xd8\xac\x86e\xfb\xf0\x9b\xd8\x85;\xd2\xe0\
_\xdcr\x1c\xfcA\x01@\xda\xa8k\x00\x18\x83\xad\x0c\
X\xb6o\xcf\x00\x93\x22\xd7\xde2\x1e\xff\x9d\xee\x5c\xe0\
\x13\x84Y\xb4\x07la\xa0?8\xd7<\x00|4P\
\xbd\x9d\xf8pA]\xdd\xb4Sb\x17\xeeD\x83\x7fq\
\xcbu\xf0\x07\x05\x00i\xa3\xae\x01\x00\xe0\xfb\xf8|\xc1\
\x8f\x8c]\xf8\x10^}\x18\xde\xe6\x03\xff\x0b\xbc\x9c\xf2\
\x8f\xben\x04\xbc\x1b\xbb\xef\x22\xd4Nv\xbb\x925\x96\
qGA]\xdd\xb4mb\x17\xee@\x83\x7fq\xcby\
\xf0\x07\x05\x00i\xa3\xce\x01\xe0\x18|\xbe\xe4\xbf\x8b]\
\xf8\x10\xfb\x14\xd4\xe5\xd5\x9e\x04~\x82\xddsp0\xb0\
\x090y\x94z\xd6\x02^\x04\x1c\x07\xfc\x0fp5\xf6\
\x9c\x7f\xc8\xfa\xae\xe8\xfa]\xf3\xb3WA]\xdd4\xaf\
5*b\xd2\xe0_\xdcr\x1f\xfcA\x01@\xda\xa8s\
\x00X\x13\xfb\x92\x96\xed_?\xb0e\xe4\xda\x87\xf2\xb8\
\x01\xad\x97\xb6\x14\xbb\x8c2\x0b\xbbt\x90\xa2\x86\x01\xe0\
\xf5\xa5\xdf\xc1\xde}g\x94\x9a\xbam\x9f\x8f\x5cwY\
/&\xec\xe0\x7f\x0fa\xefG\x09=\xf8/\xc6\x16\xbb\
\xca\x9d\x02\x80\x14\xaas\x00\x00\xb8\x08\x9f/\xfcgc\
\x17>\x84\xc7gT\xd5v\x1d\xe9V\x01\x9c\x8a\xdd\xb9\
\xef\xd1\x8f\xdd#\xd7^\xc6\x86\xc0#\x84\xfbL5\xf8\
\xc7\xa3\x00 \x85\xea\x1e\x00\xde\x82\xcf\x97\xfe\x19\xd2N\
E{\xe1(u\xd5\xb9\xad\xc4NC\xa7r\xc6\x085\
\xf5\xd2\xee#\x8f\xa5\x8c;\x15\xea\xbe\x93\x01t\xda?\
6\x05\x00)T\xf7\x00\xb0:\x96\xd8=\xbe\xfc\xef\x8d\
\x5c\xfbP\x1b\x02O\x8dRW][\xca\xd3\xe6\x93\xb1\
\x05\x8c<\xfaqf\xe4\xda\xcb\x98\x81\xcf#\x8f#5\
\x1d\xf9\xc7\xa7\x00 \x85\xea\x1e\x00\x00~\x80\xcf\x0e\xe0\
A\xd2=\x12\x08p(\xe1o\xb8\xcb\xa5\xdd\x04\xac\xe2\
\xf3\xb6\xf5\xe4\xdfF\xa9\xab\x97\xb6}\xe4\xda\xcb\xf8\x16\
a>\xcfY\xe8\xc8?\x05\x05\x00)\xd4\x84\x00p\x00\
~;\x82\x93\x22\xd7>\xdcG\xf1\xebK\xae\xedQ\xec\
I\x84T&\xe3\xb3\xf0\xcf\x00\xd5\x9a\xfb\x7fc\xec\xc6\
O\xef\xcfs\x16\x1a\xfcSQ\x00\x90BM\x08\x00}\
\xd8\x02A^\x83S\xca#S\x80\xcf\x11ng\x97\xba\
\xcd\x01v\xf1{\xabz\xf2A\xfc\xfas|\xe4\xda\xcb\
\xf8,\xfe\x9f\xe7,4\xf8\xa7\xa4\x00 \x85\x9a\x10\x00\
\xc0w\xa7\xfe\x1f\x91k\x1f\xae\x0f[`'\xd4N/\
U{\x02\x9b\xc29\xa5\xb5\xf1\xbb\xd7b.0%n\
\xf9=[\x1d\x0b_\x9e\x9f\xe7,4\xf8\xa7\xa6\x00 \
\x85\x9a\x12\x00\xd6\xc2f\xbf\xf3\xd81,$\xde\x9c\xfa\
EN\xa6>\xf7\x04\xdcC\x1e3\xe5y\x06\xab\x94\x8f\
\x8ev\xeb\xdf\xf1\xfd<g\xa1\xc1?\x07\x0a\x00R\xa8\
)\x01\x00\xe0K\xf8\xed \xbe\x1b\xb9\xf6\xd1\xbc\x16;\
r\x0e\xb5#\x8c\xd1~\x8e\x05\xb4\xd4\xb6\x07\x96\xe3\xd3\
\xa7e\xe4\x11\x12;1\x1ex\x00\xbf\xcfs\x16\x1a\xfc\
s\xa1\x00 \x85\x9a\x14\x006\xc7o\x07\xdf\x8f\xcd\xa3\
\x9f\x83M\xb0\xe9\x8aC\xed\x10C\xb5\xf9\xc0{\xc8\xe3\
\x19\xf9>l\x9dx\xaf\xbe}/n\xf9\xa5\xfc?\xfc\
\xfa=\x0b\x0d\xfe9Q\x00\x90BM\x0a\x00`s\xde\
{\xed,\xfe\xce\xe8s\xe6\xa7\xf0\x16\xe01\xc2\xed\x1c\
=\xdb/\x80ia\xde\x86\x9e\xbc\x13\xbf\xbe\xf5\x03;\
\xc5-\xbfg}\xf8-v\xf48z\xce?7\x0a\x00\
R\xa8i\x01`{|\xaf\x9b\xffW\xdc\xf2\xdb\x9a\x02\
\x9c\x8a\xff\x0d]^\xedZ\xec\xb1\xcc\x9cl\x8c\xefZ\
\x07?\x8b[~)\x87\xe2\xd7\xef\x907\xc7\x86\x1e\xfc\
\x97R\xaf#\xff\x16\x05\x00)\xd4\xb4\x00\x00~\x13\x03\
\x0d`ab\xff\xa8\xd5wfu\xec&\xc1Y\x84\xdb\
iv\xda\xfa\x81\x99\xc0!\xe4q\xba\x7f\xa81\xc0\xa5\
\xf8\xfe=\xec\x18\xb5\x07\xe5\x5c\x81O\xbf\x17\x00\xeb\x04\
\xaaQ\x83\x7f\xef\x14\x00\xa4P\x13\x03\xc0t\xfc\xee\x05\
\x18\xc0n\xa0\xca\xe1&\xb6\x91\x8c\x03^\x03\xfc\x18\xbf\
\x85m:mw\x01\x1f\x03\xb6\x08\xde\xcb\xdey>\x1e\
:\x00\xfc0n\xf9\xa5\xbc\x04\xbf~\xffw\xa0\x1a5\
\xf8\x97\xa3\x00 \x85\x9a\x18\x00\x00\xce\xc1wG\xf2\xe3\
\xb8\xe5\xf7d\x0av\xca\xf7k\xf8M\x8c4\xb4\xcd\xc7\
\x8e\xa6?\x08\xbc0R\x9f\xcax\x09\xbe3\xdf-\xc5\
\xc2eU\xfc\x1c\x9f~/\x036\x0dP\x9f\x06\xff\xf2\
\x14\x00\xa4PS\x03\xc0z\xf8\xafq\x7fJ\xd4\x1e\x94\
\xb7\x0e>\xcf\x7f\xdf\x0b\xec\x8c\x9dm\xa8\x8au\x80\xfb\
\xf1\xfd\xfc\xab\xf4\xdc\xff6\xf8\xdd\x0b\x13\xe2\x89\x07\x0d\
\xfe>\x14\x00\xa4PS\x03\x00\xc0\x07\xf0\xdd\xa9,\x07\
\xf6\x8d\xda\x83\xf2\x9a\xf8\xf9\x8f\xc5\xf7\xba\xff\x00\xf6\xf4\
E\xca\xe5\xa2\xbb\xf5\x0d\xfc\xfa\xbe\xb3sm\x1a\xfc\xfd\
(\x00H\xa1&\x0e\x00-\x13\xb0\xeb\xd4\x9e;\x97\xd9\
\xc0\x961;QR\x13?\xff\xaf\xe0?\xa8\xbc=j\
\x0f\xcaY\x1f\xbf%\xb2\x7f\xe5\x5c\x9b\x06\x7f_\x0a\x00\
R\xa8\x89\x03\xc0P\xfb\xe3\xbf\xfe\xf9=\xd8\x8e\xac\x0a\
\x9a\xf6\xf9\xbf\x1f\xffA\xe5j\xeci\x82\xaa\xf84~\
}\xf7|\xa4S\x83\xbf?\x05\x00)\xd4\xb4\x01`$\
\xff\x87\xff\xce\xe6\x0a\xd2\xaf\x1a\xd8\x89&}\xfeG\xe1\
\xbfv\xc2\x12`\xdb\x98\x9d(i5\xfc\xe6\x88\xb8\xde\
\xb1.\x0d\xfea(\x00t\xa9JI^|\xbc\x0fx\
\xc4y\x9b{c\xb3\xddMr\xde\xae\xf4\xe6 \xecf\
5\xef\xef\xf7\xa7\x80;\x9d\xb7\x19\xd2\x09\xc0\x9aN\xdb\
\xfa\x9c\xd3v\xa6b\xd30\xef\xe0\xb4\xbd\xe1\x96\x01G\
\x00\xbf\x0c\xb4}\x91\xcaj\xd2\x11`\x91\xc3\x09s\xe4\
\xf1sl\xb1\x95\x5c5\xe1\xf3\x7f\x19~\xd7\xbc\x87\xb6\
\x9b\xb0\xfbH\xaab<\xf0\x0f|\xfa~\x1f>O}\
\xe8\xc8?,\x9d\x01\xe8\x92\xce\x004\xd3\x85\xd8\x9d\xd1\
\xde\x0e\xc7B\x80\xce\x04\xa4q0v\xe4\xe7\xfd\xfe/\
\x01\x8e\xc5\x8e.\xab\xe2M\xf8\xad\xbfp\x16\xb0\xa2\xe4\
6\xb6'\xec\x91\xff\x12\xe00t\xe4/2\xaa&\x1c\
\x01vj\x15\xe0o\x849\x12\xb9\x0cX5^W:\
V\xe7\xcf\xffP\xc2\x1c\xf9\x0f`\x8b\x07UI\x1fp\
3>}\x7f\x12\x9bT\xaaW{\x03\x17\xe3\x7f\xf3\xed\
\xd0\xd6\xf4#\xff\x16\x9d\x01\xe8R\x95&3\x11_\x8b\
\xb0\x15\xf5\xae\x02&:o{\x7fl>\xfc\xc3\xb0G\
\x05s\xf14\xf6L|\x19w{\x14\xe2\xec]\xc0\x97\
\xb1g\xfe\xbd]\x08|=\xc0vCz5~+\x14\
~\x09X\xd8\xe5\xbf\x19\x83MI}\x1a\xf0R\xa7:\
F\xa3k\xfe\x22\x1d\xaa\xf3\x11`\xaf\xdeA\xb8#\x93\
\xfb\x80\x19\xf1\xba\xd28}\xc0\x19\x84\xfb\xfc\xee\xa2Z\
\x13\xfe\xb4\x5c\x8eO\xff\x17\x02\xebv\xf1{'`\x97\
J\xfe\xea\xf4\xfbu\xe4\xdf\x1d\x9d\x01\x90B\x0a\x00#\
\xfb&\xe1vRO\x01\xaf\x8a\xd7\x95\xc6X\x03;:\
\x0f\xf5\xb9-\xa0\x1ak\x1c\x0c\xf7b\xfc\xde\x83/v\
\xf8;[\xabQ>\xe4\xf8\xbb5\xf8wO\x01@\x0a\
)\x00\x8cl\x12p\x1d\xe1vV+\x81\x8f\x90\xdf\xf2\
\xb8U\xb5=a\x168j\xb5~\xe0\xe8h\xbd\xf1\xf5\
3|\xde\x83\x15\xb4\x9f\xe5r\x03\xec\x0c\x8c\xd7\x5c\x03\
\x1a\xfc\xcbQ\x00\x90B\x0a\x00\xa3\xdb\x08\xbf\xc7\xa6F\
k\xbf\xc4\x16&\x92\xde\x1d\x8f\xadD\x18\xf2s:#\
Vg\x9cm\x81\x0d\xdc\x1e\xef\xc1\x0f\x0a~\xcf\x0e\xd8\
}\x11K\x9c~\x97\x06\x7f\x1f\x0a\x00RH\x01\xa0\xd8\
v\x84?\x9ay\x1c\xed\xc0z\xb1\x066(\x85\x1e`\
~Du\xcf\xd4\xfc/~\xef\xc3.#l?\xc6\x1d\
\xfd\x1a\xfc{\xa7\x00 \x85\x14\x00\xda;\x08\xbb\xb38\
\xe4\x8e\xac\x1f;\x82\xaa\xe2\x0df)\x1cF\x9c\xeb\xcb\
\x7f\xa0Z\x93\xfd\x0c\xb5\x1e\xf6d\x8b\xc7\xfb\xf0\xdb!\
\xdb\x1d\x03\x1c\x82\xad\x81\x90b\xd0\xd7\xe0\xdf9W\xf0\
\x0a\xc5\x00\x00\x06bIDAT\x05\x00)\xa4\x00\xd0\
\x99\xa3\xf1;\x95Z\xd4\x1e\x06^\x17\xa9OU\xb4!\
\xf0S\xe2\x0c0\xd7S\xed@\xf6I\xfc\xde\x8b\x03\xb1\
Gc\x8f%\xdc\x5c\x19\xdd4\x0d\xfe\x9dQ\x00\x90B\
\x0a\x00\x9d{\x1b\xfe\x8b\xc9\x8c\xd6.%\xdc\x0ciU\
4\x1e\xbb\xab|.q\xde\xff\xdb\x80u\xa2\xf4,\x8c\
)\xd8\xd3&\x1e\xef\xc5\xfd\xc0G\xb1KU1\x07\xf9\
\xd1\xdab\xf4\x14M\xa7\x14\x00\xa4\x90\x02@wN\x22\
\xde\x8en96\xe9J\x93o\x12\xec\x03\xde\x80M6\
\x14\xeb}\xbf\x0b;\xd3Pe\xa7\x90~\xa0\x0e\xd1t\
\xe4\xdf\x1d\x05\x00)\xa4\x00\xd0\xbd\x7f%\xde\x99\x80\x01\
l\xf2\x95/\x02\xeb\xc7\xe8\x5cF\x0e\xc4g\x07\xd6M\
\xfb\x1b\xb0q\x8c\xce\x054\x0e\x98E\xfa\xc1\xda\xbbi\
\xf0\xef\x9e\x02\x80\x14R\x00\xe8\xcdq\xc4\xb9'`h\
\x9b\x07\xfc\x0f\xb0i\xf8\xee%3\x0e8\x06[i/\
\xf6\x00s#\xb6:]\xd5\x1dC\xfa\xc1\xda\xbb-B\
\xa7\xfd{\xa1\x00 \x85\x14\x00zw\x14vT\x12{\
g\xb8\x1c{4m?\xaa\xfbx\xdap\xeb\x03\xa7\x12\
~\xde\x85\xd1\xda\x95\xc0\x9a\xc1{\x19^\x1f\xf0\x17\xd2\
\x0f\xd8\x9e\xed~`7\xcf7\xa9A\x14\x00\xa4\x90\x02\
@9\xfbc\x0b\xea\xa4\xda9\xfe\x1d\xf8w`\x93\xc0\
\xfd\x0ca\x02vJ\xf7|\xc2?fY\xd4\xce\xa3>\
\xcb5\x1fD\xfa\x01\xdb\xab=\x0e|\x08\x98\xec\xfa\x0e\
5\x8b\x02\x80\x14R\x00(o\x06\xb6\xc8O\xca\x9d\xe5\
J\xec(\xf6$\xf2\xbeD0\x098\x18\xf8\x16i\x83\
S\xab\x9d\x89=\xd7^\x17\x97\x92\xfe=-\xdb\xee\xc5\
\x9e\xf8X\xc5\xf9\xbdi\x22\x05\x00)\xa4\x00\xe0c}\
\xe0\x0a\xd2\xef<[\xed\x0e\xe0\xf3\xd8`\x9b\xf2Y\xf6\
1\xc0\x8eX0\xb9\x04\xbb\xa11\xf5{3\x80MY\
\xfb\xf6\x80\xfdNa'\xd2\xcd\xc8\xe7\xd1n\xc2\xe6\x19\
\xd0\x92\xec~\x14\x00\xa4\x90\x02\x80\x9f\xf1\xd8\xdd\xfa\xa9\
w\xa4\xc3\xdbJ\xe0Vl\xa6\xc1wa\xd3\xb7\x86\x08\
\x05\xe3\xb0\xb3!G\x01\xff\x09\xfc\x1ax&\x83\xfe\x0f\
o\x0f\x00/\x09\xd0\xff\xd4~L\xfa\xf7\xb6\x97v%\
6\xb3\xa0\xf8S\x00\xe8\x92\xd2\xa7\xf4j9v\xea\xf2\
:\xe0\x1c\xf29\x859\x06\x9bTh\xf8\xc4B\x8fc\
7X\xcd\xc2\xa6\xd5\x9d\x8dM\x1e\xf3\x14v\xa4\x0e\xb6\
\x0e\x02\xd8u\xd8I\xc0Xl=\xf8u\x06\xff\xbb>\
\xb0\xf9`\x9bF\xfe\xd3\xe6\xfe\x01\x9b\xd5\xf1\x89\xd4\x85\
8\xdb\x1c8\x22u\x11]X\x8e-\xdd\xfcYt\x00\
!\x92\x8c\xce\x00\x84\xb1-\xf6XY\xea\xa3+5k\
\xcb\xb1\x15\xfd\xc6\x16|fUv6\xe9\xdf\xe3N\xda\
|\xec,\xd9\xb40o\x83\x0c\xa33\x00RH\x01 \
\x9c\xf1\xd8\xa0\x13s\xd2 \xb5\xe7\xb7\xfb\x81\xbd\x8a?\
\xaaJ[\x07X@\xfa\xf7\xb9\xa8=\x8e}\x17\xd6\x0e\
\xf3\x16\xc8(\x14\x00\xbaT\xa7;\x82%\xad\xd6Q\xe7\
\x81\xd8\x9d\xcd\x12W?\xb6\x1c\xee\x8e\xc0U\x89k\x09\
\xe9$l\xee\xff\x1c\xdd\x8bMK\xbc\x19\xf6]x:\
e1\x22\xf2\x5c:\x03\x10\xc7dl\x07\x98\xf2y\xf7\
&\xb5\xbb\x81\x03:\xf9`*n\x15\xec~\x86\xd4\xef\
\xf7H\xfb\x84c\xa9\xef%\x97\xaa\xd0\x19\x00)\xa4\x00\
\x10\xd7.\xc05\xa4\xdfA\xd7\xb5-\x02N\xc7\x96\xae\
m\x82\x13I\xff\x9e\xb7Z?p\x11\xf6\x94\x89\xe4A\
\x01@\x0a)\x00\xc4\xd7\x07\x1cI=\x17lI\xd9.\
\xc6N57\xc9\xcd\xa4\x7f\xdf\x97\x02\xdf\x03\xb6\x0f\xdc\
W\xe9\x9e\x02\x80\x14R\x00Hg\x0a\xf0ql\x91\x9f\
\xd4;\xf1*\xb7\xabi\xe6Q\xe7\xc6\xa4}\xdf\xe7a\
w\xf4Wq\x1a\xea\xa6P\x00\x90B\x0a\x00\xe9\xad\x83\
\xdd\x1f\xa0 \xd0]\xbb\x15;\x93R\x97\x05\x91\xba\xf5\
r\xd2\xbc\xef\x0f\x01\x1f\x04V\x0f\xdfE)I\x01@\
\x0a)\x00\xe4c\x03\xe0,\xf2\x9c=/\xa7v\x0dp\
\x18\xcd\x1d\xf8[\x0e!\xee\xfb~\x07p<\xf9O\xf6\
$\xcfR\x00\x90B\x0a\x00\xf9Y\x0d\x9bQ0\xd5\xd2\
\xb89\xb6\x95\xd85~\xed\x8c\x9e\xb5;q\xde\xfb?\
aa\xa3\xe9\x81\xab\x8a\x14\x00\xa4\x90\x02@\xbe\xc6c\
\xf3\xea\xff\x8e\xe6N&\xf4\x186]\xec\xf4\x92\xefe\
\x1d\xad\x82-j\x14\xe2}o\x05\xae\x97F\xeb\x8d\x84\
\xa0\x00 \x85\x14\x00\xaaasl\x81\x9d\xfbI?(\
\x87n\xcb\xb0\x95\x03\x8f\xc0B\x90\x8c\xee\x02|\xdf\xfb\
%\xd8:\x16[\xc7\xec\x84\x04\xa3\x00 \x85\x14\x00\xaa\
g{\xec\xa6\xc1{H?X{\xb5\x15\xd8\xaap'\
\x03\xeb\xb9\xbdS\xf5\xf7b|\xce\x0e=\x0d|\x1a\xbb\
\x0fE\xeaC\x01@\x0a)\x00T\xdb\xf6\xc0\xa9\xc0L\
\xaa7\xcb\xe0l\xe0<\xe0\x044\xf0\x94q&\xbd\x7f\
\x06\x0f\x00\xef\xc3\xee;\x91\xfaQ\x00\x90B\x0a\x00\xf5\
\xb1\x16v\xb3\xd6\x99\xd8\xd1t\xa8\xeb\xc3\xbd\xb6\x07\x81\
\x1f\x01\xef\x01vB7\x95y\x19\x03|\x9b\xee>\x8b\
[\xb1\xa9zu\x89\xa5\xde\x14\x00\xba4.u\x01\x22\
=\x9a\x83\xdd\xb8u\xf1\xe0\xff\x9f\x08\xec\x80\x0d\xb6;\
\x0c\xb6\xed\x81\xf5\x03\xd7\xb1\x14\xbb<q;p\x0bp\
\xdb\xe0\x7f\x1f\x0c\xfc{\x9b\xaa\x1f{<\xefZ\xec4\
\xfeZ\x05\xaf\xbd\x0c\xf8\x1c\xf0\x1bl\xe7.\x22C(\
\x00H],\xc5\x8e\x00\x86\x9f\xa1\x99\x8c\xddT\xb89\
\xb0)\xb0.6\x19Q\xab\xad\x06L\x1a|mk0\
Y\x02,\x1e\xfc\xdfs\xb0\xe5g\x9f\x1alO\x00\x8f\
bS\x1b\xdf?\xf8\xbf5\xb8\xc4\xf75\xe0\x5c\xe0h\
\xe0\x15\xc0\x96\xd8\x11\xfe\x13X8\xf81\x16\xc6DD\
\x00]\x02\x10\x11\xa9+]\x02\xe8\xd2\x98\xd4\x05\x88\x88\
\x88H|\x0a\x00\x22\x22\x22\x0d\xa4\x00 \x22\x22\xd2@\
\x0a\x00\x22\x22\x22\x0d\xa4\x00 \x22\x22\xd2@\x0a\x00\x22\
\x22\x22\x0d\xa4\x00 \x22\x22\xd2@\x0a\x00\x22\x22\x22\x0d\
\xa4\x00 \x22\x22\xd2@\x0a\x00\x22\x22\x22\x0d\xa4\x00 \
\x22\x22\xd2@\x0a\x00\x22\x22\x22\x0d\xa4\x00 \x22\x22\xd2\
@\x0a\x00\x22\x22\x22\x0d\xa4\x00 \x22\x22\xd2@\xe3R\
\x17PA\xe3\x80\xb5R\x17!\x22\x22\xcf\xa1\xf1\xacK\
z\xc3\xba\xb7\x13\xf0t\xea\x22DDD\xca\xd0%\x00\
\x11\x11\x91\x06R\x00\x10\x11\x11i \x05\x00\x11\x11\x91\
\x06R\x00\x10\x11\x11i \x05\x00\x11\x11\x91\x06R\x00\
\x10\x11\x11i \x05\x00\x11\x11\x91\x06R\x00\x10\x11\x11\
i \x05\x00\x11\x11\x91\x06R\x00\x10\x11\x11i \x05\
\x00\x11\x11\x91\x06R\x00\x10\x11\x11i \x05\x00\x11\x11\
\x91\x06R\x00\x10\x11\x11i \x05\x00\x11\x11\x91\x06R\
\x00\x10\x11\x11i\xa0\xff\x0f\x9c\x94\xef\x1f\x09XP;\
\x00\x00\x00\x00IEND\xaeB`\x82\
"

qt_resource_name = b"\
\x00\x05\
\x00o\xa6S\
\x00i\
\x00c\x00o\x00n\x00s\
\x00\x04\
\x00\x075\xdf\
\x00l\
\x00o\x00g\x00o\
\x00\x0f\
\x0d\xed^\xa7\
\x00d\
\x00o\x00m\x00i\x00n\x00o\x00_\x00l\x00o\x00g\x00o\x00.\x00p\x00n\x00g\
\x00\x0e\
\x0f\x07\xc5\xe7\
\x00a\
\x00c\x00c\x00o\x00u\x00n\x00t\x00i\x00n\x00g\x00.\x00p\x00n\x00g\
"

qt_resource_struct = b"\
\x00\x00\x00\x00\x00\x02\x00\x00\x00\x02\x00\x00\x00\x01\
\x00\x00\x00\x00\x00\x00\x00\x00\
\x00\x00\x00\x10\x00\x02\x00\x00\x00\x01\x00\x00\x00\x04\
\x00\x00\x00\x00\x00\x00\x00\x00\
\x00\x00\x00\x00\x00\x02\x00\x00\x00\x01\x00\x00\x00\x03\
\x00\x00\x00\x00\x00\x00\x00\x00\
\x00\x00\x00B\x00\x00\x00\x00\x00\x01\x00\x00\xda;\
\x00\x00\x01\x88\xed9\xfe\xb0\
\x00\x00\x00\x1e\x00\x00\x00\x00\x00\x01\x00\x00\x00\x00\
\x00\x00\x01\x8e\x05\xa2\xf6\x84\
"

def qInitResources():
    QtCore.qRegisterResourceData(0x03, qt_resource_struct, qt_resource_name, qt_resource_data)

def qCleanupResources():
    QtCore.qUnregisterResourceData(0x03, qt_resource_struct, qt_resource_name, qt_resource_data)

qInitResources()
